{"level":"debug","message":"GET /api/v1/admin/account","service":"iap-service","timestamp":"2026-05-15 21:02:24"}
{"level":"debug","message":"GET /api/v1/admin/moderation/pending-verifications?limit=1","service":"iap-service","timestamp":"2026-05-15 21:02:26"}
{"level":"debug","message":"GET /api/v1/admin/giveaway/campaigns?page=1&limit=10","service":"iap-service","timestamp":"2026-05-15 21:02:41"}
{"level":"debug","message":"GET /api/v1/admin/account","service":"iap-service","timestamp":"2026-05-15 21:02:41"}
{"level":"debug","message":"GET /api/v1/admin/profile-review/reported?limit=1","service":"iap-service","timestamp":"2026-05-15 21:02:41"}
{"level":"debug","message":"GET /api/v1/admin/moderation/pending-verifications?limit=1","service":"iap-service","timestamp":"2026-05-15 21:02:41"}
{"level":"debug","message":"GET /api/v1/contact/alltickets?limit=1","service":"iap-service","timestamp":"2026-05-15 21:02:41"}
{"level":"debug","message":"GET /api/v1/admin/giveaway/campaigns?page=1&limit=10","service":"iap-service","timestamp":"2026-05-15 21:02:41"}
{"level":"debug","message":"GET /api/v1/contact/alltickets?limit=1","service":"iap-service","timestamp":"2026-05-15 21:02:41"}
{"level":"debug","message":"GET /api/v1/admin/profile-review/reported?limit=1","service":"iap-service","timestamp":"2026-05-15 21:02:41"}
{"level":"debug","message":"GET /api/v1/admin/account","service":"iap-service","timestamp":"2026-05-15 21:02:41"}
{"level":"debug","message":"GET /api/v1/content/terms-conditions","service":"iap-service","timestamp":"2026-05-15 21:02:42"}
{"level":"debug","message":"GET /api/v1/content/terms-conditions","service":"iap-service","timestamp":"2026-05-15 21:02:42"}
{"level":"debug","message":"GET /api/v1/admin/moderation/pending-verifications?limit=1","service":"iap-service","timestamp":"2026-05-15 21:02:43"}
{"level":"debug","message":"GET /api/v1/content/privacy-policy","service":"iap-service","timestamp":"2026-05-15 21:03:01"}
{"level":"debug","message":"GET /api/v1/content/privacy-policy","service":"iap-service","timestamp":"2026-05-15 21:03:01"}
{"level":"debug","message":"GET /api/v1/admin/giveaway/prizes?page=1&limit=10","service":"iap-service","timestamp":"2026-05-15 21:03:05"}
{"level":"debug","message":"GET /api/v1/admin/notification/notifications/history?page=1&limit=10","service":"iap-service","timestamp":"2026-05-15 21:03:09"}
{"level":"info","message":"[CRON] Subscription cron jobs initialized (v3 - Grace Period & Billing Retry Support)","service":"iap-service","timestamp":"2026-05-16 10:48:57"}
{"level":"info","message":"🧪 [DEV] Dev tools routes registered at /api/v1/dev/*","service":"iap-service","timestamp":"2026-05-16 10:48:59"}
{"level":"info","message":"[CRON] Subscription cron jobs initialized (v3 - Grace Period & Billing Retry Support)","service":"iap-service","timestamp":"2026-05-16 11:08:11"}
{"level":"info","message":"🧪 [DEV] Dev tools routes registered at /api/v1/dev/*","service":"iap-service","timestamp":"2026-05-16 11:08:12"}
{"level":"info","message":"[CRON] Subscription cron jobs initialized (v3 - Grace Period & Billing Retry Support)","service":"iap-service","timestamp":"2026-05-16 11:08:26"}
{"level":"info","message":"🧪 [DEV] Dev tools routes registered at /api/v1/dev/*","service":"iap-service","timestamp":"2026-05-16 11:08:27"}
{"level":"info","message":"[CRON] Subscription cron jobs initialized (v3 - Grace Period & Billing Retry Support)","service":"iap-service","timestamp":"2026-05-16 11:08:35"}
{"level":"info","message":"🧪 [DEV] Dev tools routes registered at /api/v1/dev/*","service":"iap-service","timestamp":"2026-05-16 11:08:35"}
{"level":"info","message":"[CRON] Subscription cron jobs initialized (v3 - Grace Period & Billing Retry Support)","service":"iap-service","timestamp":"2026-05-16 11:08:38"}
{"level":"info","message":"🧪 [DEV] Dev tools routes registered at /api/v1/dev/*","service":"iap-service","timestamp":"2026-05-16 11:08:38"}
{"level":"info","message":"[CRON] Subscription cron jobs initialized (v3 - Grace Period & Billing Retry Support)","service":"iap-service","timestamp":"2026-05-16 11:14:16"}
{"level":"info","message":"🧪 [DEV] Dev tools routes registered at /api/v1/dev/*","service":"iap-service","timestamp":"2026-05-16 11:14:17"}
{"level":"info","message":"[CRON] Subscription cron jobs initialized (v3 - Grace Period & Billing Retry Support)","service":"iap-service","timestamp":"2026-05-16 11:14:18"}
{"level":"info","message":"🧪 [DEV] Dev tools routes registered at /api/v1/dev/*","service":"iap-service","timestamp":"2026-05-16 11:14:19"}
{"level":"info","message":"[CRON] Subscription cron jobs initialized (v3 - Grace Period & Billing Retry Support)","service":"iap-service","timestamp":"2026-05-16 11:14:20"}
{"level":"info","message":"🧪 [DEV] Dev tools routes registered at /api/v1/dev/*","service":"iap-service","timestamp":"2026-05-16 11:14:21"}
{"level":"info","message":"[CRON] Subscription cron jobs initialized (v3 - Grace Period & Billing Retry Support)","service":"iap-service","timestamp":"2026-05-16 11:23:11"}
{"level":"info","message":"🧪 [DEV] Dev tools routes registered at /api/v1/dev/*","service":"iap-service","timestamp":"2026-05-16 11:23:12"}
{"level":"info","message":"[CRON] Subscription cron jobs initialized (v3 - Grace Period & Billing Retry Support)","service":"iap-service","timestamp":"2026-05-16 11:24:13"}
{"level":"info","message":"🧪 [DEV] Dev tools routes registered at /api/v1/dev/*","service":"iap-service","timestamp":"2026-05-16 11:24:14"}
{"level":"info","message":"[CRON] Subscription cron jobs initialized (v3 - Grace Period & Billing Retry Support)","service":"iap-service","timestamp":"2026-05-16 11:26:31"}
{"level":"info","message":"🧪 [DEV] Dev tools routes registered at /api/v1/dev/*","service":"iap-service","timestamp":"2026-05-16 11:26:32"}
{"level":"info","message":"[CRON] Subscription cron jobs initialized (v3 - Grace Period & Billing Retry Support)","service":"iap-service","timestamp":"2026-05-16 11:37:36"}
{"level":"info","message":"🧪 [DEV] Dev tools routes registered at /api/v1/dev/*","service":"iap-service","timestamp":"2026-05-16 11:37:37"}
{"level":"info","message":"[CRON] Subscription cron jobs initialized (v3 - Grace Period & Billing Retry Support)","service":"iap-service","timestamp":"2026-05-16 11:37:50"}
{"level":"info","message":"🧪 [DEV] Dev tools routes registered at /api/v1/dev/*","service":"iap-service","timestamp":"2026-05-16 11:37:51"}
{"level":"info","message":"[CRON] Subscription cron jobs initialized (v3 - Grace Period & Billing Retry Support)","service":"iap-service","timestamp":"2026-05-16 11:39:04"}
{"level":"info","message":"🧪 [DEV] Dev tools routes registered at /api/v1/dev/*","service":"iap-service","timestamp":"2026-05-16 11:39:05"}
{"level":"info","message":"[CRON] Subscription cron jobs initialized (v3 - Grace Period & Billing Retry Support)","service":"iap-service","timestamp":"2026-05-16 11:43:04"}
{"level":"info","message":"🧪 [DEV] Dev tools routes registered at /api/v1/dev/*","service":"iap-service","timestamp":"2026-05-16 11:43:06"}
{"level":"info","message":"[CRON] Subscription cron jobs initialized (v3 - Grace Period & Billing Retry Support)","service":"iap-service","timestamp":"2026-05-16 11:43:11"}
{"level":"info","message":"🧪 [DEV] Dev tools routes registered at /api/v1/dev/*","service":"iap-service","timestamp":"2026-05-16 11:43:12"}
{"level":"info","message":"[CRON] Subscription cron jobs initialized (v3 - Grace Period & Billing Retry Support)","service":"iap-service","timestamp":"2026-05-16 11:43:17"}
{"level":"info","message":"🧪 [DEV] Dev tools routes registered at /api/v1/dev/*","service":"iap-service","timestamp":"2026-05-16 11:43:18"}
{"level":"info","message":"[CRON] Subscription cron jobs initialized (v3 - Grace Period & Billing Retry Support)","service":"iap-service","timestamp":"2026-05-16 11:49:14"}
{"level":"info","message":"🧪 [DEV] Dev tools routes registered at /api/v1/dev/*","service":"iap-service","timestamp":"2026-05-16 11:49:16"}
{"level":"info","message":"[CRON] Subscription cron jobs initialized (v3 - Grace Period & Billing Retry Support)","service":"iap-service","timestamp":"2026-05-16 11:49:49"}
{"level":"info","message":"🧪 [DEV] Dev tools routes registered at /api/v1/dev/*","service":"iap-service","timestamp":"2026-05-16 11:49:51"}
{"level":"info","message":"[CRON] Subscription cron jobs initialized (v3 - Grace Period & Billing Retry Support)","service":"iap-service","timestamp":"2026-05-16 12:05:21"}
{"level":"info","message":"🧪 [DEV] Dev tools routes registered at /api/v1/dev/*","service":"iap-service","timestamp":"2026-05-16 12:05:22"}
{"level":"info","message":"[CRON] Subscription cron jobs initialized (v3 - Grace Period & Billing Retry Support)","service":"iap-service","timestamp":"2026-05-16 13:18:40"}
{"level":"info","message":"🧪 [DEV] Dev tools routes registered at /api/v1/dev/*","service":"iap-service","timestamp":"2026-05-16 13:18:41"}
{"level":"info","message":"[CRON] Subscription cron jobs initialized (v3 - Grace Period & Billing Retry Support)","service":"iap-service","timestamp":"2026-05-16 17:45:08"}
{"level":"info","message":"🧪 [DEV] Dev tools routes registered at /api/v1/dev/*","service":"iap-service","timestamp":"2026-05-16 17:45:10"}
{"level":"info","message":"[CRON] Subscription cron jobs initialized (v3 - Grace Period & Billing Retry Support)","service":"iap-service","timestamp":"2026-05-16 17:45:20"}
{"level":"info","message":"🧪 [DEV] Dev tools routes registered at /api/v1/dev/*","service":"iap-service","timestamp":"2026-05-16 17:45:21"}
{"level":"info","message":"[CRON] Subscription cron jobs initialized (v3 - Grace Period & Billing Retry Support)","service":"iap-service","timestamp":"2026-05-16 17:46:30"}
{"level":"info","message":"🧪 [DEV] Dev tools routes registered at /api/v1/dev/*","service":"iap-service","timestamp":"2026-05-16 17:46:31"}
{"level":"info","message":"[CRON] Subscription cron jobs initialized (v3 - Grace Period & Billing Retry Support)","service":"iap-service","timestamp":"2026-05-16 17:48:32"}
{"level":"info","message":"🧪 [DEV] Dev tools routes registered at /api/v1/dev/*","service":"iap-service","timestamp":"2026-05-16 17:48:33"}
{"level":"debug","message":"GET /api/v1/admin/giveaway/campaigns?page=1&limit=10","service":"iap-service","timestamp":"2026-05-16 17:49:29"}
{"level":"debug","message":"GET /api/v1/admin/account","service":"iap-service","timestamp":"2026-05-16 17:49:29"}
{"level":"debug","message":"GET /api/v1/admin/profile-review/reported?limit=1","service":"iap-service","timestamp":"2026-05-16 17:49:29"}
{"level":"debug","message":"GET /api/v1/admin/moderation/pending-verifications?limit=1","service":"iap-service","timestamp":"2026-05-16 17:49:29"}
{"level":"debug","message":"GET /api/v1/contact/alltickets?limit=1","service":"iap-service","timestamp":"2026-05-16 17:49:29"}
{"level":"debug","message":"GET /api/v1/admin/giveaway/campaigns?page=1&limit=10","service":"iap-service","timestamp":"2026-05-16 17:49:29"}
{"level":"debug","message":"GET /api/v1/admin/profile-review/reported?limit=1","service":"iap-service","timestamp":"2026-05-16 17:49:29"}
{"level":"debug","message":"GET /api/v1/contact/alltickets?limit=1","service":"iap-service","timestamp":"2026-05-16 17:49:29"}
{"level":"debug","message":"GET /api/v1/admin/account","service":"iap-service","timestamp":"2026-05-16 17:49:29"}
{"level":"debug","message":"GET /api/v1/admin/giveaway/campaigns?page=1&limit=10","service":"iap-service","timestamp":"2026-05-16 17:49:30"}
{"level":"debug","message":"GET /api/v1/admin/account","service":"iap-service","timestamp":"2026-05-16 17:49:30"}
{"level":"debug","message":"GET /api/v1/admin/profile-review/reported?limit=1","service":"iap-service","timestamp":"2026-05-16 17:49:30"}
{"level":"debug","message":"GET /api/v1/contact/alltickets?limit=1","service":"iap-service","timestamp":"2026-05-16 17:49:30"}
{"level":"debug","message":"GET /api/v1/admin/giveaway/campaigns?page=1&limit=10","service":"iap-service","timestamp":"2026-05-16 17:49:30"}
{"level":"debug","message":"GET /api/v1/contact/alltickets?limit=1","service":"iap-service","timestamp":"2026-05-16 17:49:30"}
{"level":"debug","message":"GET /api/v1/admin/profile-review/reported?limit=1","service":"iap-service","timestamp":"2026-05-16 17:49:30"}
{"level":"debug","message":"GET /api/v1/admin/account","service":"iap-service","timestamp":"2026-05-16 17:49:30"}
{"level":"debug","message":"GET /api/v1/admin/moderation/pending-verifications?limit=1","service":"iap-service","timestamp":"2026-05-16 17:49:30"}
{"level":"debug","message":"GET /api/v1/admin/users?page=1&limit=10&gender=","service":"iap-service","timestamp":"2026-05-16 17:49:31"}
{"level":"debug","message":"GET /api/v1/admin/users?page=1&limit=10","service":"iap-service","timestamp":"2026-05-16 17:49:32"}
{"level":"debug","message":"GET /api/v1/admin/dashboard/stats/kpi","service":"iap-service","timestamp":"2026-05-16 17:49:32"}
{"level":"debug","message":"GET /api/v1/admin/dashboard-v2/advanced-metrics?preset=today","service":"iap-service","timestamp":"2026-05-16 17:49:32"}
{"level":"debug","message":"GET /api/v1/admin/dashboard/stats/kpi?preset=today","service":"iap-service","timestamp":"2026-05-16 17:49:32"}
{"level":"debug","message":"GET /api/v1/admin/users?page=1&limit=10","service":"iap-service","timestamp":"2026-05-16 17:49:32"}
{"level":"debug","message":"GET /api/v1/admin/dashboard/stats/kpi","service":"iap-service","timestamp":"2026-05-16 17:49:32"}
{"level":"debug","message":"GET /api/v1/admin/dashboard/stats/kpi?preset=today","service":"iap-service","timestamp":"2026-05-16 17:49:32"}
{"level":"debug","message":"GET /api/v1/admin/dashboard-v2/advanced-metrics?preset=today","service":"iap-service","timestamp":"2026-05-16 17:49:32"}
{"level":"debug","message":"GET /api/v1/admin/dashboard/stats/kpi","service":"iap-service","timestamp":"2026-05-16 17:49:32"}
{"level":"debug","message":"GET /api/v1/admin/dashboard-v2/advanced-metrics?preset=today","service":"iap-service","timestamp":"2026-05-16 17:49:32"}
{"level":"debug","message":"GET /api/v1/admin/dashboard/stats/kpi?preset=today","service":"iap-service","timestamp":"2026-05-16 17:49:32"}
{"level":"debug","message":"GET /api/v1/admin/moderation/pending-verifications?limit=1","service":"iap-service","timestamp":"2026-05-16 17:49:32"}
{"level":"debug","message":"GET /api/v1/admin/dashboard/stats/kpi","service":"iap-service","timestamp":"2026-05-16 17:49:33"}
{"level":"debug","message":"GET /api/v1/admin/dashboard/stats/kpi?preset=today","service":"iap-service","timestamp":"2026-05-16 17:49:33"}
{"level":"debug","message":"GET /api/v1/admin/dashboard-v2/advanced-metrics?preset=today","service":"iap-service","timestamp":"2026-05-16 17:49:33"}
{"level":"debug","message":"GET /api/v1/admin/dashboard/stats/kpi","service":"iap-service","timestamp":"2026-05-16 17:49:33"}
{"level":"debug","message":"GET /api/v1/admin/dashboard/stats/kpi","service":"iap-service","timestamp":"2026-05-16 17:49:33"}
{"level":"debug","message":"GET /api/v1/admin/dashboard/stats/kpi","service":"iap-service","timestamp":"2026-05-16 17:49:34"}
{"level":"debug","message":"GET /api/v1/admin/dashboard/stats/kpi","service":"iap-service","timestamp":"2026-05-16 17:49:34"}
{"level":"debug","message":"GET /api/v1/admin/moderation/pending-verifications?limit=1","service":"iap-service","timestamp":"2026-05-16 17:49:35"}
{"level":"debug","message":"GET /api/v1/admin/giveaway/campaigns?page=1&limit=10","service":"iap-service","timestamp":"2026-05-16 17:49:41"}
{"level":"debug","message":"GET /api/v1/admin/account","service":"iap-service","timestamp":"2026-05-16 17:49:41"}
{"level":"debug","message":"GET /api/v1/admin/profile-review/reported?limit=1","service":"iap-service","timestamp":"2026-05-16 17:49:41"}
{"level":"debug","message":"GET /api/v1/admin/moderation/pending-verifications?limit=1","service":"iap-service","timestamp":"2026-05-16 17:49:41"}
{"level":"debug","message":"GET /api/v1/contact/alltickets?limit=1","service":"iap-service","timestamp":"2026-05-16 17:49:41"}
{"level":"debug","message":"GET /api/v1/admin/giveaway/campaigns?page=1&limit=10","service":"iap-service","timestamp":"2026-05-16 17:49:41"}
{"level":"debug","message":"GET /api/v1/contact/alltickets?limit=1","service":"iap-service","timestamp":"2026-05-16 17:49:41"}
{"level":"debug","message":"GET /api/v1/admin/account","service":"iap-service","timestamp":"2026-05-16 17:49:41"}
{"level":"debug","message":"GET /api/v1/admin/profile-review/reported?limit=1","service":"iap-service","timestamp":"2026-05-16 17:49:41"}
{"level":"debug","message":"GET /api/v1/admin/users?page=1&limit=10&gender=","service":"iap-service","timestamp":"2026-05-16 17:49:42"}
{"level":"debug","message":"GET /api/v1/admin/moderation/pending-verifications?limit=1","service":"iap-service","timestamp":"2026-05-16 17:49:43"}
{"level":"debug","message":"GET /api/v1/admin/users/export/stream?","service":"iap-service","timestamp":"2026-05-16 17:49:46"}
{"level":"debug","message":"GET /api/v1/admin/fake-profiles?page=1&limit=10","service":"iap-service","timestamp":"2026-05-16 17:50:49"}
{"level":"debug","message":"GET /api/v1/admin/users?page=1&limit=10&gender=","service":"iap-service","timestamp":"2026-05-16 17:50:55"}
{"level":"debug","message":"GET /api/v1/admin/users?page=1&limit=10&gender=&isGhosting=true","service":"iap-service","timestamp":"2026-05-16 17:51:05"}
{"level":"debug","message":"GET /api/v1/admin/users/69e04a2f0c5679fba2c82125","service":"iap-service","timestamp":"2026-05-16 17:51:16"}
{"level":"debug","message":"GET /api/v1/admin/users/69e04a2f0c5679fba2c82125","service":"iap-service","timestamp":"2026-05-16 17:51:16"}
{"level":"debug","message":"GET /api/v1/admin/users?page=1&limit=10&gender=&isGhosting=true","service":"iap-service","timestamp":"2026-05-16 17:51:25"}
{"level":"debug","message":"GET /api/v1/admin/users/69dfbd8e0c5679fba2c80d4c","service":"iap-service","timestamp":"2026-05-16 17:51:26"}
{"level":"debug","message":"GET /api/v1/admin/users/69dfbd8e0c5679fba2c80d4c","service":"iap-service","timestamp":"2026-05-16 17:51:26"}
{"level":"debug","message":"GET /api/v1/admin/users?page=1&limit=10&gender=&isGhosting=true","service":"iap-service","timestamp":"2026-05-16 17:51:29"}
{"level":"debug","message":"GET /api/v1/admin/users/69de26dbf4a60c3792470fa4","service":"iap-service","timestamp":"2026-05-16 17:51:31"}
{"level":"debug","message":"GET /api/v1/admin/users/69de26dbf4a60c3792470fa4","service":"iap-service","timestamp":"2026-05-16 17:51:31"}
{"level":"debug","message":"GET /api/v1/admin/users?page=1&limit=10&gender=&isGhosting=true","service":"iap-service","timestamp":"2026-05-16 17:51:34"}
{"level":"debug","message":"GET /api/v1/admin/users/69ddeddaa60e8ac6fb02a8c9","service":"iap-service","timestamp":"2026-05-16 17:51:36"}
{"level":"debug","message":"GET /api/v1/admin/users/69ddeddaa60e8ac6fb02a8c9","service":"iap-service","timestamp":"2026-05-16 17:51:36"}
{"level":"debug","message":"GET /api/v1/admin/users?page=1&limit=10&gender=&isGhosting=true","service":"iap-service","timestamp":"2026-05-16 17:51:39"}
{"level":"debug","message":"GET /api/v1/admin/users/69ddef54a60e8ac6fb02a965","service":"iap-service","timestamp":"2026-05-16 17:51:41"}
{"level":"debug","message":"GET /api/v1/admin/users/69ddef54a60e8ac6fb02a965","service":"iap-service","timestamp":"2026-05-16 17:51:41"}
{"level":"debug","message":"GET /api/v1/admin/users?page=1&limit=10&gender=&isGhosting=true","service":"iap-service","timestamp":"2026-05-16 17:51:43"}
{"level":"debug","message":"GET /api/v1/admin/users/69e04a2f0c5679fba2c82125","service":"iap-service","timestamp":"2026-05-16 17:53:32"}
{"level":"debug","message":"GET /api/v1/admin/users/69e04a2f0c5679fba2c82125","service":"iap-service","timestamp":"2026-05-16 17:53:32"}
{"level":"debug","message":"GET /api/v1/admin/users?page=1&limit=10&gender=&isGhosting=true","service":"iap-service","timestamp":"2026-05-16 17:53:34"}
{"level":"debug","message":"GET /api/v1/admin/users?page=1&limit=10&gender=","service":"iap-service","timestamp":"2026-05-16 17:53:35"}
{"level":"debug","message":"GET /api/v1/admin/profile-review/reported?page=1&limit=10","service":"iap-service","timestamp":"2026-05-16 17:53:39"}
{"level":"debug","message":"GET /api/v1/admin/profile-review/6a05c65b4852784a58ec3acd","service":"iap-service","timestamp":"2026-05-16 17:53:44"}
{"level":"debug","message":"GET /api/v1/admin/profile-review/6a05c65b4852784a58ec3acd","service":"iap-service","timestamp":"2026-05-16 17:53:44"}
{"level":"debug","message":"GET /api/v1/admin/dashboard/stats/kpi","service":"iap-service","timestamp":"2026-05-16 17:54:34"}
{"level":"debug","message":"GET /api/v1/admin/users/6a05c65b4852784a58ec3acd","service":"iap-service","timestamp":"2026-05-16 17:57:14"}
{"level":"debug","message":"GET /api/v1/admin/users/6a05c65b4852784a58ec3acd","service":"iap-service","timestamp":"2026-05-16 17:57:15"}
{"level":"debug","message":"GET /api/v1/admin/profile-review/6a05c65b4852784a58ec3acd","service":"iap-service","timestamp":"2026-05-16 17:57:25"}
{"level":"debug","message":"GET /api/v1/admin/profile-review/6a05c65b4852784a58ec3acd","service":"iap-service","timestamp":"2026-05-16 17:57:25"}
{"level":"debug","message":"GET /api/v1/admin/moderation/pending-verifications?page=1&limit=10","service":"iap-service","timestamp":"2026-05-16 17:57:28"}
{"level":"debug","message":"GET /api/v1/admin/users/6a085794bcf4393567bd9959","service":"iap-service","timestamp":"2026-05-16 17:57:32"}
{"level":"debug","message":"GET /api/v1/admin/users/6a085794bcf4393567bd9959","service":"iap-service","timestamp":"2026-05-16 17:57:32"}
{"level":"debug","message":"GET /api/v1/admin/moderation/pending-verifications?page=1&limit=10","service":"iap-service","timestamp":"2026-05-16 17:58:08"}
{"level":"debug","message":"GET /api/v1/admin/giveaway/prizes?page=1&limit=10","service":"iap-service","timestamp":"2026-05-16 17:58:14"}
{"level":"debug","message":"GET /api/v1/admin/giveaway/prizes","service":"iap-service","timestamp":"2026-05-16 17:58:15"}
{"level":"debug","message":"GET /api/v1/admin/giveaway/prizes","service":"iap-service","timestamp":"2026-05-16 17:58:15"}
{"level":"debug","message":"GET /api/v1/admin/giveaway/campaigns?page=1&limit=10","service":"iap-service","timestamp":"2026-05-16 17:58:16"}
{"level":"debug","message":"GET /api/v1/admin/giveaway/campaigns?page=1&limit=10","service":"iap-service","timestamp":"2026-05-16 17:58:16"}
{"level":"debug","message":"POST /api/v1/admin/giveaway/campaigns","service":"iap-service","timestamp":"2026-05-16 17:58:56"}
{"level":"debug","message":"GET /api/v1/admin/giveaway/campaigns?page=1&limit=10","service":"iap-service","timestamp":"2026-05-16 17:58:56"}
{"level":"debug","message":"GET /api/v1/admin/giveaway/campaigns?page=1&limit=10","service":"iap-service","timestamp":"2026-05-16 17:58:56"}
{"level":"debug","message":"GET /api/v1/admin/giveaway/campaigns?page=1&limit=10","service":"iap-service","timestamp":"2026-05-16 17:58:56"}
{"level":"debug","message":"GET /api/v1/admin/giveaway/campaigns?page=1&limit=100","service":"iap-service","timestamp":"2026-05-16 17:59:00"}
{"level":"debug","message":"GET /api/v1/admin/giveaway/campaigns/6a0863080507ae3a4a34415e/participants?page=1&limit=10","service":"iap-service","timestamp":"2026-05-16 17:59:00"}
{"level":"debug","message":"GET /api/v1/admin/giveaway/campaigns?page=1&limit=100","service":"iap-service","timestamp":"2026-05-16 17:59:00"}
{"level":"debug","message":"GET /api/v1/admin/giveaway/campaigns/6a0863080507ae3a4a34415e/participants?page=1&limit=10","service":"iap-service","timestamp":"2026-05-16 17:59:00"}
{"level":"debug","message":"GET /api/v1/admin/giveaway/campaigns?page=1&limit=10","service":"iap-service","timestamp":"2026-05-16 17:59:00"}
{"level":"debug","message":"GET /api/v1/admin/giveaway/campaigns?page=1&limit=10","service":"iap-service","timestamp":"2026-05-16 17:59:00"}
{"level":"debug","message":"GET /api/v1/admin/dashboard/stats/kpi","service":"iap-service","timestamp":"2026-05-16 17:59:35"}
{"level":"debug","message":"GET /api/v1/admin/giveaway/prizes","service":"iap-service","timestamp":"2026-05-16 18:04:15"}
{"level":"debug","message":"GET /api/v1/admin/giveaway/prizes","service":"iap-service","timestamp":"2026-05-16 18:04:15"}
{"level":"debug","message":"GET /api/v1/admin/giveaway/campaigns?page=1&limit=10","service":"iap-service","timestamp":"2026-05-16 18:04:15"}
{"level":"debug","message":"GET /api/v1/admin/giveaway/campaigns?page=1&limit=10","service":"iap-service","timestamp":"2026-05-16 18:04:15"}
{"level":"debug","message":"GET /api/v1/admin/dashboard/stats/kpi","service":"iap-service","timestamp":"2026-05-16 18:04:35"}
{"level":"debug","message":"GET /api/v1/admin/giveaway/prizes?page=1&limit=10","service":"iap-service","timestamp":"2026-05-16 18:04:42"}
{"level":"debug","message":"GET /api/v1/admin/giveaway/prizes","service":"iap-service","timestamp":"2026-05-16 18:06:07"}
{"level":"debug","message":"GET /api/v1/admin/giveaway/prizes","service":"iap-service","timestamp":"2026-05-16 18:06:07"}
{"level":"debug","message":"GET /api/v1/admin/giveaway/campaigns?page=1&limit=10","service":"iap-service","timestamp":"2026-05-16 18:06:07"}
{"level":"debug","message":"GET /api/v1/admin/giveaway/campaigns?page=1&limit=10","service":"iap-service","timestamp":"2026-05-16 18:06:07"}
{"level":"debug","message":"GET /api/v1/admin/giveaway/deliveries/pending?page=1&limit=10","service":"iap-service","timestamp":"2026-05-16 18:06:08"}
{"level":"debug","message":"GET /api/v1/admin/giveaway/campaigns/winner?page=1&limit=10","service":"iap-service","timestamp":"2026-05-16 18:06:11"}
{"level":"debug","message":"GET /api/v1/admin/giveaway/deliveries/pending?page=1&limit=10","service":"iap-service","timestamp":"2026-05-16 18:06:11"}
{"level":"debug","message":"GET /api/v1/admin/giveaway/prizes","service":"iap-service","timestamp":"2026-05-16 18:06:12"}
{"level":"debug","message":"GET /api/v1/admin/giveaway/prizes","service":"iap-service","timestamp":"2026-05-16 18:06:12"}
{"level":"debug","message":"GET /api/v1/admin/giveaway/campaigns?page=1&limit=10","service":"iap-service","timestamp":"2026-05-16 18:06:12"}
{"level":"debug","message":"GET /api/v1/admin/giveaway/campaigns?page=1&limit=10","service":"iap-service","timestamp":"2026-05-16 18:06:12"}
{"level":"debug","message":"GET /api/v1/admin/giveaway/prizes?page=1&limit=10","service":"iap-service","timestamp":"2026-05-16 18:06:14"}
{"level":"debug","message":"GET /api/v1/admin/moderation/pending-verifications?page=1&limit=10","service":"iap-service","timestamp":"2026-05-16 18:06:16"}
{"level":"debug","message":"GET /api/v1/admin/subscription/stats?timeFilter=today","service":"iap-service","timestamp":"2026-05-16 18:06:17"}
{"level":"debug","message":"GET /api/v1/admin/subscription/stats?timeFilter=today","service":"iap-service","timestamp":"2026-05-16 18:06:18"}
{"level":"debug","message":"GET /api/v1/contact/alltickets?page=1&limit=10","service":"iap-service","timestamp":"2026-05-16 18:06:30"}
{"level":"debug","message":"GET /api/v1/content/faq","service":"iap-service","timestamp":"2026-05-16 18:06:34"}
{"level":"debug","message":"GET /api/v1/content/faq","service":"iap-service","timestamp":"2026-05-16 18:06:34"}
{"level":"debug","message":"GET /api/v1/content/privacy-policy","service":"iap-service","timestamp":"2026-05-16 18:06:42"}
{"level":"debug","message":"GET /api/v1/content/privacy-policy","service":"iap-service","timestamp":"2026-05-16 18:06:42"}
{"level":"debug","message":"GET /api/v1/app-settings/general","service":"iap-service","timestamp":"2026-05-16 18:06:50"}
{"level":"debug","message":"GET /api/v1/app-settings/general","service":"iap-service","timestamp":"2026-05-16 18:06:50"}
{"level":"debug","message":"GET /api/v1/app-settings/social-links","service":"iap-service","timestamp":"2026-05-16 18:06:55"}
{"level":"debug","message":"GET /api/v1/app-settings/social-links","service":"iap-service","timestamp":"2026-05-16 18:06:55"}
{"level":"debug","message":"GET /api/v1/admin/settings","service":"iap-service","timestamp":"2026-05-16 18:06:58"}
{"level":"debug","message":"GET /api/v1/admin/settings","service":"iap-service","timestamp":"2026-05-16 18:06:58"}
{"level":"debug","message":"GET /api/v1/app-settings/social-links","service":"iap-service","timestamp":"2026-05-16 18:07:14"}
{"level":"debug","message":"GET /api/v1/app-settings/social-links","service":"iap-service","timestamp":"2026-05-16 18:07:14"}
{"level":"debug","message":"GET /api/v1/app-settings/general","service":"iap-service","timestamp":"2026-05-16 18:07:16"}
{"level":"debug","message":"GET /api/v1/app-settings/general","service":"iap-service","timestamp":"2026-05-16 18:07:16"}
{"level":"debug","message":"GET /api/v1/app-settings/social-links","service":"iap-service","timestamp":"2026-05-16 18:07:18"}
{"level":"debug","message":"GET /api/v1/app-settings/social-links","service":"iap-service","timestamp":"2026-05-16 18:07:18"}
{"level":"debug","message":"GET /api/v1/app-settings/general","service":"iap-service","timestamp":"2026-05-16 18:07:22"}
{"level":"debug","message":"GET /api/v1/app-settings/general","service":"iap-service","timestamp":"2026-05-16 18:07:22"}
{"level":"debug","message":"GET /api/v1/content/faq","service":"iap-service","timestamp":"2026-05-16 18:07:47"}
{"level":"debug","message":"GET /api/v1/content/faq","service":"iap-service","timestamp":"2026-05-16 18:07:47"}
{"level":"debug","message":"GET /api/v1/admin/dashboard/stats/kpi","service":"iap-service","timestamp":"2026-05-16 18:07:49"}
{"level":"debug","message":"GET /api/v1/admin/dashboard-v2/advanced-metrics?preset=today","service":"iap-service","timestamp":"2026-05-16 18:07:49"}
{"level":"debug","message":"GET /api/v1/admin/dashboard/stats/kpi?preset=today","service":"iap-service","timestamp":"2026-05-16 18:07:49"}
{"level":"debug","message":"GET /api/v1/admin/dashboard/stats/kpi?preset=today","service":"iap-service","timestamp":"2026-05-16 18:07:49"}
{"level":"debug","message":"GET /api/v1/admin/dashboard/stats/kpi","service":"iap-service","timestamp":"2026-05-16 18:07:49"}
{"level":"debug","message":"GET /api/v1/admin/dashboard-v2/advanced-metrics?preset=today","service":"iap-service","timestamp":"2026-05-16 18:07:49"}
{"level":"debug","message":"GET /api/v1/admin/dashboard/stats/kpi?preset=today","service":"iap-service","timestamp":"2026-05-16 18:07:49"}
{"level":"debug","message":"GET /api/v1/admin/dashboard/stats/kpi","service":"iap-service","timestamp":"2026-05-16 18:07:49"}
{"level":"debug","message":"GET /api/v1/admin/dashboard/stats/kpi?preset=today","service":"iap-service","timestamp":"2026-05-16 18:07:49"}
{"level":"debug","message":"GET /api/v1/admin/dashboard-v2/advanced-metrics?preset=today","service":"iap-service","timestamp":"2026-05-16 18:07:50"}
{"level":"debug","message":"GET /api/v1/admin/dashboard/stats/kpi","service":"iap-service","timestamp":"2026-05-16 18:07:50"}
{"level":"debug","message":"GET /api/v1/admin/dashboard/stats/kpi","service":"iap-service","timestamp":"2026-05-16 18:07:50"}
{"level":"debug","message":"GET /api/v1/admin/dashboard/stats/kpi","service":"iap-service","timestamp":"2026-05-16 18:07:50"}
{"level":"debug","message":"GET /api/v1/admin/dashboard-v2/advanced-metrics?preset=today","service":"iap-service","timestamp":"2026-05-16 18:07:50"}
{"level":"debug","message":"GET /api/v1/admin/dashboard/stats/kpi","service":"iap-service","timestamp":"2026-05-16 18:07:50"}
{"level":"debug","message":"GET /api/v1/admin/giveaway/campaigns?page=1&limit=10","service":"iap-service","timestamp":"2026-05-16 18:07:51"}
{"level":"debug","message":"GET /api/v1/admin/account","service":"iap-service","timestamp":"2026-05-16 18:07:51"}
{"level":"debug","message":"GET /api/v1/admin/profile-review/reported?limit=1","service":"iap-service","timestamp":"2026-05-16 18:07:51"}
{"level":"debug","message":"GET /api/v1/admin/moderation/pending-verifications?limit=1","service":"iap-service","timestamp":"2026-05-16 18:07:51"}
{"level":"debug","message":"GET /api/v1/contact/alltickets?limit=1","service":"iap-service","timestamp":"2026-05-16 18:07:51"}
{"level":"debug","message":"GET /api/v1/admin/giveaway/campaigns?page=1&limit=10","service":"iap-service","timestamp":"2026-05-16 18:07:51"}
{"level":"debug","message":"GET /api/v1/admin/profile-review/reported?limit=1","service":"iap-service","timestamp":"2026-05-16 18:07:51"}
{"level":"debug","message":"GET /api/v1/contact/alltickets?limit=1","service":"iap-service","timestamp":"2026-05-16 18:07:51"}
{"level":"debug","message":"GET /api/v1/admin/account","service":"iap-service","timestamp":"2026-05-16 18:07:51"}
{"level":"debug","message":"GET /api/v1/admin/dashboard/stats/kpi","service":"iap-service","timestamp":"2026-05-16 18:07:52"}
{"level":"debug","message":"GET /api/v1/admin/dashboard-v2/advanced-metrics?preset=today","service":"iap-service","timestamp":"2026-05-16 18:07:52"}
{"level":"debug","message":"GET /api/v1/admin/dashboard/stats/kpi?preset=today","service":"iap-service","timestamp":"2026-05-16 18:07:52"}
{"level":"debug","message":"GET /api/v1/admin/users?page=1&limit=10","service":"iap-service","timestamp":"2026-05-16 18:07:52"}
{"level":"debug","message":"GET /api/v1/admin/dashboard/stats/kpi","service":"iap-service","timestamp":"2026-05-16 18:07:52"}
{"level":"debug","message":"GET /api/v1/admin/users?page=1&limit=10","service":"iap-service","timestamp":"2026-05-16 18:07:52"}
{"level":"debug","message":"GET /api/v1/admin/dashboard/stats/kpi?preset=today","service":"iap-service","timestamp":"2026-05-16 18:07:52"}
{"level":"debug","message":"GET /api/v1/admin/dashboard-v2/advanced-metrics?preset=today","service":"iap-service","timestamp":"2026-05-16 18:07:52"}
{"level":"debug","message":"GET /api/v1/admin/dashboard/stats/kpi?preset=today","service":"iap-service","timestamp":"2026-05-16 18:07:52"}
{"level":"debug","message":"GET /api/v1/admin/dashboard/stats/kpi","service":"iap-service","timestamp":"2026-05-16 18:07:52"}
{"level":"debug","message":"GET /api/v1/admin/users?page=1&limit=10","service":"iap-service","timestamp":"2026-05-16 18:07:52"}
{"level":"debug","message":"GET /api/v1/admin/dashboard/stats/kpi?preset=today","service":"iap-service","timestamp":"2026-05-16 18:07:52"}
{"level":"debug","message":"GET /api/v1/admin/dashboard-v2/advanced-metrics?preset=today","service":"iap-service","timestamp":"2026-05-16 18:07:52"}
{"level":"debug","message":"GET /api/v1/admin/dashboard/stats/kpi","service":"iap-service","timestamp":"2026-05-16 18:07:52"}
{"level":"debug","message":"GET /api/v1/admin/users?page=1&limit=10","service":"iap-service","timestamp":"2026-05-16 18:07:52"}
{"level":"debug","message":"GET /api/v1/admin/dashboard/stats/kpi","service":"iap-service","timestamp":"2026-05-16 18:07:52"}
{"level":"debug","message":"GET /api/v1/admin/dashboard-v2/advanced-metrics?preset=today","service":"iap-service","timestamp":"2026-05-16 18:07:52"}
{"level":"debug","message":"GET /api/v1/admin/dashboard/stats/kpi","service":"iap-service","timestamp":"2026-05-16 18:07:52"}
{"level":"debug","message":"GET /api/v1/admin/dashboard/stats/kpi","service":"iap-service","timestamp":"2026-05-16 18:07:52"}
{"level":"debug","message":"GET /api/v1/admin/moderation/pending-verifications?limit=1","service":"iap-service","timestamp":"2026-05-16 18:07:53"}
{"level":"debug","message":"GET /api/v1/admin/dashboard/stats/kpi","service":"iap-service","timestamp":"2026-05-16 18:07:53"}
{"level":"debug","message":"GET /api/v1/admin/dashboard/stats/kpi","service":"iap-service","timestamp":"2026-05-16 18:09:34"}
{"level":"debug","message":"GET /api/v1/admin/subscription/stats?timeFilter=today","service":"iap-service","timestamp":"2026-05-16 18:11:22"}
{"level":"debug","message":"GET /api/v1/admin/subscription/stats?timeFilter=today","service":"iap-service","timestamp":"2026-05-16 18:11:22"}
{"level":"debug","message":"GET /api/v1/admin/dashboard/stats/kpi","service":"iap-service","timestamp":"2026-05-16 18:14:34"}
{"level":"debug","message":"GET /api/v1/admin/dashboard/stats/kpi","service":"iap-service","timestamp":"2026-05-16 18:19:34"}
{"level":"debug","message":"GET /api/v1/admin/dashboard/stats/kpi","service":"iap-service","timestamp":"2026-05-16 18:24:16"}
{"level":"debug","message":"GET /api/v1/admin/dashboard-v2/advanced-metrics?preset=today","service":"iap-service","timestamp":"2026-05-16 18:24:16"}
{"level":"debug","message":"GET /api/v1/admin/dashboard/stats/kpi?preset=today","service":"iap-service","timestamp":"2026-05-16 18:24:16"}
{"level":"debug","message":"GET /api/v1/admin/dashboard/stats/kpi","service":"iap-service","timestamp":"2026-05-16 18:24:16"}
{"level":"debug","message":"GET /api/v1/admin/dashboard/stats/kpi?preset=today","service":"iap-service","timestamp":"2026-05-16 18:24:16"}
{"level":"debug","message":"GET /api/v1/admin/dashboard-v2/advanced-metrics?preset=today","service":"iap-service","timestamp":"2026-05-16 18:24:17"}
{"level":"debug","message":"GET /api/v1/admin/dashboard-v2/advanced-metrics?preset=last7&from=2026-05-08T18:30:00.000Z&to=2026-05-16T18:29:59.999Z","service":"iap-service","timestamp":"2026-05-16 18:24:27"}
{"level":"debug","message":"GET /api/v1/admin/dashboard/stats/kpi?preset=last7&from=2026-05-09&to=2026-05-16","service":"iap-service","timestamp":"2026-05-16 18:24:27"}
{"level":"debug","message":"GET /api/v1/admin/users?page=1&limit=10&gender=","service":"iap-service","timestamp":"2026-05-16 18:24:36"}
{"level":"debug","message":"GET /api/v1/admin/users?page=1&limit=10&gender=&isGhosting=true","service":"iap-service","timestamp":"2026-05-16 18:24:42"}
{"level":"debug","message":"GET /api/v1/admin/users/69dfbd8e0c5679fba2c80d4c","service":"iap-service","timestamp":"2026-05-16 18:24:50"}
{"level":"debug","message":"GET /api/v1/admin/users/69dfbd8e0c5679fba2c80d4c","service":"iap-service","timestamp":"2026-05-16 18:24:50"}
{"level":"debug","message":"GET /api/v1/admin/users?page=1&limit=10&gender=&isGhosting=true","service":"iap-service","timestamp":"2026-05-16 18:25:05"}
{"level":"debug","message":"GET /api/v1/admin/users?page=1&limit=10&gender=","service":"iap-service","timestamp":"2026-05-16 18:25:12"}
{"level":"debug","message":"GET /api/v1/admin/users/6a0813d3bcf4393567bd4835","service":"iap-service","timestamp":"2026-05-16 18:25:14"}
{"level":"debug","message":"GET /api/v1/admin/users/6a0813d3bcf4393567bd4835","service":"iap-service","timestamp":"2026-05-16 18:25:14"}
{"level":"debug","message":"GET /api/v1/admin/dashboard/stats/kpi","service":"iap-service","timestamp":"2026-05-16 18:25:29"}
{"level":"debug","message":"GET /api/v1/admin/users?page=1&limit=10&gender=","service":"iap-service","timestamp":"2026-05-16 18:27:15"}
{"level":"debug","message":"GET /api/v1/admin/moderation/pending-verifications?page=1&limit=10","service":"iap-service","timestamp":"2026-05-16 18:27:16"}
{"level":"debug","message":"GET /api/v1/admin/users/6a085794bcf4393567bd9959","service":"iap-service","timestamp":"2026-05-16 18:27:19"}
{"level":"debug","message":"GET /api/v1/admin/users/6a085794bcf4393567bd9959","service":"iap-service","timestamp":"2026-05-16 18:27:19"}
{"level":"debug","message":"GET /api/v1/admin/users?page=1&limit=10&gender=","service":"iap-service","timestamp":"2026-05-16 18:27:45"}
{"level":"debug","message":"GET /api/v1/admin/users/6a0813d3bcf4393567bd4835","service":"iap-service","timestamp":"2026-05-16 18:27:47"}
{"level":"debug","message":"GET /api/v1/admin/users/6a0813d3bcf4393567bd4835","service":"iap-service","timestamp":"2026-05-16 18:27:47"}
{"level":"debug","message":"GET /api/v1/admin/giveaway/prizes","service":"iap-service","timestamp":"2026-05-16 18:34:24"}
{"level":"debug","message":"GET /api/v1/admin/giveaway/prizes","service":"iap-service","timestamp":"2026-05-16 18:34:25"}
{"level":"debug","message":"GET /api/v1/admin/giveaway/campaigns?page=1&limit=10","service":"iap-service","timestamp":"2026-05-16 18:34:25"}
{"level":"debug","message":"GET /api/v1/admin/giveaway/campaigns?page=1&limit=10","service":"iap-service","timestamp":"2026-05-16 18:34:25"}
{"level":"debug","message":"GET /api/v1/admin/giveaway/deliveries/pending?page=1&limit=10","service":"iap-service","timestamp":"2026-05-16 18:34:30"}
{"level":"debug","message":"GET /api/v1/admin/giveaway/prizes","service":"iap-service","timestamp":"2026-05-16 18:34:33"}
{"level":"debug","message":"GET /api/v1/admin/giveaway/prizes","service":"iap-service","timestamp":"2026-05-16 18:34:33"}
{"level":"debug","message":"GET /api/v1/admin/giveaway/campaigns?page=1&limit=10","service":"iap-service","timestamp":"2026-05-16 18:34:33"}
{"level":"debug","message":"GET /api/v1/admin/giveaway/campaigns?page=1&limit=10","service":"iap-service","timestamp":"2026-05-16 18:34:33"}
{"level":"debug","message":"GET /api/v1/admin/giveaway/prizes?page=1&limit=10","service":"iap-service","timestamp":"2026-05-16 18:35:23"}
{"level":"debug","message":"GET /api/v1/admin/giveaway/campaigns/winner?page=1&limit=10","service":"iap-service","timestamp":"2026-05-16 18:35:25"}
{"level":"debug","message":"GET /api/v1/admin/subscription/stats?timeFilter=today","service":"iap-service","timestamp":"2026-05-16 18:36:21"}
{"level":"debug","message":"GET /api/v1/admin/subscription/stats?timeFilter=today","service":"iap-service","timestamp":"2026-05-16 18:36:21"}
{"level":"debug","message":"GET /api/v1/admin/subscription/stats?timeFilter=today","service":"iap-service","timestamp":"2026-05-16 18:36:22"}
{"level":"debug","message":"GET /api/v1/admin/subscription/config","service":"iap-service","timestamp":"2026-05-16 18:36:22"}
{"level":"debug","message":"GET /api/v1/admin/subscription/config","service":"iap-service","timestamp":"2026-05-16 18:36:22"}
{"level":"debug","message":"GET /api/v1/admin/subscription/stats?timeFilter=today","service":"iap-service","timestamp":"2026-05-16 18:36:22"}
{"level":"debug","message":"GET /api/v1/admin/subscription/products?page=1&limit=100","service":"iap-service","timestamp":"2026-05-16 18:37:02"}
{"level":"debug","message":"GET /api/v1/admin/subscription/products?page=1&limit=100","service":"iap-service","timestamp":"2026-05-16 18:37:02"}
{"level":"debug","message":"GET /api/v1/admin/transactions/summary","service":"iap-service","timestamp":"2026-05-16 18:37:10"}
{"level":"debug","message":"GET /api/v1/admin/transactions/summary","service":"iap-service","timestamp":"2026-05-16 18:37:10"}
{"level":"debug","message":"GET /api/v1/admin/transactions?page=1&limit=10&sortBy=occurredAt&sortOrder=desc","service":"iap-service","timestamp":"2026-05-16 18:37:10"}
{"level":"debug","message":"GET /api/v1/admin/subscription/products?page=1&limit=100","service":"iap-service","timestamp":"2026-05-16 18:37:16"}
{"level":"debug","message":"GET /api/v1/admin/subscription/products?page=1&limit=100","service":"iap-service","timestamp":"2026-05-16 18:37:16"}
{"level":"debug","message":"GET /api/v1/admin/users?page=1&limit=10&gender=","service":"iap-service","timestamp":"2026-05-16 18:39:09"}
{"level":"debug","message":"GET /api/v1/admin/subscription/stats?timeFilter=today","service":"iap-service","timestamp":"2026-05-16 18:39:19"}
{"level":"debug","message":"GET /api/v1/admin/subscription/stats?timeFilter=today","service":"iap-service","timestamp":"2026-05-16 18:39:19"}
{"level":"debug","message":"GET /api/v1/admin/subscription/subscribers?page=1&limit=10","service":"iap-service","timestamp":"2026-05-16 18:39:26"}
{"level":"debug","message":"GET /api/v1/admin/subscription/stats?timeFilter=today","service":"iap-service","timestamp":"2026-05-16 18:39:31"}
{"level":"debug","message":"GET /api/v1/admin/subscription/stats?timeFilter=today","service":"iap-service","timestamp":"2026-05-16 18:39:32"}
{"level":"debug","message":"GET /api/v1/admin/dashboard/stats/kpi","service":"iap-service","timestamp":"2026-05-16 18:39:35"}
{"level":"debug","message":"GET /api/v1/admin/dashboard-v2/advanced-metrics?preset=today","service":"iap-service","timestamp":"2026-05-16 18:39:35"}
{"level":"debug","message":"GET /api/v1/admin/dashboard/stats/kpi?preset=today","service":"iap-service","timestamp":"2026-05-16 18:39:35"}
{"level":"debug","message":"GET /api/v1/admin/dashboard/stats/kpi","service":"iap-service","timestamp":"2026-05-16 18:39:35"}
{"level":"debug","message":"GET /api/v1/admin/dashboard/stats/kpi?preset=today","service":"iap-service","timestamp":"2026-05-16 18:39:35"}
{"level":"debug","message":"GET /api/v1/admin/dashboard-v2/advanced-metrics?preset=today","service":"iap-service","timestamp":"2026-05-16 18:39:35"}
{"level":"debug","message":"GET /api/v1/admin/users?page=1&limit=10&gender=","service":"iap-service","timestamp":"2026-05-16 18:39:44"}
{"level":"debug","message":"GET /api/v1/admin/users/export/stream?","service":"iap-service","timestamp":"2026-05-16 18:39:54"}
{"level":"debug","message":"GET /api/v1/admin/moderation/pending-verifications?page=1&limit=10","service":"iap-service","timestamp":"2026-05-16 18:44:21"}
{"level":"debug","message":"GET /api/v1/admin/giveaway/deliveries/pending?page=1&limit=10","service":"iap-service","timestamp":"2026-05-16 18:48:49"}
{"level":"debug","message":"GET /api/v1/admin/users/6a01631b19f891d0821aedb7","service":"iap-service","timestamp":"2026-05-16 18:48:50"}
{"level":"debug","message":"GET /api/v1/admin/users/6a01631b19f891d0821aedb7","service":"iap-service","timestamp":"2026-05-16 18:48:51"}
{"level":"debug","message":"GET /api/v1/admin/giveaway/deliveries/pending?page=1&limit=10","service":"iap-service","timestamp":"2026-05-16 18:48:52"}
{"level":"debug","message":"GET /api/v1/admin/users?page=1&limit=10&gender=","service":"iap-service","timestamp":"2026-05-16 18:51:23"}
{"level":"debug","message":"GET /api/v1/admin/users/6a0813d3bcf4393567bd4835","service":"iap-service","timestamp":"2026-05-16 18:51:24"}
{"level":"debug","message":"GET /api/v1/admin/users/6a0813d3bcf4393567bd4835","service":"iap-service","timestamp":"2026-05-16 18:51:24"}
{"level":"debug","message":"GET /api/v1/admin/giveaway/campaigns?page=1&limit=10","service":"iap-service","timestamp":"2026-05-16 18:57:24"}
{"level":"debug","message":"GET /api/v1/admin/account","service":"iap-service","timestamp":"2026-05-16 18:57:24"}
{"level":"debug","message":"GET /api/v1/admin/profile-review/reported?limit=1","service":"iap-service","timestamp":"2026-05-16 18:57:24"}
{"level":"debug","message":"GET /api/v1/admin/moderation/pending-verifications?limit=1","service":"iap-service","timestamp":"2026-05-16 18:57:24"}
{"level":"debug","message":"GET /api/v1/contact/alltickets?limit=1","service":"iap-service","timestamp":"2026-05-16 18:57:24"}
{"level":"debug","message":"GET /api/v1/admin/giveaway/campaigns?page=1&limit=10","service":"iap-service","timestamp":"2026-05-16 18:57:24"}
{"level":"debug","message":"GET /api/v1/contact/alltickets?limit=1","service":"iap-service","timestamp":"2026-05-16 18:57:24"}
{"level":"debug","message":"GET /api/v1/admin/profile-review/reported?limit=1","service":"iap-service","timestamp":"2026-05-16 18:57:24"}
{"level":"debug","message":"GET /api/v1/admin/account","service":"iap-service","timestamp":"2026-05-16 18:57:24"}
{"level":"debug","message":"GET /api/v1/admin/users/6a0813d3bcf4393567bd4835","service":"iap-service","timestamp":"2026-05-16 18:57:25"}
{"level":"debug","message":"GET /api/v1/admin/users/6a0813d3bcf4393567bd4835","service":"iap-service","timestamp":"2026-05-16 18:57:25"}
{"level":"debug","message":"GET /api/v1/admin/moderation/pending-verifications?limit=1","service":"iap-service","timestamp":"2026-05-16 18:57:25"}
{"level":"debug","message":"GET /api/v1/admin/giveaway/campaigns?page=1&limit=10","service":"iap-service","timestamp":"2026-05-16 19:05:50"}
{"level":"debug","message":"GET /api/v1/admin/account","service":"iap-service","timestamp":"2026-05-16 19:05:50"}
{"level":"debug","message":"GET /api/v1/admin/profile-review/reported?limit=1","service":"iap-service","timestamp":"2026-05-16 19:05:50"}
{"level":"debug","message":"GET /api/v1/admin/moderation/pending-verifications?limit=1","service":"iap-service","timestamp":"2026-05-16 19:05:50"}
{"level":"debug","message":"GET /api/v1/admin/users/6a0813d3bcf4393567bd4835","service":"iap-service","timestamp":"2026-05-16 19:05:50"}
{"level":"debug","message":"GET /api/v1/contact/alltickets?limit=1","service":"iap-service","timestamp":"2026-05-16 19:05:50"}
{"level":"debug","message":"GET /api/v1/admin/moderation/pending-verifications?page=1&limit=10","service":"iap-service","timestamp":"2026-05-16 19:09:39"}
{"level":"debug","message":"GET /api/v1/admin/giveaway/campaigns?page=1&limit=10","service":"iap-service","timestamp":"2026-05-16 19:10:35"}
{"level":"debug","message":"GET /api/v1/admin/account","service":"iap-service","timestamp":"2026-05-16 19:10:35"}
{"level":"debug","message":"GET /api/v1/admin/profile-review/reported?limit=1","service":"iap-service","timestamp":"2026-05-16 19:10:35"}
{"level":"debug","message":"GET /api/v1/admin/moderation/pending-verifications?limit=1","service":"iap-service","timestamp":"2026-05-16 19:10:35"}
{"level":"debug","message":"GET /api/v1/contact/alltickets?limit=1","service":"iap-service","timestamp":"2026-05-16 19:10:35"}
{"level":"debug","message":"GET /api/v1/admin/moderation/pending-verifications?page=1&limit=10","service":"iap-service","timestamp":"2026-05-16 19:10:35"}
{"level":"debug","message":"GET /api/v1/admin/giveaway/campaigns?page=1&limit=10","service":"iap-service","timestamp":"2026-05-16 19:10:35"}
{"level":"debug","message":"GET /api/v1/admin/account","service":"iap-service","timestamp":"2026-05-16 19:10:35"}
{"level":"debug","message":"GET /api/v1/admin/profile-review/reported?limit=1","service":"iap-service","timestamp":"2026-05-16 19:10:35"}
{"level":"debug","message":"GET /api/v1/contact/alltickets?limit=1","service":"iap-service","timestamp":"2026-05-16 19:10:35"}
{"level":"debug","message":"GET /api/v1/admin/moderation/pending-verifications?limit=1","service":"iap-service","timestamp":"2026-05-16 19:10:37"}
{"level":"debug","message":"GET /api/v1/admin/moderation/pending-verifications?page=1&limit=10","service":"iap-service","timestamp":"2026-05-16 19:10:37"}
{"level":"debug","message":"GET /api/v1/admin/giveaway/campaigns?page=1&limit=10","service":"iap-service","timestamp":"2026-05-16 19:10:49"}
{"level":"debug","message":"GET /api/v1/admin/account","service":"iap-service","timestamp":"2026-05-16 19:10:49"}
{"level":"debug","message":"GET /api/v1/admin/profile-review/reported?limit=1","service":"iap-service","timestamp":"2026-05-16 19:10:49"}
{"level":"debug","message":"GET /api/v1/admin/moderation/pending-verifications?limit=1","service":"iap-service","timestamp":"2026-05-16 19:10:49"}
{"level":"debug","message":"GET /api/v1/contact/alltickets?limit=1","service":"iap-service","timestamp":"2026-05-16 19:10:49"}
{"level":"debug","message":"GET /api/v1/admin/moderation/pending-verifications?page=1&limit=10","service":"iap-service","timestamp":"2026-05-16 19:10:49"}
{"level":"debug","message":"GET /api/v1/admin/giveaway/campaigns?page=1&limit=10","service":"iap-service","timestamp":"2026-05-16 19:10:52"}
{"level":"debug","message":"GET /api/v1/admin/account","service":"iap-service","timestamp":"2026-05-16 19:10:52"}
{"level":"debug","message":"GET /api/v1/admin/profile-review/reported?limit=1","service":"iap-service","timestamp":"2026-05-16 19:10:52"}
{"level":"debug","message":"GET /api/v1/admin/moderation/pending-verifications?limit=1","service":"iap-service","timestamp":"2026-05-16 19:10:52"}
{"level":"debug","message":"GET /api/v1/contact/alltickets?limit=1","service":"iap-service","timestamp":"2026-05-16 19:10:52"}
{"level":"debug","message":"GET /api/v1/admin/giveaway/campaigns?page=1&limit=10","service":"iap-service","timestamp":"2026-05-16 19:10:52"}
{"level":"debug","message":"GET /api/v1/contact/alltickets?limit=1","service":"iap-service","timestamp":"2026-05-16 19:10:52"}
{"level":"debug","message":"GET /api/v1/admin/profile-review/reported?limit=1","service":"iap-service","timestamp":"2026-05-16 19:10:52"}
{"level":"debug","message":"GET /api/v1/admin/account","service":"iap-service","timestamp":"2026-05-16 19:10:52"}
{"level":"debug","message":"GET /api/v1/admin/moderation/pending-verifications?limit=1","service":"iap-service","timestamp":"2026-05-16 19:10:53"}
{"level":"debug","message":"GET /api/v1/admin/moderation/pending-verifications?page=1&limit=10","service":"iap-service","timestamp":"2026-05-16 19:10:54"}
{"level":"debug","message":"GET /api/v1/admin/users?page=1&limit=10&gender=","service":"iap-service","timestamp":"2026-05-16 19:11:10"}
{"level":"debug","message":"GET /api/v1/admin/users/6a0813d3bcf4393567bd4835","service":"iap-service","timestamp":"2026-05-16 19:11:11"}
{"level":"debug","message":"GET /api/v1/admin/users/6a0813d3bcf4393567bd4835","service":"iap-service","timestamp":"2026-05-16 19:11:12"}
{"level":"debug","message":"GET /api/v1/admin/users?page=1&limit=10&gender=","service":"iap-service","timestamp":"2026-05-16 19:12:55"}
{"level":"debug","message":"GET /api/v1/admin/moderation/pending-verifications?page=1&limit=10","service":"iap-service","timestamp":"2026-05-16 19:12:59"}
{"level":"debug","message":"GET /api/v1/admin/users/6a085794bcf4393567bd9959","service":"iap-service","timestamp":"2026-05-16 19:13:03"}
{"level":"debug","message":"GET /api/v1/admin/users/6a085794bcf4393567bd9959","service":"iap-service","timestamp":"2026-05-16 19:13:03"}
{"level":"debug","message":"GET /api/v1/admin/moderation/pending-verifications?page=1&limit=10","service":"iap-service","timestamp":"2026-05-16 19:13:14"}
{"level":"debug","message":"GET /api/v1/admin/giveaway/campaigns?page=1&limit=10","service":"iap-service","timestamp":"2026-05-16 19:13:21"}
{"level":"debug","message":"GET /api/v1/admin/account","service":"iap-service","timestamp":"2026-05-16 19:13:21"}
{"level":"debug","message":"GET /api/v1/contact/alltickets?limit=1","service":"iap-service","timestamp":"2026-05-16 19:13:21"}
{"level":"debug","message":"GET /api/v1/admin/profile-review/reported?limit=1","service":"iap-service","timestamp":"2026-05-16 19:13:21"}
{"level":"debug","message":"GET /api/v1/admin/moderation/pending-verifications?limit=1","service":"iap-service","timestamp":"2026-05-16 19:13:21"}
{"level":"debug","message":"GET /api/v1/admin/giveaway/campaigns?page=1&limit=10","service":"iap-service","timestamp":"2026-05-16 19:13:21"}
{"level":"debug","message":"GET /api/v1/contact/alltickets?limit=1","service":"iap-service","timestamp":"2026-05-16 19:13:21"}
{"level":"debug","message":"GET /api/v1/admin/account","service":"iap-service","timestamp":"2026-05-16 19:13:21"}
{"level":"debug","message":"GET /api/v1/admin/profile-review/reported?limit=1","service":"iap-service","timestamp":"2026-05-16 19:13:21"}
{"level":"debug","message":"GET /api/v1/admin/moderation/pending-verifications?limit=1","service":"iap-service","timestamp":"2026-05-16 19:13:23"}
{"level":"debug","message":"GET /api/v1/admin/moderation/pending-verifications?page=1&limit=10","service":"iap-service","timestamp":"2026-05-16 19:13:24"}
{"level":"debug","message":"GET /api/v1/admin/moderation/pending-verifications?page=1&limit=10&status=not_started","service":"iap-service","timestamp":"2026-05-16 19:13:28"}
{"level":"debug","message":"GET /api/v1/admin/moderation/pending-verifications?page=1&limit=10&status=pending","service":"iap-service","timestamp":"2026-05-16 19:13:33"}
{"level":"debug","message":"GET /api/v1/admin/moderation/pending-verifications?page=1&limit=10&status=approved","service":"iap-service","timestamp":"2026-05-16 19:13:37"}
{"level":"debug","message":"GET /api/v1/admin/moderation/pending-verifications?page=1&limit=10","service":"iap-service","timestamp":"2026-05-16 19:15:08"}
{"level":"debug","message":"GET /api/v1/admin/moderation/pending-verifications?page=1&limit=10&status=pending","service":"iap-service","timestamp":"2026-05-16 19:15:12"}
{"level":"debug","message":"GET /api/v1/admin/moderation/pending-verifications?page=1&limit=10&status=pending&sortBy=newest","service":"iap-service","timestamp":"2026-05-16 19:15:14"}
{"level":"debug","message":"GET /api/v1/admin/moderation/pending-verifications?page=1&limit=10&status=pending&sortBy=oldest","service":"iap-service","timestamp":"2026-05-16 19:15:17"}
{"level":"debug","message":"GET /api/v1/admin/moderation/pending-verifications?page=1&limit=10&status=not_started&sortBy=oldest","service":"iap-service","timestamp":"2026-05-16 19:15:19"}
{"level":"debug","message":"GET /api/v1/admin/giveaway/campaigns?page=1&limit=10","service":"iap-service","timestamp":"2026-05-16 19:15:26"}
{"level":"debug","message":"GET /api/v1/admin/account","service":"iap-service","timestamp":"2026-05-16 19:15:26"}
{"level":"debug","message":"GET /api/v1/admin/profile-review/reported?limit=1","service":"iap-service","timestamp":"2026-05-16 19:15:26"}
{"level":"debug","message":"GET /api/v1/admin/moderation/pending-verifications?limit=1","service":"iap-service","timestamp":"2026-05-16 19:15:26"}
{"level":"debug","message":"GET /api/v1/contact/alltickets?limit=1","service":"iap-service","timestamp":"2026-05-16 19:15:26"}
{"level":"debug","message":"GET /api/v1/admin/giveaway/campaigns?page=1&limit=10","service":"iap-service","timestamp":"2026-05-16 19:15:27"}
{"level":"debug","message":"GET /api/v1/contact/alltickets?limit=1","service":"iap-service","timestamp":"2026-05-16 19:15:27"}
{"level":"debug","message":"GET /api/v1/admin/profile-review/reported?limit=1","service":"iap-service","timestamp":"2026-05-16 19:15:27"}
{"level":"debug","message":"GET /api/v1/admin/account","service":"iap-service","timestamp":"2026-05-16 19:15:27"}
{"level":"debug","message":"GET /api/v1/admin/moderation/pending-verifications?limit=1","service":"iap-service","timestamp":"2026-05-16 19:15:29"}
{"level":"debug","message":"GET /api/v1/admin/moderation/pending-verifications?page=1&limit=10&status=not_started&sortBy=oldest","service":"iap-service","timestamp":"2026-05-16 19:15:29"}
{"level":"debug","message":"GET /api/v1/admin/moderation/pending-verifications?page=1&limit=10","service":"iap-service","timestamp":"2026-05-16 19:15:32"}
{"level":"debug","message":"GET /api/v1/admin/subscription/stats?timeFilter=today","service":"iap-service","timestamp":"2026-05-16 19:17:32"}
{"level":"debug","message":"GET /api/v1/admin/subscription/stats?timeFilter=today","service":"iap-service","timestamp":"2026-05-16 19:17:33"}
{"level":"debug","message":"GET /api/v1/admin/transactions/summary","service":"iap-service","timestamp":"2026-05-16 19:17:35"}
{"level":"debug","message":"GET /api/v1/admin/transactions?page=1&limit=10&sortBy=occurredAt&sortOrder=desc","service":"iap-service","timestamp":"2026-05-16 19:17:35"}
{"level":"debug","message":"GET /api/v1/admin/transactions/summary","service":"iap-service","timestamp":"2026-05-16 19:17:35"}
{"level":"debug","message":"GET /api/v1/admin/transactions/summary","service":"iap-service","timestamp":"2026-05-16 19:17:45"}
{"level":"debug","message":"GET /api/v1/admin/transactions?page=1&limit=10&sortBy=occurredAt&sortOrder=desc","service":"iap-service","timestamp":"2026-05-16 19:17:46"}
{"level":"debug","message":"GET /api/v1/admin/transactions/summary","service":"iap-service","timestamp":"2026-05-16 19:17:46"}
{"level":"debug","message":"GET /api/v1/admin/subscription/stats?timeFilter=today","service":"iap-service","timestamp":"2026-05-16 19:17:48"}
{"level":"debug","message":"GET /api/v1/admin/subscription/stats?timeFilter=today","service":"iap-service","timestamp":"2026-05-16 19:17:48"}
{"level":"debug","message":"GET /api/v1/admin/transactions/summary","service":"iap-service","timestamp":"2026-05-16 19:17:52"}
{"level":"debug","message":"GET /api/v1/admin/transactions/summary","service":"iap-service","timestamp":"2026-05-16 19:17:53"}
{"level":"debug","message":"GET /api/v1/admin/transactions?page=1&limit=10&sortBy=occurredAt&sortOrder=desc","service":"iap-service","timestamp":"2026-05-16 19:17:53"}
{"level":"debug","message":"GET /api/v1/admin/users/6a0453983a7367083907f6af","service":"iap-service","timestamp":"2026-05-16 19:27:07"}
{"level":"debug","message":"GET /api/v1/admin/users/6a0453983a7367083907f6af","service":"iap-service","timestamp":"2026-05-16 19:27:07"}
{"level":"debug","message":"GET /api/v1/admin/giveaway/campaigns?page=1&limit=10","service":"iap-service","timestamp":"2026-05-16 19:43:18"}
{"level":"debug","message":"GET /api/v1/admin/account","service":"iap-service","timestamp":"2026-05-16 19:43:18"}
{"level":"debug","message":"GET /api/v1/admin/profile-review/reported?limit=1","service":"iap-service","timestamp":"2026-05-16 19:43:18"}
{"level":"debug","message":"GET /api/v1/admin/moderation/pending-verifications?limit=1","service":"iap-service","timestamp":"2026-05-16 19:43:18"}
{"level":"debug","message":"GET /api/v1/contact/alltickets?limit=1","service":"iap-service","timestamp":"2026-05-16 19:43:18"}
{"level":"debug","message":"GET /api/v1/admin/giveaway/campaigns?page=1&limit=10","service":"iap-service","timestamp":"2026-05-16 19:43:18"}
{"level":"debug","message":"GET /api/v1/contact/alltickets?limit=1","service":"iap-service","timestamp":"2026-05-16 19:43:18"}
{"level":"debug","message":"GET /api/v1/admin/profile-review/reported?limit=1","service":"iap-service","timestamp":"2026-05-16 19:43:18"}
{"level":"debug","message":"GET /api/v1/admin/account","service":"iap-service","timestamp":"2026-05-16 19:43:18"}
{"level":"debug","message":"GET /api/v1/admin/moderation/pending-verifications?limit=1","service":"iap-service","timestamp":"2026-05-16 19:43:20"}
{"level":"debug","message":"GET /api/v1/admin/giveaway/campaigns?page=1&limit=10","service":"iap-service","timestamp":"2026-05-16 19:44:42"}
{"level":"debug","message":"GET /api/v1/admin/account","service":"iap-service","timestamp":"2026-05-16 19:44:42"}
{"level":"debug","message":"GET /api/v1/admin/profile-review/reported?limit=1","service":"iap-service","timestamp":"2026-05-16 19:44:42"}
{"level":"debug","message":"GET /api/v1/admin/moderation/pending-verifications?limit=1","service":"iap-service","timestamp":"2026-05-16 19:44:42"}
{"level":"debug","message":"GET /api/v1/contact/alltickets?limit=1","service":"iap-service","timestamp":"2026-05-16 19:44:42"}
{"level":"debug","message":"GET /api/v1/admin/account","service":"iap-service","timestamp":"2026-05-16 19:44:42"}
{"level":"debug","message":"GET /api/v1/admin/giveaway/campaigns?page=1&limit=10","service":"iap-service","timestamp":"2026-05-16 19:44:42"}
{"level":"debug","message":"GET /api/v1/admin/moderation/pending-verifications?limit=1","service":"iap-service","timestamp":"2026-05-16 19:44:42"}
{"level":"debug","message":"GET /api/v1/admin/profile-review/reported?limit=1","service":"iap-service","timestamp":"2026-05-16 19:44:42"}
{"level":"debug","message":"GET /api/v1/contact/alltickets?limit=1","service":"iap-service","timestamp":"2026-05-16 19:44:42"}
{"level":"debug","message":"GET /api/v1/admin/giveaway/campaigns?page=1&limit=10","service":"iap-service","timestamp":"2026-05-16 19:44:47"}
{"level":"debug","message":"GET /api/v1/admin/account","service":"iap-service","timestamp":"2026-05-16 19:44:47"}
{"level":"debug","message":"GET /api/v1/admin/profile-review/reported?limit=1","service":"iap-service","timestamp":"2026-05-16 19:44:47"}
{"level":"debug","message":"GET /api/v1/admin/moderation/pending-verifications?limit=1","service":"iap-service","timestamp":"2026-05-16 19:44:47"}
{"level":"debug","message":"GET /api/v1/contact/alltickets?limit=1","service":"iap-service","timestamp":"2026-05-16 19:44:47"}
{"level":"debug","message":"GET /api/v1/admin/giveaway/campaigns?page=1&limit=10","service":"iap-service","timestamp":"2026-05-16 19:44:47"}
{"level":"debug","message":"GET /api/v1/admin/account","service":"iap-service","timestamp":"2026-05-16 19:44:47"}
{"level":"debug","message":"GET /api/v1/admin/profile-review/reported?limit=1","service":"iap-service","timestamp":"2026-05-16 19:44:47"}
{"level":"debug","message":"GET /api/v1/admin/moderation/pending-verifications?limit=1","service":"iap-service","timestamp":"2026-05-16 19:44:47"}
{"level":"debug","message":"GET /api/v1/contact/alltickets?limit=1","service":"iap-service","timestamp":"2026-05-16 19:44:47"}
{"level":"debug","message":"GET /api/v1/admin/dashboard/stats/kpi","service":"iap-service","timestamp":"2026-05-16 19:44:48"}
{"level":"debug","message":"GET /api/v1/admin/dashboard-v2/advanced-metrics?preset=today","service":"iap-service","timestamp":"2026-05-16 19:44:48"}
{"level":"debug","message":"GET /api/v1/admin/users?page=1&limit=10","service":"iap-service","timestamp":"2026-05-16 19:44:48"}
{"level":"debug","message":"GET /api/v1/admin/dashboard/stats/kpi?preset=today","service":"iap-service","timestamp":"2026-05-16 19:44:48"}
{"level":"debug","message":"GET /api/v1/admin/dashboard/stats/kpi","service":"iap-service","timestamp":"2026-05-16 19:44:48"}
{"level":"debug","message":"GET /api/v1/admin/dashboard-v2/advanced-metrics?preset=today","service":"iap-service","timestamp":"2026-05-16 19:44:48"}
{"level":"debug","message":"GET /api/v1/admin/users?page=1&limit=10","service":"iap-service","timestamp":"2026-05-16 19:44:48"}
{"level":"debug","message":"GET /api/v1/admin/dashboard/stats/kpi?preset=today","service":"iap-service","timestamp":"2026-05-16 19:44:48"}
{"level":"debug","message":"GET /api/v1/admin/dashboard/stats/kpi","service":"iap-service","timestamp":"2026-05-16 19:44:48"}
{"level":"debug","message":"GET /api/v1/admin/users?page=1&limit=10","service":"iap-service","timestamp":"2026-05-16 19:44:48"}
{"level":"debug","message":"GET /api/v1/admin/dashboard-v2/advanced-metrics?preset=today","service":"iap-service","timestamp":"2026-05-16 19:44:48"}
{"level":"debug","message":"GET /api/v1/admin/dashboard/stats/kpi?preset=today","service":"iap-service","timestamp":"2026-05-16 19:44:48"}
{"level":"debug","message":"GET /api/v1/admin/dashboard/stats/kpi","service":"iap-service","timestamp":"2026-05-16 19:44:48"}
{"level":"debug","message":"GET /api/v1/admin/users?page=1&limit=10","service":"iap-service","timestamp":"2026-05-16 19:44:48"}
{"level":"debug","message":"GET /api/v1/admin/dashboard/stats/kpi","service":"iap-service","timestamp":"2026-05-16 19:44:49"}
{"level":"debug","message":"GET /api/v1/admin/users?page=1&limit=10","service":"iap-service","timestamp":"2026-05-16 19:44:49"}
{"level":"debug","message":"GET /api/v1/admin/dashboard-v2/advanced-metrics?preset=today","service":"iap-service","timestamp":"2026-05-16 19:44:49"}
{"level":"debug","message":"GET /api/v1/admin/dashboard/stats/kpi?preset=today","service":"iap-service","timestamp":"2026-05-16 19:44:49"}
{"level":"debug","message":"GET /api/v1/admin/dashboard/stats/kpi","service":"iap-service","timestamp":"2026-05-16 19:44:49"}
{"level":"debug","message":"GET /api/v1/admin/users?page=1&limit=10","service":"iap-service","timestamp":"2026-05-16 19:44:49"}
{"level":"debug","message":"GET /api/v1/admin/dashboard/stats/kpi","service":"iap-service","timestamp":"2026-05-16 19:44:49"}
{"level":"debug","message":"GET /api/v1/admin/users?page=1&limit=10","service":"iap-service","timestamp":"2026-05-16 19:44:49"}
{"level":"debug","message":"GET /api/v1/admin/dashboard-v2/advanced-metrics?preset=today","service":"iap-service","timestamp":"2026-05-16 19:44:49"}
{"level":"debug","message":"GET /api/v1/admin/dashboard/stats/kpi?preset=today","service":"iap-service","timestamp":"2026-05-16 19:44:49"}
{"level":"debug","message":"GET /api/v1/admin/dashboard/stats/kpi","service":"iap-service","timestamp":"2026-05-16 19:44:49"}
{"level":"debug","message":"GET /api/v1/admin/users?page=1&limit=10","service":"iap-service","timestamp":"2026-05-16 19:44:49"}
{"level":"debug","message":"GET /api/v1/admin/dashboard/stats/kpi","service":"iap-service","timestamp":"2026-05-16 19:44:49"}
{"level":"debug","message":"GET /api/v1/admin/users?page=1&limit=10","service":"iap-service","timestamp":"2026-05-16 19:44:49"}
{"level":"debug","message":"GET /api/v1/admin/dashboard-v2/advanced-metrics?preset=today","service":"iap-service","timestamp":"2026-05-16 19:44:49"}
{"level":"debug","message":"GET /api/v1/admin/dashboard/stats/kpi?preset=today","service":"iap-service","timestamp":"2026-05-16 19:44:49"}
{"level":"debug","message":"GET /api/v1/admin/dashboard/stats/kpi","service":"iap-service","timestamp":"2026-05-16 19:44:49"}
{"level":"debug","message":"GET /api/v1/admin/users?page=1&limit=10","service":"iap-service","timestamp":"2026-05-16 19:44:49"}
{"level":"debug","message":"GET /api/v1/admin/dashboard/stats/kpi","service":"iap-service","timestamp":"2026-05-16 19:44:49"}
{"level":"debug","message":"GET /api/v1/admin/users?page=1&limit=10","service":"iap-service","timestamp":"2026-05-16 19:44:49"}
{"level":"debug","message":"GET /api/v1/admin/dashboard-v2/advanced-metrics?preset=today","service":"iap-service","timestamp":"2026-05-16 19:44:49"}
{"level":"debug","message":"GET /api/v1/admin/dashboard/stats/kpi?preset=today","service":"iap-service","timestamp":"2026-05-16 19:44:49"}
{"level":"debug","message":"GET /api/v1/admin/dashboard/stats/kpi","service":"iap-service","timestamp":"2026-05-16 19:44:49"}
{"level":"debug","message":"GET /api/v1/admin/users?page=1&limit=10","service":"iap-service","timestamp":"2026-05-16 19:44:49"}
{"level":"debug","message":"GET /api/v1/admin/dashboard/stats/kpi","service":"iap-service","timestamp":"2026-05-16 19:44:49"}
{"level":"debug","message":"GET /api/v1/admin/users?page=1&limit=10","service":"iap-service","timestamp":"2026-05-16 19:44:49"}
{"level":"debug","message":"GET /api/v1/admin/dashboard-v2/advanced-metrics?preset=today","service":"iap-service","timestamp":"2026-05-16 19:44:49"}
{"level":"debug","message":"GET /api/v1/admin/dashboard/stats/kpi?preset=today","service":"iap-service","timestamp":"2026-05-16 19:44:49"}
{"level":"debug","message":"GET /api/v1/admin/dashboard/stats/kpi","service":"iap-service","timestamp":"2026-05-16 19:44:49"}
{"level":"debug","message":"GET /api/v1/admin/users?page=1&limit=10","service":"iap-service","timestamp":"2026-05-16 19:44:49"}
{"level":"debug","message":"GET /api/v1/admin/dashboard/stats/kpi","service":"iap-service","timestamp":"2026-05-16 19:44:50"}
{"level":"debug","message":"GET /api/v1/admin/users?page=1&limit=10","service":"iap-service","timestamp":"2026-05-16 19:44:50"}
{"level":"debug","message":"GET /api/v1/admin/dashboard-v2/advanced-metrics?preset=today","service":"iap-service","timestamp":"2026-05-16 19:44:50"}
{"level":"debug","message":"GET /api/v1/admin/dashboard/stats/kpi?preset=today","service":"iap-service","timestamp":"2026-05-16 19:44:50"}
{"level":"debug","message":"GET /api/v1/admin/dashboard/stats/kpi","service":"iap-service","timestamp":"2026-05-16 19:44:50"}
{"level":"debug","message":"GET /api/v1/admin/users?page=1&limit=10","service":"iap-service","timestamp":"2026-05-16 19:44:50"}
{"level":"debug","message":"GET /api/v1/admin/dashboard/stats/kpi","service":"iap-service","timestamp":"2026-05-16 19:44:50"}
{"level":"debug","message":"GET /api/v1/admin/users?page=1&limit=10","service":"iap-service","timestamp":"2026-05-16 19:44:50"}
{"level":"debug","message":"GET /api/v1/admin/dashboard-v2/advanced-metrics?preset=today","service":"iap-service","timestamp":"2026-05-16 19:44:50"}
{"level":"debug","message":"GET /api/v1/admin/dashboard/stats/kpi?preset=today","service":"iap-service","timestamp":"2026-05-16 19:44:50"}
{"level":"debug","message":"GET /api/v1/admin/dashboard/stats/kpi","service":"iap-service","timestamp":"2026-05-16 19:44:50"}
{"level":"debug","message":"GET /api/v1/admin/users?page=1&limit=10","service":"iap-service","timestamp":"2026-05-16 19:44:50"}
{"level":"debug","message":"GET /api/v1/admin/dashboard/stats/kpi","service":"iap-service","timestamp":"2026-05-16 19:44:50"}
{"level":"debug","message":"GET /api/v1/admin/users?page=1&limit=10","service":"iap-service","timestamp":"2026-05-16 19:44:50"}
{"level":"debug","message":"GET /api/v1/admin/dashboard-v2/advanced-metrics?preset=today","service":"iap-service","timestamp":"2026-05-16 19:44:50"}
{"level":"debug","message":"GET /api/v1/admin/dashboard/stats/kpi?preset=today","service":"iap-service","timestamp":"2026-05-16 19:44:50"}
{"level":"debug","message":"GET /api/v1/admin/dashboard/stats/kpi","service":"iap-service","timestamp":"2026-05-16 19:44:50"}
{"level":"debug","message":"GET /api/v1/admin/users?page=1&limit=10","service":"iap-service","timestamp":"2026-05-16 19:44:50"}
{"level":"debug","message":"GET /api/v1/admin/dashboard/stats/kpi","service":"iap-service","timestamp":"2026-05-16 19:44:50"}
{"level":"debug","message":"GET /api/v1/admin/users?page=1&limit=10","service":"iap-service","timestamp":"2026-05-16 19:44:50"}
{"level":"debug","message":"GET /api/v1/admin/dashboard-v2/advanced-metrics?preset=today","service":"iap-service","timestamp":"2026-05-16 19:44:50"}
{"level":"debug","message":"GET /api/v1/admin/dashboard/stats/kpi?preset=today","service":"iap-service","timestamp":"2026-05-16 19:44:50"}
{"level":"debug","message":"GET /api/v1/admin/users?page=1&limit=10","service":"iap-service","timestamp":"2026-05-16 19:44:50"}
{"level":"debug","message":"GET /api/v1/admin/dashboard/stats/kpi","service":"iap-service","timestamp":"2026-05-16 19:44:50"}
{"level":"debug","message":"GET /api/v1/admin/dashboard/stats/kpi","service":"iap-service","timestamp":"2026-05-16 19:44:50"}
{"level":"debug","message":"GET /api/v1/admin/users?page=1&limit=10","service":"iap-service","timestamp":"2026-05-16 19:44:50"}
{"level":"debug","message":"GET /api/v1/admin/dashboard-v2/advanced-metrics?preset=today","service":"iap-service","timestamp":"2026-05-16 19:44:50"}
{"level":"debug","message":"GET /api/v1/admin/dashboard/stats/kpi?preset=today","service":"iap-service","timestamp":"2026-05-16 19:44:50"}
{"level":"debug","message":"GET /api/v1/admin/dashboard/stats/kpi","service":"iap-service","timestamp":"2026-05-16 19:44:50"}
{"level":"debug","message":"GET /api/v1/admin/users?page=1&limit=10","service":"iap-service","timestamp":"2026-05-16 19:44:50"}
{"level":"debug","message":"GET /api/v1/admin/dashboard/stats/kpi","service":"iap-service","timestamp":"2026-05-16 19:44:50"}
{"level":"debug","message":"GET /api/v1/admin/users?page=1&limit=10","service":"iap-service","timestamp":"2026-05-16 19:44:50"}
{"level":"debug","message":"GET /api/v1/admin/dashboard-v2/advanced-metrics?preset=today","service":"iap-service","timestamp":"2026-05-16 19:44:50"}
{"level":"debug","message":"GET /api/v1/admin/dashboard/stats/kpi?preset=today","service":"iap-service","timestamp":"2026-05-16 19:44:50"}
{"level":"debug","message":"GET /api/v1/admin/dashboard/stats/kpi","service":"iap-service","timestamp":"2026-05-16 19:44:50"}
{"level":"debug","message":"GET /api/v1/admin/users?page=1&limit=10","service":"iap-service","timestamp":"2026-05-16 19:44:50"}
{"level":"debug","message":"GET /api/v1/admin/dashboard/stats/kpi","service":"iap-service","timestamp":"2026-05-16 19:44:51"}
{"level":"debug","message":"GET /api/v1/admin/users?page=1&limit=10","service":"iap-service","timestamp":"2026-05-16 19:44:51"}
{"level":"debug","message":"GET /api/v1/admin/dashboard-v2/advanced-metrics?preset=today","service":"iap-service","timestamp":"2026-05-16 19:44:51"}
{"level":"debug","message":"GET /api/v1/admin/dashboard/stats/kpi?preset=today","service":"iap-service","timestamp":"2026-05-16 19:44:51"}
{"level":"debug","message":"GET /api/v1/admin/dashboard/stats/kpi","service":"iap-service","timestamp":"2026-05-16 19:44:51"}
{"level":"debug","message":"GET /api/v1/admin/users?page=1&limit=10","service":"iap-service","timestamp":"2026-05-16 19:44:51"}
{"level":"debug","message":"GET /api/v1/admin/dashboard/stats/kpi","service":"iap-service","timestamp":"2026-05-16 19:44:51"}
{"level":"debug","message":"GET /api/v1/admin/users?page=1&limit=10","service":"iap-service","timestamp":"2026-05-16 19:44:51"}
{"level":"debug","message":"GET /api/v1/admin/dashboard-v2/advanced-metrics?preset=today","service":"iap-service","timestamp":"2026-05-16 19:44:51"}
{"level":"debug","message":"GET /api/v1/admin/dashboard/stats/kpi?preset=today","service":"iap-service","timestamp":"2026-05-16 19:44:51"}
{"level":"debug","message":"GET /api/v1/admin/dashboard/stats/kpi","service":"iap-service","timestamp":"2026-05-16 19:44:51"}
{"level":"debug","message":"GET /api/v1/admin/users?page=1&limit=10","service":"iap-service","timestamp":"2026-05-16 19:44:51"}
{"level":"debug","message":"GET /api/v1/admin/dashboard/stats/kpi","service":"iap-service","timestamp":"2026-05-16 19:44:51"}
{"level":"debug","message":"GET /api/v1/admin/users?page=1&limit=10","service":"iap-service","timestamp":"2026-05-16 19:44:51"}
{"level":"debug","message":"GET /api/v1/admin/dashboard-v2/advanced-metrics?preset=today","service":"iap-service","timestamp":"2026-05-16 19:44:51"}
{"level":"debug","message":"GET /api/v1/admin/dashboard/stats/kpi?preset=today","service":"iap-service","timestamp":"2026-05-16 19:44:51"}
{"level":"debug","message":"GET /api/v1/admin/dashboard/stats/kpi","service":"iap-service","timestamp":"2026-05-16 19:44:51"}
{"level":"debug","message":"GET /api/v1/admin/users?page=1&limit=10","service":"iap-service","timestamp":"2026-05-16 19:44:51"}
{"level":"debug","message":"GET /api/v1/admin/dashboard/stats/kpi","service":"iap-service","timestamp":"2026-05-16 19:44:51"}
{"level":"debug","message":"GET /api/v1/admin/users?page=1&limit=10","service":"iap-service","timestamp":"2026-05-16 19:44:51"}
{"level":"debug","message":"GET /api/v1/admin/dashboard-v2/advanced-metrics?preset=today","service":"iap-service","timestamp":"2026-05-16 19:44:51"}
{"level":"debug","message":"GET /api/v1/admin/dashboard/stats/kpi?preset=today","service":"iap-service","timestamp":"2026-05-16 19:44:51"}
{"level":"debug","message":"GET /api/v1/admin/dashboard/stats/kpi","service":"iap-service","timestamp":"2026-05-16 19:44:51"}
{"level":"debug","message":"GET /api/v1/admin/users?page=1&limit=10","service":"iap-service","timestamp":"2026-05-16 19:44:51"}
{"level":"debug","message":"GET /api/v1/admin/dashboard/stats/kpi","service":"iap-service","timestamp":"2026-05-16 19:44:51"}
{"level":"debug","message":"GET /api/v1/admin/users?page=1&limit=10","service":"iap-service","timestamp":"2026-05-16 19:44:51"}
{"level":"debug","message":"GET /api/v1/admin/dashboard-v2/advanced-metrics?preset=today","service":"iap-service","timestamp":"2026-05-16 19:44:51"}
{"level":"debug","message":"GET /api/v1/admin/dashboard/stats/kpi?preset=today","service":"iap-service","timestamp":"2026-05-16 19:44:51"}
{"level":"debug","message":"GET /api/v1/admin/dashboard/stats/kpi","service":"iap-service","timestamp":"2026-05-16 19:44:51"}
{"level":"debug","message":"GET /api/v1/admin/users?page=1&limit=10","service":"iap-service","timestamp":"2026-05-16 19:44:51"}
{"level":"debug","message":"GET /api/v1/admin/dashboard/stats/kpi","service":"iap-service","timestamp":"2026-05-16 19:44:51"}
{"level":"debug","message":"GET /api/v1/admin/users?page=1&limit=10","service":"iap-service","timestamp":"2026-05-16 19:44:51"}
{"level":"debug","message":"GET /api/v1/admin/dashboard-v2/advanced-metrics?preset=today","service":"iap-service","timestamp":"2026-05-16 19:44:51"}
{"level":"debug","message":"GET /api/v1/admin/dashboard/stats/kpi?preset=today","service":"iap-service","timestamp":"2026-05-16 19:44:51"}
{"level":"debug","message":"GET /api/v1/admin/dashboard/stats/kpi","service":"iap-service","timestamp":"2026-05-16 19:44:51"}
{"level":"debug","message":"GET /api/v1/admin/users?page=1&limit=10","service":"iap-service","timestamp":"2026-05-16 19:44:51"}
{"level":"debug","message":"GET /api/v1/admin/dashboard/stats/kpi","service":"iap-service","timestamp":"2026-05-16 19:44:51"}
{"level":"debug","message":"GET /api/v1/admin/users?page=1&limit=10","service":"iap-service","timestamp":"2026-05-16 19:44:51"}
{"level":"debug","message":"GET /api/v1/admin/dashboard-v2/advanced-metrics?preset=today","service":"iap-service","timestamp":"2026-05-16 19:44:51"}
{"level":"debug","message":"GET /api/v1/admin/dashboard/stats/kpi?preset=today","service":"iap-service","timestamp":"2026-05-16 19:44:51"}
{"level":"debug","message":"GET /api/v1/admin/dashboard/stats/kpi","service":"iap-service","timestamp":"2026-05-16 19:44:51"}
{"level":"debug","message":"GET /api/v1/admin/users?page=1&limit=10","service":"iap-service","timestamp":"2026-05-16 19:44:52"}
{"level":"debug","message":"GET /api/v1/admin/dashboard/stats/kpi","service":"iap-service","timestamp":"2026-05-16 19:44:52"}
{"level":"debug","message":"GET /api/v1/admin/users?page=1&limit=10","service":"iap-service","timestamp":"2026-05-16 19:44:52"}
{"level":"debug","message":"GET /api/v1/admin/dashboard-v2/advanced-metrics?preset=today","service":"iap-service","timestamp":"2026-05-16 19:44:52"}
{"level":"debug","message":"GET /api/v1/admin/dashboard/stats/kpi?preset=today","service":"iap-service","timestamp":"2026-05-16 19:44:52"}
{"level":"debug","message":"GET /api/v1/admin/dashboard/stats/kpi","service":"iap-service","timestamp":"2026-05-16 19:44:52"}
{"level":"debug","message":"GET /api/v1/admin/users?page=1&limit=10","service":"iap-service","timestamp":"2026-05-16 19:44:52"}
{"level":"debug","message":"GET /api/v1/admin/dashboard/stats/kpi","service":"iap-service","timestamp":"2026-05-16 19:44:52"}
{"level":"debug","message":"GET /api/v1/admin/users?page=1&limit=10","service":"iap-service","timestamp":"2026-05-16 19:44:52"}
{"level":"debug","message":"GET /api/v1/admin/dashboard-v2/advanced-metrics?preset=today","service":"iap-service","timestamp":"2026-05-16 19:44:52"}
{"level":"debug","message":"GET /api/v1/admin/dashboard/stats/kpi?preset=today","service":"iap-service","timestamp":"2026-05-16 19:44:52"}
{"level":"debug","message":"GET /api/v1/admin/dashboard/stats/kpi","service":"iap-service","timestamp":"2026-05-16 19:44:52"}
{"level":"debug","message":"GET /api/v1/admin/users?page=1&limit=10","service":"iap-service","timestamp":"2026-05-16 19:44:52"}
{"level":"debug","message":"GET /api/v1/admin/dashboard/stats/kpi","service":"iap-service","timestamp":"2026-05-16 19:44:52"}
{"level":"debug","message":"GET /api/v1/admin/users?page=1&limit=10","service":"iap-service","timestamp":"2026-05-16 19:44:52"}
{"level":"debug","message":"GET /api/v1/admin/dashboard-v2/advanced-metrics?preset=today","service":"iap-service","timestamp":"2026-05-16 19:44:52"}
{"level":"debug","message":"GET /api/v1/admin/dashboard/stats/kpi?preset=today","service":"iap-service","timestamp":"2026-05-16 19:44:52"}
{"level":"debug","message":"GET /api/v1/admin/dashboard/stats/kpi","service":"iap-service","timestamp":"2026-05-16 19:44:52"}
{"level":"debug","message":"GET /api/v1/admin/users?page=1&limit=10","service":"iap-service","timestamp":"2026-05-16 19:44:52"}
{"level":"debug","message":"GET /api/v1/admin/dashboard/stats/kpi","service":"iap-service","timestamp":"2026-05-16 19:44:52"}
{"level":"debug","message":"GET /api/v1/admin/users?page=1&limit=10","service":"iap-service","timestamp":"2026-05-16 19:44:52"}
{"level":"debug","message":"GET /api/v1/admin/dashboard-v2/advanced-metrics?preset=today","service":"iap-service","timestamp":"2026-05-16 19:44:52"}
{"level":"debug","message":"GET /api/v1/admin/dashboard/stats/kpi?preset=today","service":"iap-service","timestamp":"2026-05-16 19:44:52"}
{"level":"debug","message":"GET /api/v1/admin/dashboard/stats/kpi","service":"iap-service","timestamp":"2026-05-16 19:44:52"}
{"level":"debug","message":"GET /api/v1/admin/users?page=1&limit=10","service":"iap-service","timestamp":"2026-05-16 19:44:52"}
{"level":"debug","message":"GET /api/v1/admin/dashboard/stats/kpi","service":"iap-service","timestamp":"2026-05-16 19:44:52"}
{"level":"debug","message":"GET /api/v1/admin/users?page=1&limit=10","service":"iap-service","timestamp":"2026-05-16 19:44:52"}
{"level":"debug","message":"GET /api/v1/admin/dashboard-v2/advanced-metrics?preset=today","service":"iap-service","timestamp":"2026-05-16 19:44:52"}
{"level":"debug","message":"GET /api/v1/admin/dashboard/stats/kpi?preset=today","service":"iap-service","timestamp":"2026-05-16 19:44:52"}
{"level":"debug","message":"GET /api/v1/admin/users?page=1&limit=10","service":"iap-service","timestamp":"2026-05-16 19:44:52"}
{"level":"debug","message":"GET /api/v1/admin/dashboard/stats/kpi","service":"iap-service","timestamp":"2026-05-16 19:44:52"}
{"level":"debug","message":"GET /api/v1/admin/dashboard/stats/kpi","service":"iap-service","timestamp":"2026-05-16 19:44:52"}
{"level":"debug","message":"GET /api/v1/admin/users?page=1&limit=10","service":"iap-service","timestamp":"2026-05-16 19:44:52"}
{"level":"debug","message":"GET /api/v1/admin/dashboard-v2/advanced-metrics?preset=today","service":"iap-service","timestamp":"2026-05-16 19:44:52"}
{"level":"debug","message":"GET /api/v1/admin/dashboard/stats/kpi?preset=today","service":"iap-service","timestamp":"2026-05-16 19:44:52"}
{"level":"debug","message":"GET /api/v1/admin/dashboard/stats/kpi","service":"iap-service","timestamp":"2026-05-16 19:44:52"}
{"level":"debug","message":"GET /api/v1/admin/users?page=1&limit=10","service":"iap-service","timestamp":"2026-05-16 19:44:52"}
{"level":"debug","message":"GET /api/v1/admin/dashboard/stats/kpi","service":"iap-service","timestamp":"2026-05-16 19:44:52"}
{"level":"debug","message":"GET /api/v1/admin/users?page=1&limit=10","service":"iap-service","timestamp":"2026-05-16 19:44:52"}
{"level":"debug","message":"GET /api/v1/admin/dashboard-v2/advanced-metrics?preset=today","service":"iap-service","timestamp":"2026-05-16 19:44:52"}
{"level":"debug","message":"GET /api/v1/admin/dashboard/stats/kpi?preset=today","service":"iap-service","timestamp":"2026-05-16 19:44:52"}
{"level":"debug","message":"GET /api/v1/admin/dashboard/stats/kpi","service":"iap-service","timestamp":"2026-05-16 19:44:52"}
{"level":"debug","message":"GET /api/v1/admin/users?page=1&limit=10","service":"iap-service","timestamp":"2026-05-16 19:44:52"}
{"level":"debug","message":"GET /api/v1/admin/dashboard/stats/kpi","service":"iap-service","timestamp":"2026-05-16 19:44:52"}
{"level":"debug","message":"GET /api/v1/admin/users?page=1&limit=10","service":"iap-service","timestamp":"2026-05-16 19:44:52"}
{"level":"debug","message":"GET /api/v1/admin/dashboard-v2/advanced-metrics?preset=today","service":"iap-service","timestamp":"2026-05-16 19:44:52"}
{"level":"debug","message":"GET /api/v1/admin/dashboard/stats/kpi?preset=today","service":"iap-service","timestamp":"2026-05-16 19:44:52"}
{"level":"debug","message":"GET /api/v1/admin/dashboard/stats/kpi","service":"iap-service","timestamp":"2026-05-16 19:44:52"}
{"level":"debug","message":"GET /api/v1/admin/users?page=1&limit=10","service":"iap-service","timestamp":"2026-05-16 19:44:52"}
{"level":"debug","message":"GET /api/v1/admin/dashboard-v2/advanced-metrics?preset=today","service":"iap-service","timestamp":"2026-05-16 19:44:53"}
{"level":"debug","message":"GET /api/v1/admin/dashboard/stats/kpi?preset=today","service":"iap-service","timestamp":"2026-05-16 19:44:53"}
{"level":"debug","message":"GET /api/v1/admin/users?page=1&limit=10","service":"iap-service","timestamp":"2026-05-16 19:44:53"}
{"level":"debug","message":"GET /api/v1/admin/dashboard/stats/kpi","service":"iap-service","timestamp":"2026-05-16 19:44:53"}
{"level":"debug","message":"GET /api/v1/admin/users?page=1&limit=10","service":"iap-service","timestamp":"2026-05-16 19:44:53"}
{"level":"debug","message":"GET /api/v1/admin/dashboard/stats/kpi","service":"iap-service","timestamp":"2026-05-16 19:44:53"}
{"level":"debug","message":"GET /api/v1/admin/dashboard/stats/kpi","service":"iap-service","timestamp":"2026-05-16 19:44:53"}
{"level":"debug","message":"GET /api/v1/admin/users?page=1&limit=10","service":"iap-service","timestamp":"2026-05-16 19:44:53"}
{"level":"debug","message":"GET /api/v1/admin/dashboard-v2/advanced-metrics?preset=today","service":"iap-service","timestamp":"2026-05-16 19:44:53"}
{"level":"debug","message":"GET /api/v1/admin/dashboard/stats/kpi?preset=today","service":"iap-service","timestamp":"2026-05-16 19:44:53"}
{"level":"debug","message":"GET /api/v1/admin/dashboard/stats/kpi","service":"iap-service","timestamp":"2026-05-16 19:44:53"}
{"level":"debug","message":"GET /api/v1/admin/users?page=1&limit=10","service":"iap-service","timestamp":"2026-05-16 19:44:53"}
{"level":"debug","message":"GET /api/v1/admin/dashboard/stats/kpi","service":"iap-service","timestamp":"2026-05-16 19:44:53"}
{"level":"debug","message":"GET /api/v1/admin/users?page=1&limit=10","service":"iap-service","timestamp":"2026-05-16 19:44:53"}
{"level":"debug","message":"GET /api/v1/admin/dashboard-v2/advanced-metrics?preset=today","service":"iap-service","timestamp":"2026-05-16 19:44:53"}
{"level":"debug","message":"GET /api/v1/admin/dashboard/stats/kpi?preset=today","service":"iap-service","timestamp":"2026-05-16 19:44:53"}
{"level":"debug","message":"GET /api/v1/admin/dashboard/stats/kpi","service":"iap-service","timestamp":"2026-05-16 19:44:53"}
{"level":"debug","message":"GET /api/v1/admin/users?page=1&limit=10","service":"iap-service","timestamp":"2026-05-16 19:44:53"}
{"level":"debug","message":"GET /api/v1/admin/dashboard/stats/kpi","service":"iap-service","timestamp":"2026-05-16 19:44:53"}
{"level":"debug","message":"GET /api/v1/admin/users?page=1&limit=10","service":"iap-service","timestamp":"2026-05-16 19:44:53"}
{"level":"debug","message":"GET /api/v1/admin/dashboard-v2/advanced-metrics?preset=today","service":"iap-service","timestamp":"2026-05-16 19:44:53"}
{"level":"debug","message":"GET /api/v1/admin/dashboard/stats/kpi?preset=today","service":"iap-service","timestamp":"2026-05-16 19:44:53"}
{"level":"debug","message":"GET /api/v1/admin/dashboard/stats/kpi","service":"iap-service","timestamp":"2026-05-16 19:44:53"}
{"level":"debug","message":"GET /api/v1/admin/users?page=1&limit=10","service":"iap-service","timestamp":"2026-05-16 19:44:53"}
{"level":"debug","message":"GET /api/v1/admin/dashboard/stats/kpi","service":"iap-service","timestamp":"2026-05-16 19:44:53"}
{"level":"debug","message":"GET /api/v1/admin/users?page=1&limit=10","service":"iap-service","timestamp":"2026-05-16 19:44:53"}
{"level":"debug","message":"GET /api/v1/admin/dashboard-v2/advanced-metrics?preset=today","service":"iap-service","timestamp":"2026-05-16 19:44:53"}
{"level":"debug","message":"GET /api/v1/admin/dashboard/stats/kpi?preset=today","service":"iap-service","timestamp":"2026-05-16 19:44:53"}
{"level":"debug","message":"GET /api/v1/admin/dashboard/stats/kpi","service":"iap-service","timestamp":"2026-05-16 19:44:53"}
{"level":"debug","message":"GET /api/v1/admin/users?page=1&limit=10","service":"iap-service","timestamp":"2026-05-16 19:44:53"}
{"level":"debug","message":"GET /api/v1/admin/dashboard/stats/kpi","service":"iap-service","timestamp":"2026-05-16 19:44:53"}
{"level":"debug","message":"GET /api/v1/admin/users?page=1&limit=10","service":"iap-service","timestamp":"2026-05-16 19:44:53"}
{"level":"debug","message":"GET /api/v1/admin/dashboard-v2/advanced-metrics?preset=today","service":"iap-service","timestamp":"2026-05-16 19:44:53"}
{"level":"debug","message":"GET /api/v1/admin/dashboard/stats/kpi?preset=today","service":"iap-service","timestamp":"2026-05-16 19:44:53"}
{"level":"debug","message":"GET /api/v1/admin/dashboard/stats/kpi","service":"iap-service","timestamp":"2026-05-16 19:44:53"}
{"level":"debug","message":"GET /api/v1/admin/users?page=1&limit=10","service":"iap-service","timestamp":"2026-05-16 19:44:53"}
{"level":"debug","message":"GET /api/v1/admin/dashboard/stats/kpi","service":"iap-service","timestamp":"2026-05-16 19:44:54"}
{"level":"debug","message":"GET /api/v1/admin/users?page=1&limit=10","service":"iap-service","timestamp":"2026-05-16 19:44:54"}
{"level":"debug","message":"GET /api/v1/admin/dashboard-v2/advanced-metrics?preset=today","service":"iap-service","timestamp":"2026-05-16 19:44:54"}
{"level":"debug","message":"GET /api/v1/admin/dashboard/stats/kpi?preset=today","service":"iap-service","timestamp":"2026-05-16 19:44:54"}
{"level":"debug","message":"GET /api/v1/admin/dashboard/stats/kpi","service":"iap-service","timestamp":"2026-05-16 19:44:54"}
{"level":"debug","message":"GET /api/v1/admin/users?page=1&limit=10","service":"iap-service","timestamp":"2026-05-16 19:44:54"}
{"level":"debug","message":"GET /api/v1/admin/dashboard/stats/kpi","service":"iap-service","timestamp":"2026-05-16 19:44:54"}
{"level":"debug","message":"GET /api/v1/admin/users?page=1&limit=10","service":"iap-service","timestamp":"2026-05-16 19:44:54"}
{"level":"debug","message":"GET /api/v1/admin/dashboard-v2/advanced-metrics?preset=today","service":"iap-service","timestamp":"2026-05-16 19:44:54"}
{"level":"debug","message":"GET /api/v1/admin/dashboard/stats/kpi?preset=today","service":"iap-service","timestamp":"2026-05-16 19:44:54"}
{"level":"debug","message":"GET /api/v1/admin/dashboard/stats/kpi","service":"iap-service","timestamp":"2026-05-16 19:44:54"}
{"level":"debug","message":"GET /api/v1/admin/users?page=1&limit=10","service":"iap-service","timestamp":"2026-05-16 19:44:54"}
{"level":"debug","message":"GET /api/v1/admin/dashboard/stats/kpi","service":"iap-service","timestamp":"2026-05-16 19:44:54"}
{"level":"debug","message":"GET /api/v1/admin/users?page=1&limit=10","service":"iap-service","timestamp":"2026-05-16 19:44:54"}
{"level":"debug","message":"GET /api/v1/admin/dashboard-v2/advanced-metrics?preset=today","service":"iap-service","timestamp":"2026-05-16 19:44:54"}
{"level":"debug","message":"GET /api/v1/admin/dashboard/stats/kpi?preset=today","service":"iap-service","timestamp":"2026-05-16 19:44:54"}
{"level":"debug","message":"GET /api/v1/admin/dashboard/stats/kpi","service":"iap-service","timestamp":"2026-05-16 19:44:54"}
{"level":"debug","message":"GET /api/v1/admin/users?page=1&limit=10","service":"iap-service","timestamp":"2026-05-16 19:44:54"}
{"level":"debug","message":"GET /api/v1/admin/dashboard/stats/kpi","service":"iap-service","timestamp":"2026-05-16 19:44:54"}
{"level":"debug","message":"GET /api/v1/admin/users?page=1&limit=10","service":"iap-service","timestamp":"2026-05-16 19:44:54"}
{"level":"debug","message":"GET /api/v1/admin/dashboard-v2/advanced-metrics?preset=today","service":"iap-service","timestamp":"2026-05-16 19:44:54"}
{"level":"debug","message":"GET /api/v1/admin/dashboard/stats/kpi?preset=today","service":"iap-service","timestamp":"2026-05-16 19:44:54"}
{"level":"debug","message":"GET /api/v1/admin/users?page=1&limit=10","service":"iap-service","timestamp":"2026-05-16 19:44:54"}
{"level":"debug","message":"GET /api/v1/admin/dashboard/stats/kpi","service":"iap-service","timestamp":"2026-05-16 19:44:54"}
{"level":"debug","message":"GET /api/v1/admin/dashboard/stats/kpi","service":"iap-service","timestamp":"2026-05-16 19:44:54"}
{"level":"debug","message":"GET /api/v1/admin/users?page=1&limit=10","service":"iap-service","timestamp":"2026-05-16 19:44:54"}
{"level":"debug","message":"GET /api/v1/admin/dashboard-v2/advanced-metrics?preset=today","service":"iap-service","timestamp":"2026-05-16 19:44:54"}
{"level":"debug","message":"GET /api/v1/admin/dashboard/stats/kpi?preset=today","service":"iap-service","timestamp":"2026-05-16 19:44:54"}
{"level":"debug","message":"GET /api/v1/admin/users?page=1&limit=10","service":"iap-service","timestamp":"2026-05-16 19:44:54"}
{"level":"debug","message":"GET /api/v1/admin/dashboard/stats/kpi","service":"iap-service","timestamp":"2026-05-16 19:44:54"}
{"level":"debug","message":"GET /api/v1/admin/dashboard/stats/kpi","service":"iap-service","timestamp":"2026-05-16 19:44:55"}
{"level":"debug","message":"GET /api/v1/admin/users?page=1&limit=10","service":"iap-service","timestamp":"2026-05-16 19:44:55"}
{"level":"debug","message":"GET /api/v1/admin/dashboard-v2/advanced-metrics?preset=today","service":"iap-service","timestamp":"2026-05-16 19:44:55"}
{"level":"debug","message":"GET /api/v1/admin/dashboard/stats/kpi?preset=today","service":"iap-service","timestamp":"2026-05-16 19:44:55"}
{"level":"debug","message":"GET /api/v1/admin/dashboard/stats/kpi","service":"iap-service","timestamp":"2026-05-16 19:44:55"}
{"level":"debug","message":"GET /api/v1/admin/users?page=1&limit=10","service":"iap-service","timestamp":"2026-05-16 19:44:55"}
{"level":"debug","message":"GET /api/v1/admin/dashboard/stats/kpi","service":"iap-service","timestamp":"2026-05-16 19:44:55"}
{"level":"debug","message":"GET /api/v1/admin/users?page=1&limit=10","service":"iap-service","timestamp":"2026-05-16 19:44:55"}
{"level":"debug","message":"GET /api/v1/admin/dashboard-v2/advanced-metrics?preset=today","service":"iap-service","timestamp":"2026-05-16 19:44:55"}
{"level":"debug","message":"GET /api/v1/admin/dashboard/stats/kpi?preset=today","service":"iap-service","timestamp":"2026-05-16 19:44:55"}
{"level":"debug","message":"GET /api/v1/admin/dashboard/stats/kpi","service":"iap-service","timestamp":"2026-05-16 19:44:55"}
{"level":"debug","message":"GET /api/v1/admin/users?page=1&limit=10","service":"iap-service","timestamp":"2026-05-16 19:44:55"}
{"level":"debug","message":"GET /api/v1/admin/dashboard/stats/kpi","service":"iap-service","timestamp":"2026-05-16 19:44:55"}
{"level":"debug","message":"GET /api/v1/admin/users?page=1&limit=10","service":"iap-service","timestamp":"2026-05-16 19:44:55"}
{"level":"debug","message":"GET /api/v1/admin/dashboard-v2/advanced-metrics?preset=today","service":"iap-service","timestamp":"2026-05-16 19:44:55"}
{"level":"debug","message":"GET /api/v1/admin/dashboard/stats/kpi?preset=today","service":"iap-service","timestamp":"2026-05-16 19:44:55"}
{"level":"debug","message":"GET /api/v1/admin/users?page=1&limit=10","service":"iap-service","timestamp":"2026-05-16 19:44:55"}
{"level":"debug","message":"GET /api/v1/admin/dashboard/stats/kpi","service":"iap-service","timestamp":"2026-05-16 19:44:55"}
{"level":"debug","message":"GET /api/v1/admin/dashboard/stats/kpi","service":"iap-service","timestamp":"2026-05-16 19:44:55"}
{"level":"debug","message":"GET /api/v1/admin/users?page=1&limit=10","service":"iap-service","timestamp":"2026-05-16 19:44:55"}
{"level":"debug","message":"GET /api/v1/admin/dashboard-v2/advanced-metrics?preset=today","service":"iap-service","timestamp":"2026-05-16 19:44:55"}
{"level":"debug","message":"GET /api/v1/admin/dashboard/stats/kpi?preset=today","service":"iap-service","timestamp":"2026-05-16 19:44:55"}
{"level":"debug","message":"GET /api/v1/admin/dashboard/stats/kpi","service":"iap-service","timestamp":"2026-05-16 19:44:55"}
{"level":"debug","message":"GET /api/v1/admin/users?page=1&limit=10","service":"iap-service","timestamp":"2026-05-16 19:44:55"}
{"level":"debug","message":"GET /api/v1/admin/dashboard/stats/kpi","service":"iap-service","timestamp":"2026-05-16 19:44:55"}
{"level":"debug","message":"GET /api/v1/admin/users?page=1&limit=10","service":"iap-service","timestamp":"2026-05-16 19:44:55"}
{"level":"debug","message":"GET /api/v1/admin/dashboard-v2/advanced-metrics?preset=today","service":"iap-service","timestamp":"2026-05-16 19:44:55"}
{"level":"debug","message":"GET /api/v1/admin/dashboard/stats/kpi?preset=today","service":"iap-service","timestamp":"2026-05-16 19:44:55"}
{"level":"debug","message":"GET /api/v1/admin/dashboard/stats/kpi","service":"iap-service","timestamp":"2026-05-16 19:44:55"}
{"level":"debug","message":"GET /api/v1/admin/users?page=1&limit=10","service":"iap-service","timestamp":"2026-05-16 19:44:55"}
{"level":"debug","message":"GET /api/v1/admin/dashboard/stats/kpi","service":"iap-service","timestamp":"2026-05-16 19:44:56"}
{"level":"debug","message":"GET /api/v1/admin/users?page=1&limit=10","service":"iap-service","timestamp":"2026-05-16 19:44:56"}
{"level":"debug","message":"GET /api/v1/admin/dashboard-v2/advanced-metrics?preset=today","service":"iap-service","timestamp":"2026-05-16 19:44:56"}
{"level":"debug","message":"GET /api/v1/admin/dashboard/stats/kpi?preset=today","service":"iap-service","timestamp":"2026-05-16 19:44:56"}
{"level":"debug","message":"GET /api/v1/admin/dashboard/stats/kpi","service":"iap-service","timestamp":"2026-05-16 19:44:56"}
{"level":"debug","message":"GET /api/v1/admin/users?page=1&limit=10","service":"iap-service","timestamp":"2026-05-16 19:44:56"}
{"level":"debug","message":"GET /api/v1/admin/dashboard/stats/kpi","service":"iap-service","timestamp":"2026-05-16 19:44:56"}
{"level":"debug","message":"GET /api/v1/admin/users?page=1&limit=10","service":"iap-service","timestamp":"2026-05-16 19:44:56"}
{"level":"debug","message":"GET /api/v1/admin/dashboard-v2/advanced-metrics?preset=today","service":"iap-service","timestamp":"2026-05-16 19:44:56"}
{"level":"debug","message":"GET /api/v1/admin/dashboard/stats/kpi?preset=today","service":"iap-service","timestamp":"2026-05-16 19:44:56"}
{"level":"debug","message":"GET /api/v1/admin/dashboard/stats/kpi","service":"iap-service","timestamp":"2026-05-16 19:44:56"}
{"level":"debug","message":"GET /api/v1/admin/users?page=1&limit=10","service":"iap-service","timestamp":"2026-05-16 19:44:56"}
{"level":"debug","message":"GET /api/v1/admin/dashboard/stats/kpi","service":"iap-service","timestamp":"2026-05-16 19:44:56"}
{"level":"debug","message":"GET /api/v1/admin/users?page=1&limit=10","service":"iap-service","timestamp":"2026-05-16 19:44:56"}
{"level":"debug","message":"GET /api/v1/admin/dashboard-v2/advanced-metrics?preset=today","service":"iap-service","timestamp":"2026-05-16 19:44:56"}
{"level":"debug","message":"GET /api/v1/admin/dashboard/stats/kpi?preset=today","service":"iap-service","timestamp":"2026-05-16 19:44:56"}
{"level":"debug","message":"GET /api/v1/admin/users?page=1&limit=10","service":"iap-service","timestamp":"2026-05-16 19:44:56"}
{"level":"debug","message":"GET /api/v1/admin/dashboard/stats/kpi","service":"iap-service","timestamp":"2026-05-16 19:44:56"}
{"level":"debug","message":"GET /api/v1/admin/dashboard/stats/kpi","service":"iap-service","timestamp":"2026-05-16 19:44:56"}
{"level":"debug","message":"GET /api/v1/admin/users?page=1&limit=10","service":"iap-service","timestamp":"2026-05-16 19:44:56"}
{"level":"debug","message":"GET /api/v1/admin/dashboard-v2/advanced-metrics?preset=today","service":"iap-service","timestamp":"2026-05-16 19:44:56"}
{"level":"debug","message":"GET /api/v1/admin/dashboard/stats/kpi?preset=today","service":"iap-service","timestamp":"2026-05-16 19:44:56"}
{"level":"debug","message":"GET /api/v1/admin/dashboard/stats/kpi","service":"iap-service","timestamp":"2026-05-16 19:44:56"}
{"level":"debug","message":"GET /api/v1/admin/users?page=1&limit=10","service":"iap-service","timestamp":"2026-05-16 19:44:56"}
{"level":"debug","message":"GET /api/v1/admin/dashboard/stats/kpi","service":"iap-service","timestamp":"2026-05-16 19:44:56"}
{"level":"debug","message":"GET /api/v1/admin/users?page=1&limit=10","service":"iap-service","timestamp":"2026-05-16 19:44:56"}
{"level":"debug","message":"GET /api/v1/admin/dashboard-v2/advanced-metrics?preset=today","service":"iap-service","timestamp":"2026-05-16 19:44:56"}
{"level":"debug","message":"GET /api/v1/admin/dashboard/stats/kpi?preset=today","service":"iap-service","timestamp":"2026-05-16 19:44:56"}
{"level":"debug","message":"GET /api/v1/admin/dashboard/stats/kpi","service":"iap-service","timestamp":"2026-05-16 19:44:56"}
{"level":"debug","message":"GET /api/v1/admin/users?page=1&limit=10","service":"iap-service","timestamp":"2026-05-16 19:44:56"}
{"level":"debug","message":"GET /api/v1/admin/dashboard/stats/kpi","service":"iap-service","timestamp":"2026-05-16 19:44:56"}
{"level":"debug","message":"GET /api/v1/admin/users?page=1&limit=10","service":"iap-service","timestamp":"2026-05-16 19:44:56"}
{"level":"debug","message":"GET /api/v1/admin/dashboard-v2/advanced-metrics?preset=today","service":"iap-service","timestamp":"2026-05-16 19:44:56"}
{"level":"debug","message":"GET /api/v1/admin/dashboard/stats/kpi?preset=today","service":"iap-service","timestamp":"2026-05-16 19:44:56"}
{"level":"debug","message":"GET /api/v1/admin/dashboard/stats/kpi","service":"iap-service","timestamp":"2026-05-16 19:44:56"}
{"level":"debug","message":"GET /api/v1/admin/users?page=1&limit=10","service":"iap-service","timestamp":"2026-05-16 19:44:56"}
{"level":"debug","message":"GET /api/v1/admin/dashboard/stats/kpi","service":"iap-service","timestamp":"2026-05-16 19:44:56"}
{"level":"debug","message":"GET /api/v1/admin/users?page=1&limit=10","service":"iap-service","timestamp":"2026-05-16 19:44:56"}
{"level":"debug","message":"GET /api/v1/admin/dashboard-v2/advanced-metrics?preset=today","service":"iap-service","timestamp":"2026-05-16 19:44:56"}
{"level":"debug","message":"GET /api/v1/admin/dashboard/stats/kpi?preset=today","service":"iap-service","timestamp":"2026-05-16 19:44:56"}
{"level":"debug","message":"GET /api/v1/admin/users?page=1&limit=10","service":"iap-service","timestamp":"2026-05-16 19:44:56"}
{"level":"debug","message":"GET /api/v1/admin/dashboard/stats/kpi","service":"iap-service","timestamp":"2026-05-16 19:44:56"}
{"level":"debug","message":"GET /api/v1/admin/dashboard/stats/kpi","service":"iap-service","timestamp":"2026-05-16 19:44:57"}
{"level":"debug","message":"GET /api/v1/admin/users?page=1&limit=10","service":"iap-service","timestamp":"2026-05-16 19:44:57"}
{"level":"debug","message":"GET /api/v1/admin/dashboard-v2/advanced-metrics?preset=today","service":"iap-service","timestamp":"2026-05-16 19:44:57"}
{"level":"debug","message":"GET /api/v1/admin/dashboard/stats/kpi?preset=today","service":"iap-service","timestamp":"2026-05-16 19:44:57"}
{"level":"debug","message":"GET /api/v1/admin/dashboard/stats/kpi","service":"iap-service","timestamp":"2026-05-16 19:44:57"}
{"level":"debug","message":"GET /api/v1/admin/users?page=1&limit=10","service":"iap-service","timestamp":"2026-05-16 19:44:57"}
{"level":"debug","message":"GET /api/v1/admin/dashboard/stats/kpi","service":"iap-service","timestamp":"2026-05-16 19:44:57"}
{"level":"debug","message":"GET /api/v1/admin/users?page=1&limit=10","service":"iap-service","timestamp":"2026-05-16 19:44:57"}
{"level":"debug","message":"GET /api/v1/admin/dashboard-v2/advanced-metrics?preset=today","service":"iap-service","timestamp":"2026-05-16 19:44:57"}
{"level":"debug","message":"GET /api/v1/admin/dashboard/stats/kpi?preset=today","service":"iap-service","timestamp":"2026-05-16 19:44:57"}
{"level":"debug","message":"GET /api/v1/admin/dashboard/stats/kpi","service":"iap-service","timestamp":"2026-05-16 19:44:57"}
{"level":"debug","message":"GET /api/v1/admin/users?page=1&limit=10","service":"iap-service","timestamp":"2026-05-16 19:44:57"}
{"level":"debug","message":"GET /api/v1/admin/dashboard/stats/kpi","service":"iap-service","timestamp":"2026-05-16 19:44:57"}
{"level":"debug","message":"GET /api/v1/admin/users?page=1&limit=10","service":"iap-service","timestamp":"2026-05-16 19:44:57"}
{"level":"debug","message":"GET /api/v1/admin/dashboard-v2/advanced-metrics?preset=today","service":"iap-service","timestamp":"2026-05-16 19:44:57"}
{"level":"debug","message":"GET /api/v1/admin/dashboard/stats/kpi?preset=today","service":"iap-service","timestamp":"2026-05-16 19:44:57"}
{"level":"debug","message":"GET /api/v1/admin/dashboard/stats/kpi","service":"iap-service","timestamp":"2026-05-16 19:44:57"}
{"level":"debug","message":"GET /api/v1/admin/users?page=1&limit=10","service":"iap-service","timestamp":"2026-05-16 19:44:57"}
{"level":"debug","message":"GET /api/v1/admin/dashboard/stats/kpi","service":"iap-service","timestamp":"2026-05-16 19:44:57"}
{"level":"debug","message":"GET /api/v1/admin/dashboard-v2/advanced-metrics?preset=today","service":"iap-service","timestamp":"2026-05-16 19:44:57"}
{"level":"debug","message":"GET /api/v1/admin/dashboard/stats/kpi?preset=today","service":"iap-service","timestamp":"2026-05-16 19:44:57"}
{"level":"debug","message":"GET /api/v1/admin/users?page=1&limit=10","service":"iap-service","timestamp":"2026-05-16 19:44:57"}
{"level":"debug","message":"GET /api/v1/admin/dashboard/stats/kpi","service":"iap-service","timestamp":"2026-05-16 19:44:57"}
{"level":"debug","message":"GET /api/v1/admin/users?page=1&limit=10","service":"iap-service","timestamp":"2026-05-16 19:44:57"}
{"level":"debug","message":"POST /api/v1/admin/auth/login","service":"iap-service","timestamp":"2026-05-16 19:45:03"}
{"level":"debug","message":"POST /api/v1/admin/auth/login","service":"iap-service","timestamp":"2026-05-16 19:45:09"}
{"level":"debug","message":"POST /api/v1/admin/auth/login","service":"iap-service","timestamp":"2026-05-16 19:45:24"}
{"level":"debug","message":"POST /api/v1/admin/auth/login","service":"iap-service","timestamp":"2026-05-16 19:45:37"}
{"level":"debug","message":"GET /api/v1/admin/giveaway/campaigns?page=1&limit=10","service":"iap-service","timestamp":"2026-05-16 19:45:38"}
{"level":"debug","message":"GET /api/v1/admin/account","service":"iap-service","timestamp":"2026-05-16 19:45:38"}
{"level":"debug","message":"GET /api/v1/admin/profile-review/reported?limit=1","service":"iap-service","timestamp":"2026-05-16 19:45:38"}
{"level":"debug","message":"GET /api/v1/admin/moderation/pending-verifications?limit=1","service":"iap-service","timestamp":"2026-05-16 19:45:38"}
{"level":"debug","message":"GET /api/v1/contact/alltickets?limit=1","service":"iap-service","timestamp":"2026-05-16 19:45:38"}
{"level":"debug","message":"GET /api/v1/admin/dashboard/stats/kpi","service":"iap-service","timestamp":"2026-05-16 19:45:38"}
{"level":"debug","message":"GET /api/v1/admin/giveaway/campaigns?page=1&limit=10","service":"iap-service","timestamp":"2026-05-16 19:45:38"}
{"level":"debug","message":"GET /api/v1/admin/users?page=1&limit=10","service":"iap-service","timestamp":"2026-05-16 19:45:38"}
{"level":"debug","message":"GET /api/v1/admin/dashboard-v2/advanced-metrics?preset=today","service":"iap-service","timestamp":"2026-05-16 19:45:38"}
{"level":"debug","message":"GET /api/v1/admin/dashboard/stats/kpi?preset=today","service":"iap-service","timestamp":"2026-05-16 19:45:38"}
{"level":"debug","message":"GET /api/v1/admin/profile-review/reported?limit=1","service":"iap-service","timestamp":"2026-05-16 19:45:38"}
{"level":"debug","message":"GET /api/v1/contact/alltickets?limit=1","service":"iap-service","timestamp":"2026-05-16 19:45:38"}
{"level":"debug","message":"GET /api/v1/admin/account","service":"iap-service","timestamp":"2026-05-16 19:45:38"}
{"level":"debug","message":"GET /api/v1/admin/dashboard/stats/kpi","service":"iap-service","timestamp":"2026-05-16 19:45:38"}
{"level":"debug","message":"GET /api/v1/admin/users?page=1&limit=10","service":"iap-service","timestamp":"2026-05-16 19:45:38"}
{"level":"debug","message":"GET /api/v1/admin/dashboard/stats/kpi?preset=today","service":"iap-service","timestamp":"2026-05-16 19:45:38"}
{"level":"debug","message":"GET /api/v1/admin/dashboard-v2/advanced-metrics?preset=today","service":"iap-service","timestamp":"2026-05-16 19:45:38"}
{"level":"debug","message":"GET /api/v1/admin/dashboard/stats/kpi","service":"iap-service","timestamp":"2026-05-16 19:45:38"}
{"level":"debug","message":"GET /api/v1/admin/users?page=1&limit=10","service":"iap-service","timestamp":"2026-05-16 19:45:39"}
{"level":"debug","message":"GET /api/v1/admin/dashboard/stats/kpi?preset=today","service":"iap-service","timestamp":"2026-05-16 19:45:39"}
{"level":"debug","message":"GET /api/v1/admin/dashboard/stats/kpi","service":"iap-service","timestamp":"2026-05-16 19:45:39"}
{"level":"debug","message":"GET /api/v1/admin/users?page=1&limit=10","service":"iap-service","timestamp":"2026-05-16 19:45:39"}
{"level":"debug","message":"GET /api/v1/admin/dashboard-v2/advanced-metrics?preset=today","service":"iap-service","timestamp":"2026-05-16 19:45:39"}
{"level":"debug","message":"GET /api/v1/admin/dashboard/stats/kpi?preset=today","service":"iap-service","timestamp":"2026-05-16 19:45:39"}
{"level":"debug","message":"GET /api/v1/admin/dashboard/stats/kpi","service":"iap-service","timestamp":"2026-05-16 19:45:39"}
{"level":"debug","message":"GET /api/v1/admin/dashboard/stats/kpi","service":"iap-service","timestamp":"2026-05-16 19:45:39"}
{"level":"debug","message":"GET /api/v1/admin/dashboard-v2/advanced-metrics?preset=today","service":"iap-service","timestamp":"2026-05-16 19:45:40"}
{"level":"debug","message":"GET /api/v1/admin/moderation/pending-verifications?limit=1","service":"iap-service","timestamp":"2026-05-16 19:45:40"}
{"level":"debug","message":"POST /api/v1/admin/auth/login","service":"iap-service","timestamp":"2026-05-16 19:45:41"}
{"level":"debug","message":"GET /api/v1/admin/dashboard/stats/kpi","service":"iap-service","timestamp":"2026-05-16 19:45:41"}
{"level":"debug","message":"GET /api/v1/admin/dashboard/stats/kpi","service":"iap-service","timestamp":"2026-05-16 19:45:41"}
{"level":"debug","message":"GET /api/v1/admin/giveaway/campaigns?page=1&limit=10","service":"iap-service","timestamp":"2026-05-16 19:45:46"}
{"level":"debug","message":"GET /api/v1/admin/account","service":"iap-service","timestamp":"2026-05-16 19:45:46"}
{"level":"debug","message":"GET /api/v1/admin/profile-review/reported?limit=1","service":"iap-service","timestamp":"2026-05-16 19:45:46"}
{"level":"debug","message":"GET /api/v1/admin/moderation/pending-verifications?limit=1","service":"iap-service","timestamp":"2026-05-16 19:45:46"}
{"level":"debug","message":"GET /api/v1/contact/alltickets?limit=1","service":"iap-service","timestamp":"2026-05-16 19:45:46"}
{"level":"debug","message":"GET /api/v1/admin/giveaway/campaigns?page=1&limit=10","service":"iap-service","timestamp":"2026-05-16 19:45:46"}
{"level":"debug","message":"GET /api/v1/admin/profile-review/reported?limit=1","service":"iap-service","timestamp":"2026-05-16 19:45:46"}
{"level":"debug","message":"GET /api/v1/contact/alltickets?limit=1","service":"iap-service","timestamp":"2026-05-16 19:45:46"}
{"level":"debug","message":"GET /api/v1/admin/account","service":"iap-service","timestamp":"2026-05-16 19:45:46"}
{"level":"debug","message":"GET /api/v1/admin/moderation/pending-verifications?limit=1","service":"iap-service","timestamp":"2026-05-16 19:45:47"}
{"level":"debug","message":"GET /api/v1/admin/dashboard/stats/kpi","service":"iap-service","timestamp":"2026-05-16 19:45:48"}
{"level":"debug","message":"GET /api/v1/admin/users?page=1&limit=10","service":"iap-service","timestamp":"2026-05-16 19:45:48"}
{"level":"debug","message":"GET /api/v1/admin/dashboard-v2/advanced-metrics?preset=today","service":"iap-service","timestamp":"2026-05-16 19:45:48"}
{"level":"debug","message":"GET /api/v1/admin/dashboard/stats/kpi?preset=today","service":"iap-service","timestamp":"2026-05-16 19:45:48"}
{"level":"debug","message":"GET /api/v1/admin/dashboard/stats/kpi","service":"iap-service","timestamp":"2026-05-16 19:45:48"}
{"level":"debug","message":"GET /api/v1/admin/users?page=1&limit=10","service":"iap-service","timestamp":"2026-05-16 19:45:48"}
{"level":"debug","message":"GET /api/v1/admin/dashboard/stats/kpi?preset=today","service":"iap-service","timestamp":"2026-05-16 19:45:48"}
{"level":"debug","message":"GET /api/v1/admin/dashboard-v2/advanced-metrics?preset=today","service":"iap-service","timestamp":"2026-05-16 19:45:48"}
{"level":"debug","message":"GET /api/v1/admin/dashboard/stats/kpi","service":"iap-service","timestamp":"2026-05-16 19:45:48"}
{"level":"debug","message":"GET /api/v1/admin/users?page=1&limit=10","service":"iap-service","timestamp":"2026-05-16 19:45:48"}
{"level":"debug","message":"GET /api/v1/admin/dashboard-v2/advanced-metrics?preset=today","service":"iap-service","timestamp":"2026-05-16 19:45:48"}
{"level":"debug","message":"GET /api/v1/admin/dashboard/stats/kpi?preset=today","service":"iap-service","timestamp":"2026-05-16 19:45:48"}
{"level":"debug","message":"GET /api/v1/admin/dashboard/stats/kpi","service":"iap-service","timestamp":"2026-05-16 19:45:49"}
{"level":"debug","message":"GET /api/v1/admin/users?page=1&limit=10","service":"iap-service","timestamp":"2026-05-16 19:45:49"}
{"level":"debug","message":"GET /api/v1/admin/dashboard/stats/kpi","service":"iap-service","timestamp":"2026-05-16 19:45:49"}
{"level":"debug","message":"GET /api/v1/admin/dashboard-v2/advanced-metrics?preset=today","service":"iap-service","timestamp":"2026-05-16 19:45:49"}
{"level":"debug","message":"GET /api/v1/admin/dashboard/stats/kpi?preset=today","service":"iap-service","timestamp":"2026-05-16 19:45:49"}
{"level":"debug","message":"GET /api/v1/admin/dashboard/stats/kpi","service":"iap-service","timestamp":"2026-05-16 19:45:49"}
{"level":"debug","message":"GET /api/v1/admin/dashboard/stats/kpi","service":"iap-service","timestamp":"2026-05-16 19:45:54"}
{"level":"debug","message":"GET /api/v1/admin/dashboard/stats/kpi","service":"iap-service","timestamp":"2026-05-16 19:45:54"}
{"level":"debug","message":"GET /api/v1/admin/transactions/summary","service":"iap-service","timestamp":"2026-05-16 19:46:03"}
{"level":"debug","message":"GET /api/v1/admin/transactions?page=1&limit=10&sortBy=occurredAt&sortOrder=desc","service":"iap-service","timestamp":"2026-05-16 19:46:03"}
{"level":"debug","message":"GET /api/v1/admin/transactions/summary","service":"iap-service","timestamp":"2026-05-16 19:46:03"}
{"level":"debug","message":"GET /api/v1/admin/subscription/stats?timeFilter=today","service":"iap-service","timestamp":"2026-05-16 19:46:12"}
{"level":"debug","message":"GET /api/v1/admin/subscription/stats?timeFilter=today","service":"iap-service","timestamp":"2026-05-16 19:46:12"}
{"level":"debug","message":"GET /api/v1/admin/transactions/summary","service":"iap-service","timestamp":"2026-05-16 19:46:14"}
{"level":"debug","message":"GET /api/v1/admin/transactions/summary","service":"iap-service","timestamp":"2026-05-16 19:46:14"}
{"level":"debug","message":"GET /api/v1/admin/transactions?page=1&limit=10&sortBy=occurredAt&sortOrder=desc","service":"iap-service","timestamp":"2026-05-16 19:46:14"}
{"level":"debug","message":"GET /api/v1/admin/transactions/export","service":"iap-service","timestamp":"2026-05-16 19:46:16"}
{"level":"debug","message":"GET /api/v1/admin/giveaway/campaigns?page=1&limit=10","service":"iap-service","timestamp":"2026-05-16 19:47:52"}
{"level":"debug","message":"GET /api/v1/admin/account","service":"iap-service","timestamp":"2026-05-16 19:47:52"}
{"level":"debug","message":"GET /api/v1/admin/profile-review/reported?limit=1","service":"iap-service","timestamp":"2026-05-16 19:47:52"}
{"level":"debug","message":"GET /api/v1/admin/moderation/pending-verifications?limit=1","service":"iap-service","timestamp":"2026-05-16 19:47:52"}
{"level":"debug","message":"GET /api/v1/contact/alltickets?limit=1","service":"iap-service","timestamp":"2026-05-16 19:47:52"}
{"level":"debug","message":"GET /api/v1/admin/giveaway/campaigns?page=1&limit=10","service":"iap-service","timestamp":"2026-05-16 19:47:52"}
{"level":"debug","message":"GET /api/v1/admin/profile-review/reported?limit=1","service":"iap-service","timestamp":"2026-05-16 19:47:52"}
{"level":"debug","message":"GET /api/v1/contact/alltickets?limit=1","service":"iap-service","timestamp":"2026-05-16 19:47:52"}
{"level":"debug","message":"GET /api/v1/admin/account","service":"iap-service","timestamp":"2026-05-16 19:47:52"}
{"level":"debug","message":"GET /api/v1/admin/transactions/summary","service":"iap-service","timestamp":"2026-05-16 19:47:54"}
{"level":"debug","message":"GET /api/v1/admin/transactions/summary","service":"iap-service","timestamp":"2026-05-16 19:47:54"}
{"level":"debug","message":"GET /api/v1/admin/moderation/pending-verifications?limit=1","service":"iap-service","timestamp":"2026-05-16 19:47:54"}
{"level":"debug","message":"GET /api/v1/admin/transactions?page=1&limit=10&sortBy=occurredAt&sortOrder=desc","service":"iap-service","timestamp":"2026-05-16 19:47:54"}
{"level":"debug","message":"GET /api/v1/admin/dashboard/stats/kpi","service":"iap-service","timestamp":"2026-05-16 19:50:41"}
{"level":"info","message":"[CRON] Subscription cron jobs initialized (v3 - Grace Period & Billing Retry Support)","service":"iap-service","timestamp":"2026-05-16 19:51:42"}
{"level":"info","message":"🧪 [DEV] Dev tools routes registered at /api/v1/dev/*","service":"iap-service","timestamp":"2026-05-16 19:51:44"}
{"level":"info","message":"[CRON] Subscription cron jobs initialized (v3 - Grace Period & Billing Retry Support)","service":"iap-service","timestamp":"2026-05-16 19:52:03"}
{"level":"info","message":"🧪 [DEV] Dev tools routes registered at /api/v1/dev/*","service":"iap-service","timestamp":"2026-05-16 19:52:04"}
{"level":"info","message":"[CRON] Subscription cron jobs initialized (v3 - Grace Period & Billing Retry Support)","service":"iap-service","timestamp":"2026-05-16 19:53:19"}
{"level":"info","message":"🧪 [DEV] Dev tools routes registered at /api/v1/dev/*","service":"iap-service","timestamp":"2026-05-16 19:53:20"}
{"level":"info","message":"[CRON] Subscription cron jobs initialized (v3 - Grace Period & Billing Retry Support)","service":"iap-service","timestamp":"2026-05-16 19:53:31"}
{"level":"info","message":"🧪 [DEV] Dev tools routes registered at /api/v1/dev/*","service":"iap-service","timestamp":"2026-05-16 19:53:33"}
{"level":"debug","message":"GET /api/v1/admin/giveaway/campaigns?page=1&limit=10","service":"iap-service","timestamp":"2026-05-16 19:53:39"}
{"level":"debug","message":"GET /api/v1/admin/account","service":"iap-service","timestamp":"2026-05-16 19:53:39"}
{"level":"debug","message":"GET /api/v1/admin/moderation/pending-verifications?limit=1","service":"iap-service","timestamp":"2026-05-16 19:53:39"}
{"level":"debug","message":"GET /api/v1/admin/profile-review/reported?limit=1","service":"iap-service","timestamp":"2026-05-16 19:53:39"}
{"level":"debug","message":"GET /api/v1/contact/alltickets?limit=1","service":"iap-service","timestamp":"2026-05-16 19:53:39"}
{"level":"debug","message":"GET /api/v1/admin/giveaway/campaigns?page=1&limit=10","service":"iap-service","timestamp":"2026-05-16 19:53:39"}
{"level":"debug","message":"GET /api/v1/admin/account","service":"iap-service","timestamp":"2026-05-16 19:53:39"}
{"level":"debug","message":"GET /api/v1/admin/profile-review/reported?limit=1","service":"iap-service","timestamp":"2026-05-16 19:53:39"}
{"level":"debug","message":"GET /api/v1/admin/moderation/pending-verifications?limit=1","service":"iap-service","timestamp":"2026-05-16 19:53:39"}
{"level":"debug","message":"GET /api/v1/contact/alltickets?limit=1","service":"iap-service","timestamp":"2026-05-16 19:53:39"}
{"level":"debug","message":"GET /api/v1/admin/giveaway/campaigns?page=1&limit=10","service":"iap-service","timestamp":"2026-05-16 19:53:39"}
{"level":"debug","message":"GET /api/v1/admin/profile-review/reported?limit=1","service":"iap-service","timestamp":"2026-05-16 19:53:39"}
{"level":"debug","message":"GET /api/v1/contact/alltickets?limit=1","service":"iap-service","timestamp":"2026-05-16 19:53:39"}
{"level":"debug","message":"GET /api/v1/admin/giveaway/campaigns?page=1&limit=10","service":"iap-service","timestamp":"2026-05-16 19:53:39"}
{"level":"debug","message":"GET /api/v1/contact/alltickets?limit=1","service":"iap-service","timestamp":"2026-05-16 19:53:39"}
{"level":"debug","message":"GET /api/v1/admin/account","service":"iap-service","timestamp":"2026-05-16 19:53:39"}
{"level":"debug","message":"GET /api/v1/admin/profile-review/reported?limit=1","service":"iap-service","timestamp":"2026-05-16 19:53:39"}
{"level":"debug","message":"GET /api/v1/admin/account","service":"iap-service","timestamp":"2026-05-16 19:53:39"}
{"level":"debug","message":"GET /api/v1/admin/giveaway/campaigns?page=1&limit=10","service":"iap-service","timestamp":"2026-05-16 19:53:39"}
{"level":"debug","message":"GET /api/v1/admin/profile-review/reported?limit=1","service":"iap-service","timestamp":"2026-05-16 19:53:39"}
{"level":"debug","message":"GET /api/v1/contact/alltickets?limit=1","service":"iap-service","timestamp":"2026-05-16 19:53:39"}
{"level":"debug","message":"GET /api/v1/admin/account","service":"iap-service","timestamp":"2026-05-16 19:53:40"}
{"level":"debug","message":"GET /api/v1/admin/giveaway/campaigns?page=1&limit=10","service":"iap-service","timestamp":"2026-05-16 19:53:40"}
{"level":"debug","message":"GET /api/v1/contact/alltickets?limit=1","service":"iap-service","timestamp":"2026-05-16 19:53:40"}
{"level":"debug","message":"GET /api/v1/admin/profile-review/reported?limit=1","service":"iap-service","timestamp":"2026-05-16 19:53:40"}
{"level":"debug","message":"GET /api/v1/admin/account","service":"iap-service","timestamp":"2026-05-16 19:53:40"}
{"level":"debug","message":"GET /api/v1/admin/giveaway/campaigns?page=1&limit=10","service":"iap-service","timestamp":"2026-05-16 19:53:40"}
{"level":"debug","message":"GET /api/v1/admin/account","service":"iap-service","timestamp":"2026-05-16 19:53:40"}
{"level":"debug","message":"GET /api/v1/admin/profile-review/reported?limit=1","service":"iap-service","timestamp":"2026-05-16 19:53:40"}
{"level":"debug","message":"GET /api/v1/contact/alltickets?limit=1","service":"iap-service","timestamp":"2026-05-16 19:53:40"}
{"level":"debug","message":"GET /api/v1/admin/giveaway/campaigns?page=1&limit=10","service":"iap-service","timestamp":"2026-05-16 19:53:40"}
{"level":"debug","message":"GET /api/v1/admin/account","service":"iap-service","timestamp":"2026-05-16 19:53:40"}
{"level":"debug","message":"GET /api/v1/contact/alltickets?limit=1","service":"iap-service","timestamp":"2026-05-16 19:53:40"}
{"level":"debug","message":"GET /api/v1/admin/profile-review/reported?limit=1","service":"iap-service","timestamp":"2026-05-16 19:53:40"}
{"level":"debug","message":"GET /api/v1/admin/moderation/pending-verifications?limit=1","service":"iap-service","timestamp":"2026-05-16 19:53:41"}
{"level":"debug","message":"GET /api/v1/admin/moderation/pending-verifications?limit=1","service":"iap-service","timestamp":"2026-05-16 19:53:41"}
{"level":"debug","message":"GET /api/v1/admin/dashboard/stats/kpi","service":"iap-service","timestamp":"2026-05-16 19:53:42"}
{"level":"debug","message":"GET /api/v1/admin/users?page=1&limit=10","service":"iap-service","timestamp":"2026-05-16 19:53:42"}
{"level":"debug","message":"GET /api/v1/admin/dashboard-v2/advanced-metrics?preset=today","service":"iap-service","timestamp":"2026-05-16 19:53:42"}
{"level":"debug","message":"GET /api/v1/admin/dashboard/stats/kpi?preset=today","service":"iap-service","timestamp":"2026-05-16 19:53:42"}
{"level":"debug","message":"GET /api/v1/admin/dashboard/stats/kpi","service":"iap-service","timestamp":"2026-05-16 19:53:42"}
{"level":"debug","message":"GET /api/v1/admin/users?page=1&limit=10","service":"iap-service","timestamp":"2026-05-16 19:53:42"}
{"level":"debug","message":"GET /api/v1/admin/dashboard/stats/kpi?preset=today","service":"iap-service","timestamp":"2026-05-16 19:53:42"}
{"level":"debug","message":"GET /api/v1/admin/dashboard-v2/advanced-metrics?preset=today","service":"iap-service","timestamp":"2026-05-16 19:53:42"}
{"level":"debug","message":"GET /api/v1/admin/moderation/pending-verifications?limit=1","service":"iap-service","timestamp":"2026-05-16 19:53:43"}
{"level":"debug","message":"GET /api/v1/admin/dashboard/stats/kpi","service":"iap-service","timestamp":"2026-05-16 19:53:43"}
{"level":"debug","message":"GET /api/v1/admin/users?page=1&limit=10","service":"iap-service","timestamp":"2026-05-16 19:53:43"}
{"level":"debug","message":"GET /api/v1/admin/dashboard-v2/advanced-metrics?preset=today","service":"iap-service","timestamp":"2026-05-16 19:53:43"}
{"level":"debug","message":"GET /api/v1/admin/dashboard/stats/kpi?preset=today","service":"iap-service","timestamp":"2026-05-16 19:53:43"}
{"level":"debug","message":"GET /api/v1/admin/moderation/pending-verifications?limit=1","service":"iap-service","timestamp":"2026-05-16 19:53:43"}
{"level":"debug","message":"GET /api/v1/admin/dashboard/stats/kpi","service":"iap-service","timestamp":"2026-05-16 19:53:43"}
{"level":"debug","message":"GET /api/v1/admin/users?page=1&limit=10","service":"iap-service","timestamp":"2026-05-16 19:53:43"}
{"level":"debug","message":"GET /api/v1/admin/transactions/summary","service":"iap-service","timestamp":"2026-05-16 19:53:45"}
{"level":"debug","message":"GET /api/v1/admin/moderation/pending-verifications?limit=1","service":"iap-service","timestamp":"2026-05-16 19:53:45"}
{"level":"debug","message":"GET /api/v1/admin/transactions/summary","service":"iap-service","timestamp":"2026-05-16 19:53:45"}
{"level":"debug","message":"GET /api/v1/admin/moderation/pending-verifications?limit=1","service":"iap-service","timestamp":"2026-05-16 19:53:45"}
{"level":"debug","message":"GET /api/v1/admin/dashboard/stats/kpi","service":"iap-service","timestamp":"2026-05-16 19:53:45"}
{"level":"debug","message":"GET /api/v1/admin/dashboard-v2/advanced-metrics?preset=today","service":"iap-service","timestamp":"2026-05-16 19:53:45"}
{"level":"debug","message":"GET /api/v1/admin/dashboard/stats/kpi?preset=today","service":"iap-service","timestamp":"2026-05-16 19:53:45"}
{"level":"debug","message":"GET /api/v1/admin/dashboard/stats/kpi","service":"iap-service","timestamp":"2026-05-16 19:53:45"}
{"level":"debug","message":"GET /api/v1/admin/transactions?page=1&limit=10&sortBy=occurredAt&sortOrder=desc","service":"iap-service","timestamp":"2026-05-16 19:53:46"}
{"level":"debug","message":"GET /api/v1/admin/dashboard/stats/kpi","service":"iap-service","timestamp":"2026-05-16 19:53:51"}
{"level":"debug","message":"GET /api/v1/admin/dashboard/stats/kpi","service":"iap-service","timestamp":"2026-05-16 19:53:51"}
{"level":"info","message":"[CRON] Subscription cron jobs initialized (v3 - Grace Period & Billing Retry Support)","service":"iap-service","timestamp":"2026-05-16 19:55:34"}
{"level":"info","message":"🧪 [DEV] Dev tools routes registered at /api/v1/dev/*","service":"iap-service","timestamp":"2026-05-16 19:55:35"}
{"level":"info","message":"[CRON] Subscription cron jobs initialized (v3 - Grace Period & Billing Retry Support)","service":"iap-service","timestamp":"2026-05-16 19:56:19"}
{"level":"info","message":"🧪 [DEV] Dev tools routes registered at /api/v1/dev/*","service":"iap-service","timestamp":"2026-05-16 19:56:21"}
{"level":"debug","message":"GET /api/v1/admin/transactions/summary","service":"iap-service","timestamp":"2026-05-16 19:56:34"}
{"level":"debug","message":"GET /api/v1/admin/transactions/summary","service":"iap-service","timestamp":"2026-05-16 19:56:34"}
{"level":"debug","message":"GET /api/v1/admin/transactions?page=1&limit=10&sortBy=occurredAt&sortOrder=desc","service":"iap-service","timestamp":"2026-05-16 19:56:34"}
{"level":"info","message":"[CRON] Subscription cron jobs initialized (v3 - Grace Period & Billing Retry Support)","service":"iap-service","timestamp":"2026-05-16 19:57:43"}
{"level":"info","message":"🧪 [DEV] Dev tools routes registered at /api/v1/dev/*","service":"iap-service","timestamp":"2026-05-16 19:57:44"}
{"level":"info","message":"[CRON] Subscription cron jobs initialized (v3 - Grace Period & Billing Retry Support)","service":"iap-service","timestamp":"2026-05-16 19:58:03"}
{"level":"info","message":"🧪 [DEV] Dev tools routes registered at /api/v1/dev/*","service":"iap-service","timestamp":"2026-05-16 19:58:04"}
{"level":"info","message":"[CRON] Subscription cron jobs initialized (v3 - Grace Period & Billing Retry Support)","service":"iap-service","timestamp":"2026-05-16 19:58:29"}
{"level":"info","message":"🧪 [DEV] Dev tools routes registered at /api/v1/dev/*","service":"iap-service","timestamp":"2026-05-16 19:58:31"}
{"level":"info","message":"[CRON] Subscription cron jobs initialized (v3 - Grace Period & Billing Retry Support)","service":"iap-service","timestamp":"2026-05-16 19:58:47"}
{"level":"info","message":"🧪 [DEV] Dev tools routes registered at /api/v1/dev/*","service":"iap-service","timestamp":"2026-05-16 19:58:49"}
{"level":"info","message":"[CRON] Subscription cron jobs initialized (v3 - Grace Period & Billing Retry Support)","service":"iap-service","timestamp":"2026-05-16 19:59:43"}
{"level":"info","message":"🧪 [DEV] Dev tools routes registered at /api/v1/dev/*","service":"iap-service","timestamp":"2026-05-16 19:59:45"}
{"level":"debug","message":"GET /api/v1/admin/giveaway/campaigns?page=1&limit=10","service":"iap-service","timestamp":"2026-05-16 19:59:54"}
{"level":"debug","message":"GET /api/v1/admin/account","service":"iap-service","timestamp":"2026-05-16 19:59:54"}
{"level":"debug","message":"GET /api/v1/admin/profile-review/reported?limit=1","service":"iap-service","timestamp":"2026-05-16 19:59:54"}
{"level":"debug","message":"GET /api/v1/admin/moderation/pending-verifications?limit=1","service":"iap-service","timestamp":"2026-05-16 19:59:54"}
{"level":"debug","message":"GET /api/v1/contact/alltickets?limit=1","service":"iap-service","timestamp":"2026-05-16 19:59:54"}
{"level":"debug","message":"GET /api/v1/admin/giveaway/campaigns?page=1&limit=10","service":"iap-service","timestamp":"2026-05-16 19:59:54"}
{"level":"debug","message":"GET /api/v1/admin/profile-review/reported?limit=1","service":"iap-service","timestamp":"2026-05-16 19:59:54"}
{"level":"debug","message":"GET /api/v1/contact/alltickets?limit=1","service":"iap-service","timestamp":"2026-05-16 19:59:54"}
{"level":"debug","message":"GET /api/v1/admin/account","service":"iap-service","timestamp":"2026-05-16 19:59:54"}
{"level":"debug","message":"GET /api/v1/admin/transactions/summary","service":"iap-service","timestamp":"2026-05-16 19:59:55"}
{"level":"debug","message":"GET /api/v1/admin/transactions/summary","service":"iap-service","timestamp":"2026-05-16 19:59:55"}
{"level":"debug","message":"GET /api/v1/admin/transactions?page=1&limit=10&sortBy=occurredAt&sortOrder=desc","service":"iap-service","timestamp":"2026-05-16 19:59:55"}
{"level":"debug","message":"GET /api/v1/admin/moderation/pending-verifications?limit=1","service":"iap-service","timestamp":"2026-05-16 19:59:56"}
{"level":"debug","message":"GET /api/v1/admin/transactions/export","service":"iap-service","timestamp":"2026-05-16 20:00:00"}
{"level":"debug","message":"GET /api/v1/admin/users/6a081255bcf4393567bd4387","service":"iap-service","timestamp":"2026-05-16 20:01:43"}
{"level":"debug","message":"GET /api/v1/admin/users/6a081255bcf4393567bd4387","service":"iap-service","timestamp":"2026-05-16 20:01:43"}
{"level":"info","message":"[CRON] Subscription cron jobs initialized (v3 - Grace Period & Billing Retry Support)","service":"iap-service","timestamp":"2026-05-16 20:03:30"}
{"level":"info","message":"🧪 [DEV] Dev tools routes registered at /api/v1/dev/*","service":"iap-service","timestamp":"2026-05-16 20:03:31"}
{"level":"info","message":"[CRON] Subscription cron jobs initialized (v3 - Grace Period & Billing Retry Support)","service":"iap-service","timestamp":"2026-05-16 20:03:37"}
{"level":"info","message":"🧪 [DEV] Dev tools routes registered at /api/v1/dev/*","service":"iap-service","timestamp":"2026-05-16 20:03:38"}
{"level":"info","message":"[CRON] Subscription cron jobs initialized (v3 - Grace Period & Billing Retry Support)","service":"iap-service","timestamp":"2026-05-16 20:07:32"}
{"level":"info","message":"🧪 [DEV] Dev tools routes registered at /api/v1/dev/*","service":"iap-service","timestamp":"2026-05-16 20:07:33"}
{"level":"debug","message":"GET /api/v1/admin/giveaway/campaigns?page=1&limit=10","service":"iap-service","timestamp":"2026-05-16 20:07:43"}
{"level":"debug","message":"GET /api/v1/admin/account","service":"iap-service","timestamp":"2026-05-16 20:07:43"}
{"level":"debug","message":"GET /api/v1/admin/profile-review/reported?limit=1","service":"iap-service","timestamp":"2026-05-16 20:07:43"}
{"level":"debug","message":"GET /api/v1/admin/moderation/pending-verifications?limit=1","service":"iap-service","timestamp":"2026-05-16 20:07:43"}
{"level":"debug","message":"GET /api/v1/contact/alltickets?limit=1","service":"iap-service","timestamp":"2026-05-16 20:07:43"}
{"level":"debug","message":"GET /api/v1/admin/giveaway/campaigns?page=1&limit=10","service":"iap-service","timestamp":"2026-05-16 20:07:43"}
{"level":"debug","message":"GET /api/v1/admin/profile-review/reported?limit=1","service":"iap-service","timestamp":"2026-05-16 20:07:43"}
{"level":"debug","message":"GET /api/v1/contact/alltickets?limit=1","service":"iap-service","timestamp":"2026-05-16 20:07:43"}
{"level":"debug","message":"GET /api/v1/admin/account","service":"iap-service","timestamp":"2026-05-16 20:07:43"}
{"level":"debug","message":"GET /api/v1/admin/giveaway/campaigns?page=1&limit=10","service":"iap-service","timestamp":"2026-05-16 20:07:43"}
{"level":"debug","message":"GET /api/v1/admin/account","service":"iap-service","timestamp":"2026-05-16 20:07:43"}
{"level":"debug","message":"GET /api/v1/admin/profile-review/reported?limit=1","service":"iap-service","timestamp":"2026-05-16 20:07:43"}
{"level":"debug","message":"GET /api/v1/contact/alltickets?limit=1","service":"iap-service","timestamp":"2026-05-16 20:07:43"}
{"level":"debug","message":"GET /api/v1/admin/giveaway/campaigns?page=1&limit=10","service":"iap-service","timestamp":"2026-05-16 20:07:43"}
{"level":"debug","message":"GET /api/v1/admin/account","service":"iap-service","timestamp":"2026-05-16 20:07:43"}
{"level":"debug","message":"GET /api/v1/admin/profile-review/reported?limit=1","service":"iap-service","timestamp":"2026-05-16 20:07:43"}
{"level":"debug","message":"GET /api/v1/contact/alltickets?limit=1","service":"iap-service","timestamp":"2026-05-16 20:07:43"}
{"level":"debug","message":"GET /api/v1/admin/transactions/summary","service":"iap-service","timestamp":"2026-05-16 20:07:45"}
{"level":"debug","message":"GET /api/v1/admin/moderation/pending-verifications?limit=1","service":"iap-service","timestamp":"2026-05-16 20:07:45"}
{"level":"debug","message":"GET /api/v1/admin/transactions/summary","service":"iap-service","timestamp":"2026-05-16 20:07:45"}
{"level":"debug","message":"GET /api/v1/admin/users/6a081255bcf4393567bd4387","service":"iap-service","timestamp":"2026-05-16 20:07:45"}
{"level":"debug","message":"GET /api/v1/admin/users/6a081255bcf4393567bd4387","service":"iap-service","timestamp":"2026-05-16 20:07:45"}
{"level":"debug","message":"GET /api/v1/admin/transactions?page=1&limit=10&sortBy=occurredAt&sortOrder=desc","service":"iap-service","timestamp":"2026-05-16 20:07:46"}
{"level":"debug","message":"GET /api/v1/admin/moderation/pending-verifications?limit=1","service":"iap-service","timestamp":"2026-05-16 20:07:46"}
{"level":"debug","message":"GET /api/v1/admin/moderation/pending-verifications?limit=1","service":"iap-service","timestamp":"2026-05-16 20:07:48"}
{"level":"debug","message":"GET /api/v1/admin/giveaway/campaigns?page=1&limit=10","service":"iap-service","timestamp":"2026-05-16 20:08:14"}
{"level":"debug","message":"GET /api/v1/admin/account","service":"iap-service","timestamp":"2026-05-16 20:08:14"}
{"level":"debug","message":"GET /api/v1/admin/profile-review/reported?limit=1","service":"iap-service","timestamp":"2026-05-16 20:08:14"}
{"level":"debug","message":"GET /api/v1/admin/moderation/pending-verifications?limit=1","service":"iap-service","timestamp":"2026-05-16 20:08:14"}
{"level":"debug","message":"GET /api/v1/contact/alltickets?limit=1","service":"iap-service","timestamp":"2026-05-16 20:08:14"}
{"level":"debug","message":"GET /api/v1/admin/giveaway/campaigns?page=1&limit=10","service":"iap-service","timestamp":"2026-05-16 20:08:15"}
{"level":"debug","message":"GET /api/v1/contact/alltickets?limit=1","service":"iap-service","timestamp":"2026-05-16 20:08:15"}
{"level":"debug","message":"GET /api/v1/admin/account","service":"iap-service","timestamp":"2026-05-16 20:08:15"}
{"level":"debug","message":"GET /api/v1/admin/profile-review/reported?limit=1","service":"iap-service","timestamp":"2026-05-16 20:08:15"}
{"level":"debug","message":"GET /api/v1/admin/giveaway/campaigns?page=1&limit=10","service":"iap-service","timestamp":"2026-05-16 20:08:15"}
{"level":"debug","message":"GET /api/v1/contact/alltickets?limit=1","service":"iap-service","timestamp":"2026-05-16 20:08:15"}
{"level":"debug","message":"GET /api/v1/admin/giveaway/campaigns?page=1&limit=10","service":"iap-service","timestamp":"2026-05-16 20:08:15"}
{"level":"debug","message":"GET /api/v1/admin/account","service":"iap-service","timestamp":"2026-05-16 20:08:15"}
{"level":"debug","message":"GET /api/v1/admin/profile-review/reported?limit=1","service":"iap-service","timestamp":"2026-05-16 20:08:15"}
{"level":"debug","message":"GET /api/v1/contact/alltickets?limit=1","service":"iap-service","timestamp":"2026-05-16 20:08:15"}
{"level":"debug","message":"GET /api/v1/admin/account","service":"iap-service","timestamp":"2026-05-16 20:08:15"}
{"level":"debug","message":"GET /api/v1/admin/profile-review/reported?limit=1","service":"iap-service","timestamp":"2026-05-16 20:08:15"}
{"level":"debug","message":"GET /api/v1/admin/moderation/pending-verifications?limit=1","service":"iap-service","timestamp":"2026-05-16 20:08:16"}
{"level":"debug","message":"GET /api/v1/admin/users/6a081255bcf4393567bd4387","service":"iap-service","timestamp":"2026-05-16 20:08:16"}
{"level":"debug","message":"GET /api/v1/admin/transactions/summary","service":"iap-service","timestamp":"2026-05-16 20:08:17"}
{"level":"debug","message":"GET /api/v1/admin/users/6a081255bcf4393567bd4387","service":"iap-service","timestamp":"2026-05-16 20:08:17"}
{"level":"debug","message":"GET /api/v1/admin/transactions/summary","service":"iap-service","timestamp":"2026-05-16 20:08:17"}
{"level":"debug","message":"GET /api/v1/admin/transactions?page=1&limit=10&sortBy=occurredAt&sortOrder=desc","service":"iap-service","timestamp":"2026-05-16 20:08:18"}
{"level":"debug","message":"GET /api/v1/admin/moderation/pending-verifications?limit=1","service":"iap-service","timestamp":"2026-05-16 20:08:18"}
{"level":"debug","message":"GET /api/v1/admin/moderation/pending-verifications?limit=1","service":"iap-service","timestamp":"2026-05-16 20:08:20"}
{"level":"debug","message":"GET /api/v1/admin/transactions/summary","service":"iap-service","timestamp":"2026-05-16 20:08:42"}
{"level":"debug","message":"GET /api/v1/admin/transactions/summary","service":"iap-service","timestamp":"2026-05-16 20:08:42"}
{"level":"debug","message":"GET /api/v1/admin/transactions/summary","service":"iap-service","timestamp":"2026-05-16 20:08:42"}
{"level":"debug","message":"GET /api/v1/admin/transactions?page=1&limit=10&sortBy=occurredAt&sortOrder=desc","service":"iap-service","timestamp":"2026-05-16 20:08:43"}
{"level":"debug","message":"GET /api/v1/admin/transactions/summary","service":"iap-service","timestamp":"2026-05-16 20:08:59"}
{"level":"debug","message":"GET /api/v1/admin/transactions?page=1&limit=10&sortBy=occurredAt&sortOrder=desc","service":"iap-service","timestamp":"2026-05-16 20:09:00"}
{"level":"debug","message":"GET /api/v1/admin/giveaway/campaigns?page=1&limit=10","service":"iap-service","timestamp":"2026-05-16 20:09:59"}
{"level":"debug","message":"GET /api/v1/admin/account","service":"iap-service","timestamp":"2026-05-16 20:09:59"}
{"level":"debug","message":"GET /api/v1/admin/profile-review/reported?limit=1","service":"iap-service","timestamp":"2026-05-16 20:09:59"}
{"level":"debug","message":"GET /api/v1/admin/moderation/pending-verifications?limit=1","service":"iap-service","timestamp":"2026-05-16 20:09:59"}
{"level":"debug","message":"GET /api/v1/contact/alltickets?limit=1","service":"iap-service","timestamp":"2026-05-16 20:09:59"}
{"level":"debug","message":"GET /api/v1/admin/giveaway/campaigns?page=1&limit=10","service":"iap-service","timestamp":"2026-05-16 20:09:59"}
{"level":"debug","message":"GET /api/v1/admin/profile-review/reported?limit=1","service":"iap-service","timestamp":"2026-05-16 20:09:59"}
{"level":"debug","message":"GET /api/v1/admin/account","service":"iap-service","timestamp":"2026-05-16 20:09:59"}
{"level":"debug","message":"GET /api/v1/contact/alltickets?limit=1","service":"iap-service","timestamp":"2026-05-16 20:09:59"}
{"level":"debug","message":"GET /api/v1/admin/transactions/summary","service":"iap-service","timestamp":"2026-05-16 20:10:00"}
{"level":"debug","message":"GET /api/v1/admin/transactions/summary","service":"iap-service","timestamp":"2026-05-16 20:10:00"}
{"level":"debug","message":"GET /api/v1/admin/moderation/pending-verifications?limit=1","service":"iap-service","timestamp":"2026-05-16 20:10:01"}
{"level":"debug","message":"GET /api/v1/admin/transactions?page=1&limit=10&sortBy=occurredAt&sortOrder=desc","service":"iap-service","timestamp":"2026-05-16 20:10:01"}
{"level":"debug","message":"GET /api/v1/admin/transactions/export","service":"iap-service","timestamp":"2026-05-16 20:10:04"}
{"level":"debug","message":"GET /api/v1/admin/giveaway/campaigns?page=1&limit=10","service":"iap-service","timestamp":"2026-05-16 20:11:38"}
{"level":"debug","message":"GET /api/v1/admin/account","service":"iap-service","timestamp":"2026-05-16 20:11:38"}
{"level":"debug","message":"GET /api/v1/admin/profile-review/reported?limit=1","service":"iap-service","timestamp":"2026-05-16 20:11:38"}
{"level":"debug","message":"GET /api/v1/admin/moderation/pending-verifications?limit=1","service":"iap-service","timestamp":"2026-05-16 20:11:38"}
{"level":"debug","message":"GET /api/v1/contact/alltickets?limit=1","service":"iap-service","timestamp":"2026-05-16 20:11:38"}
{"level":"debug","message":"GET /api/v1/admin/giveaway/campaigns?page=1&limit=10","service":"iap-service","timestamp":"2026-05-16 20:11:38"}
{"level":"debug","message":"GET /api/v1/admin/profile-review/reported?limit=1","service":"iap-service","timestamp":"2026-05-16 20:11:38"}
{"level":"debug","message":"GET /api/v1/admin/account","service":"iap-service","timestamp":"2026-05-16 20:11:38"}
{"level":"debug","message":"GET /api/v1/contact/alltickets?limit=1","service":"iap-service","timestamp":"2026-05-16 20:11:38"}
{"level":"debug","message":"GET /api/v1/admin/giveaway/campaigns?page=1&limit=10","service":"iap-service","timestamp":"2026-05-16 20:11:38"}
{"level":"debug","message":"GET /api/v1/admin/account","service":"iap-service","timestamp":"2026-05-16 20:11:38"}
{"level":"debug","message":"GET /api/v1/admin/profile-review/reported?limit=1","service":"iap-service","timestamp":"2026-05-16 20:11:38"}
{"level":"debug","message":"GET /api/v1/contact/alltickets?limit=1","service":"iap-service","timestamp":"2026-05-16 20:11:38"}
{"level":"debug","message":"GET /api/v1/admin/giveaway/campaigns?page=1&limit=10","service":"iap-service","timestamp":"2026-05-16 20:11:39"}
{"level":"debug","message":"GET /api/v1/admin/account","service":"iap-service","timestamp":"2026-05-16 20:11:39"}
{"level":"debug","message":"GET /api/v1/admin/profile-review/reported?limit=1","service":"iap-service","timestamp":"2026-05-16 20:11:39"}
{"level":"debug","message":"GET /api/v1/contact/alltickets?limit=1","service":"iap-service","timestamp":"2026-05-16 20:11:39"}
{"level":"debug","message":"GET /api/v1/admin/transactions/summary","service":"iap-service","timestamp":"2026-05-16 20:11:40"}
{"level":"debug","message":"GET /api/v1/admin/transactions/summary","service":"iap-service","timestamp":"2026-05-16 20:11:40"}
{"level":"debug","message":"GET /api/v1/admin/moderation/pending-verifications?limit=1","service":"iap-service","timestamp":"2026-05-16 20:11:40"}
{"level":"debug","message":"GET /api/v1/admin/users/6a081255bcf4393567bd4387","service":"iap-service","timestamp":"2026-05-16 20:11:40"}
{"level":"debug","message":"GET /api/v1/admin/users/6a081255bcf4393567bd4387","service":"iap-service","timestamp":"2026-05-16 20:11:40"}
{"level":"debug","message":"GET /api/v1/admin/transactions?page=1&limit=10&sortBy=occurredAt&sortOrder=desc","service":"iap-service","timestamp":"2026-05-16 20:11:41"}
{"level":"debug","message":"GET /api/v1/admin/moderation/pending-verifications?limit=1","service":"iap-service","timestamp":"2026-05-16 20:11:42"}
{"level":"debug","message":"GET /api/v1/admin/moderation/pending-verifications?limit=1","service":"iap-service","timestamp":"2026-05-16 20:11:44"}
{"level":"debug","message":"GET /api/v1/admin/giveaway/campaigns?page=1&limit=10","service":"iap-service","timestamp":"2026-05-16 20:11:58"}
{"level":"debug","message":"GET /api/v1/admin/account","service":"iap-service","timestamp":"2026-05-16 20:11:58"}
{"level":"debug","message":"GET /api/v1/admin/profile-review/reported?limit=1","service":"iap-service","timestamp":"2026-05-16 20:11:58"}
{"level":"debug","message":"GET /api/v1/admin/moderation/pending-verifications?limit=1","service":"iap-service","timestamp":"2026-05-16 20:11:58"}
{"level":"debug","message":"GET /api/v1/contact/alltickets?limit=1","service":"iap-service","timestamp":"2026-05-16 20:11:58"}
{"level":"debug","message":"GET /api/v1/admin/giveaway/campaigns?page=1&limit=10","service":"iap-service","timestamp":"2026-05-16 20:11:58"}
{"level":"debug","message":"GET /api/v1/admin/profile-review/reported?limit=1","service":"iap-service","timestamp":"2026-05-16 20:11:58"}
{"level":"debug","message":"GET /api/v1/contact/alltickets?limit=1","service":"iap-service","timestamp":"2026-05-16 20:11:58"}
{"level":"debug","message":"GET /api/v1/admin/account","service":"iap-service","timestamp":"2026-05-16 20:11:58"}
{"level":"debug","message":"GET /api/v1/admin/giveaway/campaigns?page=1&limit=10","service":"iap-service","timestamp":"2026-05-16 20:11:58"}
{"level":"debug","message":"GET /api/v1/admin/account","service":"iap-service","timestamp":"2026-05-16 20:11:58"}
{"level":"debug","message":"GET /api/v1/admin/profile-review/reported?limit=1","service":"iap-service","timestamp":"2026-05-16 20:11:58"}
{"level":"debug","message":"GET /api/v1/contact/alltickets?limit=1","service":"iap-service","timestamp":"2026-05-16 20:11:58"}
{"level":"debug","message":"GET /api/v1/admin/giveaway/campaigns?page=1&limit=10","service":"iap-service","timestamp":"2026-05-16 20:11:58"}
{"level":"debug","message":"GET /api/v1/contact/alltickets?limit=1","service":"iap-service","timestamp":"2026-05-16 20:11:58"}
{"level":"debug","message":"GET /api/v1/admin/account","service":"iap-service","timestamp":"2026-05-16 20:11:58"}
{"level":"debug","message":"GET /api/v1/admin/profile-review/reported?limit=1","service":"iap-service","timestamp":"2026-05-16 20:11:58"}
{"level":"debug","message":"GET /api/v1/admin/transactions/summary","service":"iap-service","timestamp":"2026-05-16 20:11:59"}
{"level":"debug","message":"GET /api/v1/admin/transactions/summary","service":"iap-service","timestamp":"2026-05-16 20:11:59"}
{"level":"debug","message":"GET /api/v1/admin/transactions?page=1&limit=10&sortBy=occurredAt&sortOrder=desc","service":"iap-service","timestamp":"2026-05-16 20:11:59"}
{"level":"debug","message":"GET /api/v1/admin/moderation/pending-verifications?limit=1","service":"iap-service","timestamp":"2026-05-16 20:12:00"}
{"level":"debug","message":"GET /api/v1/admin/users/6a081255bcf4393567bd4387","service":"iap-service","timestamp":"2026-05-16 20:12:00"}
{"level":"debug","message":"GET /api/v1/admin/users/6a081255bcf4393567bd4387","service":"iap-service","timestamp":"2026-05-16 20:12:00"}
{"level":"debug","message":"GET /api/v1/admin/moderation/pending-verifications?limit=1","service":"iap-service","timestamp":"2026-05-16 20:12:01"}
{"level":"debug","message":"GET /api/v1/admin/giveaway/campaigns?page=1&limit=10","service":"iap-service","timestamp":"2026-05-16 20:12:02"}
{"level":"debug","message":"GET /api/v1/admin/account","service":"iap-service","timestamp":"2026-05-16 20:12:02"}
{"level":"debug","message":"GET /api/v1/admin/profile-review/reported?limit=1","service":"iap-service","timestamp":"2026-05-16 20:12:02"}
{"level":"debug","message":"GET /api/v1/contact/alltickets?limit=1","service":"iap-service","timestamp":"2026-05-16 20:12:02"}
{"level":"debug","message":"GET /api/v1/admin/giveaway/campaigns?page=1&limit=10","service":"iap-service","timestamp":"2026-05-16 20:12:02"}
{"level":"debug","message":"GET /api/v1/admin/profile-review/reported?limit=1","service":"iap-service","timestamp":"2026-05-16 20:12:02"}
{"level":"debug","message":"GET /api/v1/contact/alltickets?limit=1","service":"iap-service","timestamp":"2026-05-16 20:12:02"}
{"level":"debug","message":"GET /api/v1/admin/account","service":"iap-service","timestamp":"2026-05-16 20:12:02"}
{"level":"debug","message":"GET /api/v1/admin/transactions/summary","service":"iap-service","timestamp":"2026-05-16 20:12:02"}
{"level":"debug","message":"GET /api/v1/admin/transactions/summary","service":"iap-service","timestamp":"2026-05-16 20:12:03"}
{"level":"debug","message":"GET /api/v1/admin/moderation/pending-verifications?limit=1","service":"iap-service","timestamp":"2026-05-16 20:12:03"}
{"level":"debug","message":"GET /api/v1/admin/transactions?page=1&limit=10&sortBy=occurredAt&sortOrder=desc","service":"iap-service","timestamp":"2026-05-16 20:12:03"}
{"level":"debug","message":"GET /api/v1/admin/moderation/pending-verifications?limit=1","service":"iap-service","timestamp":"2026-05-16 20:12:05"}
{"level":"debug","message":"GET /api/v1/admin/transactions/export","service":"iap-service","timestamp":"2026-05-16 20:12:05"}
{"level":"debug","message":"GET /api/v1/admin/moderation/pending-verifications?limit=1","service":"iap-service","timestamp":"2026-05-16 20:12:06"}
{"level":"debug","message":"GET /api/v1/admin/users?page=1&limit=10&gender=","service":"iap-service","timestamp":"2026-05-16 20:13:09"}
{"level":"debug","message":"GET /api/v1/admin/subscription/subscribers?page=1&limit=10","service":"iap-service","timestamp":"2026-05-16 20:13:54"}
{"level":"debug","message":"GET /api/v1/admin/users?page=1&limit=10&gender=","service":"iap-service","timestamp":"2026-05-16 20:14:04"}
{"level":"debug","message":"GET /api/v1/admin/subscription/users/6a0453983a7367083907f6af","service":"iap-service","timestamp":"2026-05-16 20:14:37"}
{"level":"debug","message":"GET /api/v1/admin/subscription/users/6a0453983a7367083907f6af","service":"iap-service","timestamp":"2026-05-16 20:14:38"}
{"level":"debug","message":"GET /api/v1/admin/users?page=1&limit=10&gender=","service":"iap-service","timestamp":"2026-05-16 20:14:52"}
{"level":"debug","message":"GET /api/v1/admin/subscription/users/6a0453983a7367083907f6af","service":"iap-service","timestamp":"2026-05-16 20:14:53"}
{"level":"debug","message":"GET /api/v1/admin/subscription/users/6a0453983a7367083907f6af","service":"iap-service","timestamp":"2026-05-16 20:14:53"}
{"level":"debug","message":"GET /api/v1/admin/subscription/subscribers?page=1&limit=10","service":"iap-service","timestamp":"2026-05-16 20:15:16"}
{"level":"debug","message":"GET /api/v1/admin/users?page=1&limit=10&gender=","service":"iap-service","timestamp":"2026-05-16 20:15:31"}
{"level":"debug","message":"GET /api/v1/admin/subscription/subscribers?page=1&limit=10","service":"iap-service","timestamp":"2026-05-16 20:15:33"}
{"level":"debug","message":"GET /api/v1/admin/subscription/users/6a0453983a7367083907f6af","service":"iap-service","timestamp":"2026-05-16 20:15:33"}
{"level":"debug","message":"GET /api/v1/admin/subscription/users/6a0453983a7367083907f6af","service":"iap-service","timestamp":"2026-05-16 20:15:33"}
{"level":"debug","message":"GET /api/v1/admin/subscription/subscribers?page=1&limit=10","service":"iap-service","timestamp":"2026-05-16 20:15:35"}
{"level":"debug","message":"GET /api/v1/admin/subscription/users/6a0453983a7367083907f6af","service":"iap-service","timestamp":"2026-05-16 20:15:37"}
{"level":"debug","message":"GET /api/v1/admin/subscription/users/6a0453983a7367083907f6af","service":"iap-service","timestamp":"2026-05-16 20:15:38"}
{"level":"debug","message":"GET /api/v1/admin/giveaway/campaigns?page=1&limit=10","service":"iap-service","timestamp":"2026-05-16 20:18:54"}
{"level":"debug","message":"GET /api/v1/admin/account","service":"iap-service","timestamp":"2026-05-16 20:18:54"}
{"level":"debug","message":"GET /api/v1/admin/profile-review/reported?limit=1","service":"iap-service","timestamp":"2026-05-16 20:18:54"}
{"level":"debug","message":"GET /api/v1/admin/moderation/pending-verifications?limit=1","service":"iap-service","timestamp":"2026-05-16 20:18:54"}
{"level":"debug","message":"GET /api/v1/contact/alltickets?limit=1","service":"iap-service","timestamp":"2026-05-16 20:18:54"}
{"level":"debug","message":"GET /api/v1/admin/giveaway/campaigns?page=1&limit=10","service":"iap-service","timestamp":"2026-05-16 20:18:54"}
{"level":"debug","message":"GET /api/v1/contact/alltickets?limit=1","service":"iap-service","timestamp":"2026-05-16 20:18:54"}
{"level":"debug","message":"GET /api/v1/admin/profile-review/reported?limit=1","service":"iap-service","timestamp":"2026-05-16 20:18:54"}
{"level":"debug","message":"GET /api/v1/admin/account","service":"iap-service","timestamp":"2026-05-16 20:18:54"}
{"level":"debug","message":"GET /api/v1/admin/subscription/users/6a0453983a7367083907f6af","service":"iap-service","timestamp":"2026-05-16 20:18:54"}
{"level":"debug","message":"GET /api/v1/admin/subscription/users/6a0453983a7367083907f6af","service":"iap-service","timestamp":"2026-05-16 20:18:55"}
{"level":"debug","message":"GET /api/v1/admin/moderation/pending-verifications?limit=1","service":"iap-service","timestamp":"2026-05-16 20:18:56"}
{"level":"debug","message":"GET /api/v1/admin/giveaway/campaigns?page=1&limit=10","service":"iap-service","timestamp":"2026-05-16 20:19:18"}
{"level":"debug","message":"GET /api/v1/admin/account","service":"iap-service","timestamp":"2026-05-16 20:19:18"}
{"level":"debug","message":"GET /api/v1/admin/profile-review/reported?limit=1","service":"iap-service","timestamp":"2026-05-16 20:19:18"}
{"level":"debug","message":"GET /api/v1/admin/moderation/pending-verifications?limit=1","service":"iap-service","timestamp":"2026-05-16 20:19:18"}
{"level":"debug","message":"GET /api/v1/contact/alltickets?limit=1","service":"iap-service","timestamp":"2026-05-16 20:19:18"}
{"level":"debug","message":"GET /api/v1/admin/giveaway/campaigns?page=1&limit=10","service":"iap-service","timestamp":"2026-05-16 20:19:18"}
{"level":"debug","message":"GET /api/v1/contact/alltickets?limit=1","service":"iap-service","timestamp":"2026-05-16 20:19:18"}
{"level":"debug","message":"GET /api/v1/admin/profile-review/reported?limit=1","service":"iap-service","timestamp":"2026-05-16 20:19:18"}
{"level":"debug","message":"GET /api/v1/admin/account","service":"iap-service","timestamp":"2026-05-16 20:19:18"}
{"level":"debug","message":"GET /api/v1/admin/subscription/users/6a0453983a7367083907f6af","service":"iap-service","timestamp":"2026-05-16 20:19:19"}
{"level":"debug","message":"GET /api/v1/admin/moderation/pending-verifications?limit=1","service":"iap-service","timestamp":"2026-05-16 20:19:20"}
{"level":"debug","message":"GET /api/v1/admin/subscription/subscribers?page=1&limit=10","service":"iap-service","timestamp":"2026-05-16 20:19:21"}
{"level":"debug","message":"GET /api/v1/admin/subscription/users/6a0453983a7367083907f6af","service":"iap-service","timestamp":"2026-05-16 20:19:23"}
{"level":"debug","message":"GET /api/v1/admin/subscription/users/6a0453983a7367083907f6af","service":"iap-service","timestamp":"2026-05-16 20:19:23"}
{"level":"debug","message":"GET /api/v1/admin/subscription/subscribers?page=1&limit=10","service":"iap-service","timestamp":"2026-05-16 20:20:45"}
{"level":"debug","message":"GET /api/v1/admin/subscription/users/6a081255bcf4393567bd4387","service":"iap-service","timestamp":"2026-05-16 20:20:47"}
{"level":"debug","message":"GET /api/v1/admin/subscription/users/6a081255bcf4393567bd4387","service":"iap-service","timestamp":"2026-05-16 20:20:47"}
{"level":"debug","message":"GET /api/v1/admin/subscription/products?page=1&limit=100","service":"iap-service","timestamp":"2026-05-16 20:31:16"}
{"level":"debug","message":"GET /api/v1/admin/subscription/products?page=1&limit=100","service":"iap-service","timestamp":"2026-05-16 20:31:17"}
{"level":"debug","message":"GET /api/v1/admin/subscription/subscribers?page=1&limit=10","service":"iap-service","timestamp":"2026-05-16 20:31:28"}
{"level":"debug","message":"GET /api/v1/admin/giveaway/deliveries/pending?page=1&limit=10","service":"iap-service","timestamp":"2026-05-16 20:31:39"}
{"level":"debug","message":"GET /api/v1/admin/giveaway/campaigns/winner?page=1&limit=10","service":"iap-service","timestamp":"2026-05-16 20:31:41"}
{"level":"debug","message":"GET /api/v1/admin/giveaway/deliveries/pending?page=1&limit=10","service":"iap-service","timestamp":"2026-05-16 20:31:43"}
{"level":"debug","message":"GET /api/v1/admin/giveaway/campaigns/winner?page=1&limit=10","service":"iap-service","timestamp":"2026-05-16 20:31:46"}
{"level":"debug","message":"GET /api/v1/admin/giveaway/campaigns/winner?page=1&limit=10","service":"iap-service","timestamp":"2026-05-16 20:32:11"}
{"level":"debug","message":"GET /api/v1/admin/giveaway/deliveries/pending?page=1&limit=10","service":"iap-service","timestamp":"2026-05-16 20:32:13"}
{"level":"debug","message":"GET /api/v1/admin/giveaway/prizes","service":"iap-service","timestamp":"2026-05-16 20:32:45"}
{"level":"debug","message":"GET /api/v1/admin/giveaway/prizes","service":"iap-service","timestamp":"2026-05-16 20:32:45"}
{"level":"debug","message":"GET /api/v1/admin/giveaway/campaigns?page=1&limit=10","service":"iap-service","timestamp":"2026-05-16 20:32:45"}
{"level":"debug","message":"GET /api/v1/admin/giveaway/campaigns?page=1&limit=10","service":"iap-service","timestamp":"2026-05-16 20:32:45"}
{"level":"debug","message":"GET /api/v1/admin/giveaway/deliveries/pending?page=1&limit=10","service":"iap-service","timestamp":"2026-05-16 20:32:46"}
{"level":"debug","message":"GET /api/v1/admin/giveaway/campaigns/winner?page=1&limit=10","service":"iap-service","timestamp":"2026-05-16 20:37:54"}
{"level":"debug","message":"GET /api/v1/admin/giveaway/deliveries/pending?page=1&limit=10","service":"iap-service","timestamp":"2026-05-16 20:38:10"}
{"level":"debug","message":"GET /api/v1/admin/giveaway/deliveries/pending?page=1&limit=10","service":"iap-service","timestamp":"2026-05-16 20:39:05"}
{"level":"debug","message":"GET /api/v1/admin/giveaway/prizes","service":"iap-service","timestamp":"2026-05-16 20:39:05"}
{"level":"debug","message":"GET /api/v1/admin/giveaway/prizes","service":"iap-service","timestamp":"2026-05-16 20:39:05"}
{"level":"debug","message":"GET /api/v1/admin/giveaway/campaigns?page=1&limit=10","service":"iap-service","timestamp":"2026-05-16 20:39:05"}
{"level":"debug","message":"GET /api/v1/admin/giveaway/campaigns?page=1&limit=10","service":"iap-service","timestamp":"2026-05-16 20:39:06"}
{"level":"debug","message":"GET /api/v1/admin/giveaway/deliveries/pending?page=1&limit=10","service":"iap-service","timestamp":"2026-05-16 20:39:07"}
{"level":"debug","message":"GET /api/v1/admin/giveaway/prizes","service":"iap-service","timestamp":"2026-05-16 20:39:08"}
{"level":"debug","message":"GET /api/v1/admin/giveaway/prizes","service":"iap-service","timestamp":"2026-05-16 20:39:08"}
{"level":"debug","message":"GET /api/v1/admin/giveaway/campaigns?page=1&limit=10","service":"iap-service","timestamp":"2026-05-16 20:39:08"}
{"level":"debug","message":"GET /api/v1/admin/giveaway/campaigns?page=1&limit=10","service":"iap-service","timestamp":"2026-05-16 20:39:09"}
{"level":"debug","message":"GET /api/v1/admin/giveaway/prizes?page=1&limit=10","service":"iap-service","timestamp":"2026-05-16 20:39:11"}
{"level":"debug","message":"GET /api/v1/admin/giveaway/prizes","service":"iap-service","timestamp":"2026-05-16 20:39:11"}
{"level":"debug","message":"GET /api/v1/admin/giveaway/prizes","service":"iap-service","timestamp":"2026-05-16 20:39:11"}
{"level":"debug","message":"GET /api/v1/admin/giveaway/campaigns?page=1&limit=10","service":"iap-service","timestamp":"2026-05-16 20:39:12"}
{"level":"debug","message":"GET /api/v1/admin/giveaway/campaigns?page=1&limit=10","service":"iap-service","timestamp":"2026-05-16 20:39:12"}
{"level":"debug","message":"GET /api/v1/admin/giveaway/deliveries/pending?page=1&limit=10","service":"iap-service","timestamp":"2026-05-16 20:39:12"}
{"level":"debug","message":"GET /api/v1/admin/giveaway/campaigns/winner?page=1&limit=10","service":"iap-service","timestamp":"2026-05-16 20:39:14"}
{"level":"debug","message":"GET /api/v1/admin/giveaway/deliveries/pending?page=1&limit=10","service":"iap-service","timestamp":"2026-05-16 20:39:14"}
{"level":"debug","message":"GET /api/v1/admin/giveaway/prizes","service":"iap-service","timestamp":"2026-05-16 20:39:16"}
{"level":"debug","message":"GET /api/v1/admin/giveaway/prizes","service":"iap-service","timestamp":"2026-05-16 20:39:16"}
{"level":"debug","message":"GET /api/v1/admin/giveaway/campaigns?page=1&limit=10","service":"iap-service","timestamp":"2026-05-16 20:39:16"}
{"level":"debug","message":"GET /api/v1/admin/giveaway/campaigns?page=1&limit=10","service":"iap-service","timestamp":"2026-05-16 20:39:17"}
{"level":"debug","message":"GET /api/v1/admin/giveaway/campaigns?page=1&limit=10","service":"iap-service","timestamp":"2026-05-16 20:39:19"}
{"level":"debug","message":"GET /api/v1/admin/account","service":"iap-service","timestamp":"2026-05-16 20:39:19"}
{"level":"debug","message":"GET /api/v1/admin/profile-review/reported?limit=1","service":"iap-service","timestamp":"2026-05-16 20:39:19"}
{"level":"debug","message":"GET /api/v1/admin/moderation/pending-verifications?limit=1","service":"iap-service","timestamp":"2026-05-16 20:39:19"}
{"level":"debug","message":"GET /api/v1/contact/alltickets?limit=1","service":"iap-service","timestamp":"2026-05-16 20:39:19"}
{"level":"debug","message":"GET /api/v1/admin/giveaway/campaigns?page=1&limit=10","service":"iap-service","timestamp":"2026-05-16 20:39:19"}
{"level":"debug","message":"GET /api/v1/contact/alltickets?limit=1","service":"iap-service","timestamp":"2026-05-16 20:39:19"}
{"level":"debug","message":"GET /api/v1/admin/profile-review/reported?limit=1","service":"iap-service","timestamp":"2026-05-16 20:39:19"}
{"level":"debug","message":"GET /api/v1/admin/account","service":"iap-service","timestamp":"2026-05-16 20:39:19"}
{"level":"debug","message":"GET /api/v1/admin/giveaway/prizes","service":"iap-service","timestamp":"2026-05-16 20:39:20"}
{"level":"debug","message":"GET /api/v1/admin/giveaway/prizes","service":"iap-service","timestamp":"2026-05-16 20:39:20"}
{"level":"debug","message":"GET /api/v1/admin/giveaway/campaigns?page=1&limit=10","service":"iap-service","timestamp":"2026-05-16 20:39:20"}
{"level":"debug","message":"GET /api/v1/admin/giveaway/campaigns?page=1&limit=10","service":"iap-service","timestamp":"2026-05-16 20:39:20"}
{"level":"debug","message":"GET /api/v1/admin/moderation/pending-verifications?limit=1","service":"iap-service","timestamp":"2026-05-16 20:39:20"}
{"level":"debug","message":"GET /api/v1/admin/giveaway/campaigns?page=1&limit=10&drawStatus=ACTIVE","service":"iap-service","timestamp":"2026-05-16 20:39:25"}
{"level":"debug","message":"GET /api/v1/admin/giveaway/campaigns?page=1&limit=10","service":"iap-service","timestamp":"2026-05-16 20:39:25"}
{"level":"debug","message":"GET /api/v1/admin/giveaway/campaigns?page=1&limit=10","service":"iap-service","timestamp":"2026-05-16 20:39:27"}
{"level":"debug","message":"GET /api/v1/admin/giveaway/campaigns?page=1&limit=10","service":"iap-service","timestamp":"2026-05-16 20:39:27"}
{"level":"debug","message":"GET /api/v1/admin/giveaway/prizes?page=1&limit=10","service":"iap-service","timestamp":"2026-05-16 20:39:28"}
{"level":"debug","message":"GET /api/v1/admin/users?page=1&limit=10&gender=","service":"iap-service","timestamp":"2026-05-16 20:39:31"}
{"level":"debug","message":"GET /api/v1/admin/users?page=1&limit=10&accountStatus=banned&gender=","service":"iap-service","timestamp":"2026-05-16 20:39:31"}
{"level":"debug","message":"GET /api/v1/admin/users?page=1&limit=10&gender=","service":"iap-service","timestamp":"2026-05-16 20:39:34"}
{"level":"debug","message":"GET /api/v1/admin/users/6a0813d3bcf4393567bd4835","service":"iap-service","timestamp":"2026-05-16 20:41:08"}
{"level":"debug","message":"GET /api/v1/admin/users/6a0813d3bcf4393567bd4835","service":"iap-service","timestamp":"2026-05-16 20:41:08"}
{"level":"debug","message":"GET /api/v1/admin/users?page=1&limit=10&gender=","service":"iap-service","timestamp":"2026-05-16 20:41:10"}
{"level":"debug","message":"GET /api/v1/admin/users?page=1&limit=10&accountStatus=active&gender=","service":"iap-service","timestamp":"2026-05-16 20:41:52"}
{"level":"debug","message":"GET /api/v1/admin/users?page=1&limit=10&gender=","service":"iap-service","timestamp":"2026-05-16 20:41:54"}
{"level":"debug","message":"GET /api/v1/admin/users?page=1&limit=10&accountStatus=active&gender=","service":"iap-service","timestamp":"2026-05-16 20:41:55"}
{"level":"debug","message":"GET /api/v1/admin/users?page=1&limit=10&isPremium=true&gender=","service":"iap-service","timestamp":"2026-05-16 20:41:56"}
{"level":"debug","message":"GET /api/v1/admin/users?page=1&limit=10&accountStatus=banned&gender=","service":"iap-service","timestamp":"2026-05-16 20:41:57"}
{"level":"debug","message":"GET /api/v1/admin/users?page=1&limit=10&gender=","service":"iap-service","timestamp":"2026-05-16 20:41:58"}
{"level":"debug","message":"GET /api/v1/admin/subscription/stats?timeFilter=today","service":"iap-service","timestamp":"2026-05-16 20:43:03"}
{"level":"debug","message":"GET /api/v1/admin/subscription/stats?timeFilter=today","service":"iap-service","timestamp":"2026-05-16 20:43:03"}
{"level":"debug","message":"GET /api/v1/admin/transactions/summary","service":"iap-service","timestamp":"2026-05-16 20:43:09"}
{"level":"debug","message":"GET /api/v1/admin/transactions/summary","service":"iap-service","timestamp":"2026-05-16 20:43:09"}
{"level":"debug","message":"GET /api/v1/admin/transactions?page=1&limit=10&sortBy=occurredAt&sortOrder=desc","service":"iap-service","timestamp":"2026-05-16 20:43:09"}
{"level":"debug","message":"GET /api/v1/admin/giveaway/prizes?page=1&limit=10","service":"iap-service","timestamp":"2026-05-16 20:43:12"}
{"level":"debug","message":"GET /api/v1/admin/giveaway/prizes","service":"iap-service","timestamp":"2026-05-16 20:43:13"}
{"level":"debug","message":"GET /api/v1/admin/giveaway/prizes","service":"iap-service","timestamp":"2026-05-16 20:43:14"}
{"level":"debug","message":"GET /api/v1/admin/giveaway/campaigns?page=1&limit=10","service":"iap-service","timestamp":"2026-05-16 20:43:14"}
{"level":"debug","message":"GET /api/v1/admin/giveaway/campaigns?page=1&limit=10","service":"iap-service","timestamp":"2026-05-16 20:43:14"}
{"level":"debug","message":"GET /api/v1/admin/giveaway/campaigns/6a0863080507ae3a4a34415e/participants?page=1&limit=10","service":"iap-service","timestamp":"2026-05-16 20:43:15"}
{"level":"debug","message":"GET /api/v1/admin/giveaway/campaigns?page=1&limit=100","service":"iap-service","timestamp":"2026-05-16 20:43:15"}
{"level":"debug","message":"GET /api/v1/admin/giveaway/campaigns?page=1&limit=100","service":"iap-service","timestamp":"2026-05-16 20:43:15"}
{"level":"debug","message":"GET /api/v1/admin/giveaway/campaigns/6a0863080507ae3a4a34415e/participants?page=1&limit=10","service":"iap-service","timestamp":"2026-05-16 20:43:15"}
{"level":"debug","message":"GET /api/v1/admin/giveaway/campaigns?page=1&limit=10","service":"iap-service","timestamp":"2026-05-16 20:43:15"}
{"level":"debug","message":"GET /api/v1/admin/giveaway/campaigns?page=1&limit=10","service":"iap-service","timestamp":"2026-05-16 20:43:15"}
{"level":"debug","message":"GET /api/v1/admin/giveaway/prizes","service":"iap-service","timestamp":"2026-05-16 20:43:17"}
{"level":"debug","message":"GET /api/v1/admin/giveaway/prizes","service":"iap-service","timestamp":"2026-05-16 20:43:17"}
{"level":"debug","message":"GET /api/v1/admin/giveaway/campaigns?page=1&limit=10","service":"iap-service","timestamp":"2026-05-16 20:43:18"}
{"level":"debug","message":"GET /api/v1/admin/giveaway/campaigns?page=1&limit=10","service":"iap-service","timestamp":"2026-05-16 20:43:18"}
{"level":"debug","message":"GET /api/v1/admin/giveaway/campaigns?page=1&limit=100","service":"iap-service","timestamp":"2026-05-16 20:43:18"}
{"level":"debug","message":"GET /api/v1/admin/giveaway/campaigns/6a08075a24d3112dc0d88bb7/participants?page=1&limit=10","service":"iap-service","timestamp":"2026-05-16 20:43:18"}
{"level":"debug","message":"GET /api/v1/admin/giveaway/campaigns?page=1&limit=100","service":"iap-service","timestamp":"2026-05-16 20:43:18"}
{"level":"debug","message":"GET /api/v1/admin/giveaway/campaigns/6a08075a24d3112dc0d88bb7/participants?page=1&limit=10","service":"iap-service","timestamp":"2026-05-16 20:43:18"}
{"level":"debug","message":"GET /api/v1/admin/giveaway/campaigns?page=1&limit=10","service":"iap-service","timestamp":"2026-05-16 20:43:18"}
{"level":"debug","message":"GET /api/v1/admin/giveaway/campaigns?page=1&limit=10","service":"iap-service","timestamp":"2026-05-16 20:43:19"}
{"level":"debug","message":"GET /api/v1/admin/giveaway/campaigns?page=1&limit=100","service":"iap-service","timestamp":"2026-05-16 20:44:36"}
{"level":"debug","message":"GET /api/v1/admin/giveaway/campaigns/6a08075a24d3112dc0d88bb7/participants?page=1&limit=10","service":"iap-service","timestamp":"2026-05-16 20:44:36"}
{"level":"debug","message":"GET /api/v1/admin/giveaway/campaigns?page=1&limit=100","service":"iap-service","timestamp":"2026-05-16 20:44:36"}
{"level":"debug","message":"GET /api/v1/admin/giveaway/campaigns/6a08075a24d3112dc0d88bb7/participants?page=1&limit=10","service":"iap-service","timestamp":"2026-05-16 20:44:36"}
{"level":"debug","message":"GET /api/v1/admin/giveaway/campaigns?page=1&limit=10","service":"iap-service","timestamp":"2026-05-16 20:44:36"}
{"level":"debug","message":"GET /api/v1/admin/giveaway/campaigns?page=1&limit=10","service":"iap-service","timestamp":"2026-05-16 20:44:36"}
{"level":"debug","message":"GET /api/v1/admin/profile-review/reported?page=1&limit=10","service":"iap-service","timestamp":"2026-05-16 20:44:38"}
{"level":"debug","message":"GET /api/v1/admin/fake-profiles?page=1&limit=10","service":"iap-service","timestamp":"2026-05-16 20:44:39"}
{"level":"debug","message":"GET /api/v1/admin/fake-profiles?page=1&limit=10&status=active","service":"iap-service","timestamp":"2026-05-16 20:44:42"}
{"level":"debug","message":"GET /api/v1/admin/fake-profiles?page=1&limit=10","service":"iap-service","timestamp":"2026-05-16 20:44:44"}
{"level":"debug","message":"GET /api/v1/admin/fake-profiles?page=1&limit=10&status=active","service":"iap-service","timestamp":"2026-05-16 20:44:52"}
{"level":"debug","message":"GET /api/v1/admin/fake-profiles?page=1&limit=10&status=inactive","service":"iap-service","timestamp":"2026-05-16 20:44:53"}
{"level":"debug","message":"GET /api/v1/admin/fake-profiles?page=1&limit=10","service":"iap-service","timestamp":"2026-05-16 20:44:54"}
{"level":"debug","message":"GET /api/v1/admin/fake-profiles?page=1&limit=10&status=male","service":"iap-service","timestamp":"2026-05-16 20:44:58"}
{"level":"debug","message":"GET /api/v1/admin/fake-profiles?page=1&limit=10&status=female","service":"iap-service","timestamp":"2026-05-16 20:44:59"}
{"level":"debug","message":"GET /api/v1/admin/fake-profiles?page=1&limit=10&status=inactive","service":"iap-service","timestamp":"2026-05-16 20:47:05"}
{"level":"debug","message":"GET /api/v1/admin/fake-profiles?page=1&limit=10&status=active","service":"iap-service","timestamp":"2026-05-16 20:47:06"}
{"level":"debug","message":"GET /api/v1/admin/fake-profiles?page=1&limit=10","service":"iap-service","timestamp":"2026-05-16 20:47:07"}
{"level":"debug","message":"GET /api/v1/admin/moderation/pending-verifications?page=1&limit=10","service":"iap-service","timestamp":"2026-05-16 20:47:26"}
{"level":"debug","message":"GET /api/v1/admin/moderation/pending-verifications?page=1&limit=10&status=not_started","service":"iap-service","timestamp":"2026-05-16 20:47:27"}
{"level":"debug","message":"GET /api/v1/admin/moderation/pending-verifications?page=1&limit=10&status=approved","service":"iap-service","timestamp":"2026-05-16 20:47:28"}
{"level":"debug","message":"GET /api/v1/admin/moderation/pending-verifications?page=1&limit=10","service":"iap-service","timestamp":"2026-05-16 20:47:29"}
{"level":"debug","message":"GET /api/v1/contact/alltickets?page=1&limit=10","service":"iap-service","timestamp":"2026-05-16 20:47:37"}
{"level":"debug","message":"GET /api/v1/contact/alltickets?page=1&limit=10&status=in_progress","service":"iap-service","timestamp":"2026-05-16 20:47:38"}
{"level":"debug","message":"GET /api/v1/contact/alltickets?page=1&limit=10&status=open","service":"iap-service","timestamp":"2026-05-16 20:47:40"}
{"level":"debug","message":"GET /api/v1/contact/alltickets?page=1&limit=10","service":"iap-service","timestamp":"2026-05-16 20:47:41"}
{"level":"debug","message":"GET /api/v1/admin/users?page=1&limit=10&gender=","service":"iap-service","timestamp":"2026-05-16 20:47:50"}
{"level":"debug","message":"GET /api/v1/contact/alltickets?page=1&limit=10","service":"iap-service","timestamp":"2026-05-16 20:47:52"}
{"level":"debug","message":"GET /api/v1/admin/subscription/subscribers?page=1&limit=10","service":"iap-service","timestamp":"2026-05-16 20:47:59"}
{"level":"debug","message":"GET /api/v1/admin/subscription/subscribers?page=1&limit=10&status=ACTIVE","service":"iap-service","timestamp":"2026-05-16 20:48:01"}
{"level":"debug","message":"GET /api/v1/admin/subscription/subscribers?page=1&limit=10","service":"iap-service","timestamp":"2026-05-16 20:48:02"}
{"level":"debug","message":"GET /api/v1/admin/subscription/subscribers?page=1&limit=10&status=ACTIVE","service":"iap-service","timestamp":"2026-05-16 20:48:04"}
{"level":"debug","message":"GET /api/v1/admin/subscription/subscribers?page=1&limit=10&status=REVOKED","service":"iap-service","timestamp":"2026-05-16 20:48:05"}
{"level":"debug","message":"GET /api/v1/admin/subscription/subscribers?page=1&limit=10&status=REVOKED&planType=MONTHLY","service":"iap-service","timestamp":"2026-05-16 20:48:08"}
{"level":"debug","message":"GET /api/v1/admin/subscription/subscribers?page=1&limit=10&status=REVOKED&planType=MONTHLY&platform=ios","service":"iap-service","timestamp":"2026-05-16 20:48:11"}
{"level":"debug","message":"GET /api/v1/admin/subscription/subscribers?page=1&limit=10","service":"iap-service","timestamp":"2026-05-16 20:48:12"}
{"level":"debug","message":"GET /api/v1/admin/profile-review/reported?page=1&limit=10","service":"iap-service","timestamp":"2026-05-16 20:48:26"}
{"level":"debug","message":"GET /api/v1/admin/profile-review/reported?page=1&limit=10&status=in_progress","service":"iap-service","timestamp":"2026-05-16 20:48:28"}
{"level":"debug","message":"GET /api/v1/admin/profile-review/reported?page=1&limit=10&status=new","service":"iap-service","timestamp":"2026-05-16 20:48:29"}
{"level":"debug","message":"GET /api/v1/admin/profile-review/reported?page=1&limit=10","service":"iap-service","timestamp":"2026-05-16 20:48:31"}
{"level":"debug","message":"GET /api/v1/admin/fake-profiles?page=1&limit=10","service":"iap-service","timestamp":"2026-05-16 20:48:40"}
{"level":"debug","message":"GET /api/v1/admin/fake-profiles?page=1&limit=10&status=inactive","service":"iap-service","timestamp":"2026-05-16 20:48:42"}
{"level":"debug","message":"GET /api/v1/admin/fake-profiles?page=1&limit=10&status=active","service":"iap-service","timestamp":"2026-05-16 20:48:42"}
{"level":"debug","message":"GET /api/v1/admin/fake-profiles?page=1&limit=10","service":"iap-service","timestamp":"2026-05-16 20:48:44"}
{"level":"debug","message":"GET /api/v1/admin/transactions/summary","service":"iap-service","timestamp":"2026-05-16 20:48:55"}
{"level":"debug","message":"GET /api/v1/admin/transactions/summary","service":"iap-service","timestamp":"2026-05-16 20:48:55"}
{"level":"debug","message":"GET /api/v1/admin/transactions?page=1&limit=10&sortBy=occurredAt&sortOrder=desc","service":"iap-service","timestamp":"2026-05-16 20:48:55"}
{"level":"debug","message":"GET /api/v1/admin/transactions?page=1&limit=10&eventType=REFUND&sortBy=occurredAt&sortOrder=desc","service":"iap-service","timestamp":"2026-05-16 20:48:59"}
{"level":"debug","message":"GET /api/v1/admin/transactions?page=1&limit=10&sortBy=occurredAt&sortOrder=desc","service":"iap-service","timestamp":"2026-05-16 20:49:02"}
{"level":"debug","message":"GET /api/v1/admin/transactions?page=1&limit=10&eventType=PURCHASE&sortBy=occurredAt&sortOrder=desc","service":"iap-service","timestamp":"2026-05-16 20:49:06"}
{"level":"debug","message":"GET /api/v1/admin/transactions?page=1&limit=10&eventType=RENEW&sortBy=occurredAt&sortOrder=desc","service":"iap-service","timestamp":"2026-05-16 20:49:08"}
{"level":"debug","message":"GET /api/v1/admin/transactions?page=1&limit=10&eventType=RENEW&platform=ios&sortBy=occurredAt&sortOrder=desc","service":"iap-service","timestamp":"2026-05-16 20:49:11"}
{"level":"debug","message":"GET /api/v1/admin/transactions?page=1&limit=10&sortBy=occurredAt&sortOrder=desc","service":"iap-service","timestamp":"2026-05-16 20:49:12"}
{"level":"debug","message":"GET /api/v1/admin/users?page=1&limit=10&gender=","service":"iap-service","timestamp":"2026-05-16 20:49:32"}
{"level":"debug","message":"GET /api/v1/admin/dashboard/stats/kpi","service":"iap-service","timestamp":"2026-05-16 20:49:33"}
{"level":"debug","message":"GET /api/v1/admin/dashboard-v2/advanced-metrics?preset=today","service":"iap-service","timestamp":"2026-05-16 20:49:33"}
{"level":"debug","message":"GET /api/v1/admin/dashboard/stats/kpi?preset=today","service":"iap-service","timestamp":"2026-05-16 20:49:33"}
{"level":"debug","message":"GET /api/v1/admin/dashboard/stats/kpi?preset=today","service":"iap-service","timestamp":"2026-05-16 20:49:33"}
{"level":"debug","message":"GET /api/v1/admin/dashboard/stats/kpi","service":"iap-service","timestamp":"2026-05-16 20:49:33"}
{"level":"debug","message":"GET /api/v1/admin/dashboard/stats/kpi?preset=today","service":"iap-service","timestamp":"2026-05-16 20:49:33"}
{"level":"debug","message":"GET /api/v1/admin/dashboard-v2/advanced-metrics?preset=today","service":"iap-service","timestamp":"2026-05-16 20:49:33"}
{"level":"debug","message":"GET /api/v1/admin/dashboard/stats/kpi","service":"iap-service","timestamp":"2026-05-16 20:49:33"}
{"level":"debug","message":"GET /api/v1/admin/dashboard/stats/kpi?preset=today","service":"iap-service","timestamp":"2026-05-16 20:49:33"}
{"level":"debug","message":"GET /api/v1/admin/dashboard/stats/kpi","service":"iap-service","timestamp":"2026-05-16 20:49:33"}
{"level":"debug","message":"GET /api/v1/admin/dashboard-v2/advanced-metrics?preset=today","service":"iap-service","timestamp":"2026-05-16 20:49:34"}
{"level":"debug","message":"GET /api/v1/admin/dashboard/stats/kpi?preset=today","service":"iap-service","timestamp":"2026-05-16 20:49:34"}
{"level":"debug","message":"GET /api/v1/admin/dashboard/stats/kpi","service":"iap-service","timestamp":"2026-05-16 20:49:34"}
{"level":"debug","message":"GET /api/v1/admin/dashboard/stats/kpi","service":"iap-service","timestamp":"2026-05-16 20:49:34"}
{"level":"debug","message":"GET /api/v1/admin/dashboard-v2/advanced-metrics?preset=today","service":"iap-service","timestamp":"2026-05-16 20:49:34"}
{"level":"debug","message":"GET /api/v1/admin/dashboard/stats/kpi","service":"iap-service","timestamp":"2026-05-16 20:49:34"}
{"level":"debug","message":"GET /api/v1/admin/dashboard-v2/advanced-metrics?preset=today","service":"iap-service","timestamp":"2026-05-16 20:49:35"}
{"level":"debug","message":"GET /api/v1/admin/dashboard/stats/kpi","service":"iap-service","timestamp":"2026-05-16 20:49:35"}
{"level":"debug","message":"GET /api/v1/admin/dashboard/stats/kpi","service":"iap-service","timestamp":"2026-05-16 20:49:35"}
{"level":"debug","message":"GET /api/v1/admin/dashboard/stats/kpi","service":"iap-service","timestamp":"2026-05-16 20:49:35"}
{"level":"debug","message":"GET /api/v1/admin/users/ghosting/list?page=1&limit=10&view=ghosted","service":"iap-service","timestamp":"2026-05-16 20:49:35"}
{"level":"debug","message":"GET /api/v1/admin/users/ghosting/list?page=1&limit=10&view=active","service":"iap-service","timestamp":"2026-05-16 20:49:38"}
{"level":"debug","message":"GET /api/v1/admin/users/ghosting/list?page=1&limit=10&view=blocked","service":"iap-service","timestamp":"2026-05-16 20:49:39"}
{"level":"debug","message":"GET /api/v1/admin/users/ghosting/list?page=1&limit=10&view=matches","service":"iap-service","timestamp":"2026-05-16 20:49:41"}
{"level":"debug","message":"GET /api/v1/admin/users/ghosting/list?page=1&limit=10&view=ghosted","service":"iap-service","timestamp":"2026-05-16 20:49:43"}
{"level":"debug","message":"GET /api/v1/admin/users/ghosting/list?page=1&limit=10&view=ghosted","service":"iap-service","timestamp":"2026-05-16 20:49:47"}
{"level":"debug","message":"GET /api/v1/admin/users/ghosting/list?page=1&limit=10&view=ghosted","service":"iap-service","timestamp":"2026-05-16 20:49:50"}
{"level":"debug","message":"GET /api/v1/admin/users/ghosting/list?page=1&limit=10&view=ghosted_matches","service":"iap-service","timestamp":"2026-05-16 20:49:57"}
{"level":"debug","message":"GET /api/v1/admin/users/ghosting/list?page=1&limit=10&view=matches","service":"iap-service","timestamp":"2026-05-16 20:50:03"}
{"level":"debug","message":"GET /api/v1/admin/users/ghosting/list?page=1&limit=10&view=blocked","service":"iap-service","timestamp":"2026-05-16 20:50:04"}
{"level":"debug","message":"GET /api/v1/admin/users/ghosting/list?page=1&limit=10&view=active","service":"iap-service","timestamp":"2026-05-16 20:50:05"}
{"level":"debug","message":"GET /api/v1/admin/users/ghosting/list?page=1&limit=10&view=ghosted","service":"iap-service","timestamp":"2026-05-16 20:50:06"}
{"level":"debug","message":"GET /api/v1/admin/users/ghosting/list?page=1&limit=10&view=ghosted","service":"iap-service","timestamp":"2026-05-16 20:50:07"}
{"level":"debug","message":"GET /api/v1/admin/subscription/products?page=1&limit=100","service":"iap-service","timestamp":"2026-05-16 20:50:16"}
{"level":"debug","message":"GET /api/v1/admin/subscription/products?page=1&limit=100","service":"iap-service","timestamp":"2026-05-16 20:50:16"}
{"level":"debug","message":"GET /api/v1/admin/giveaway/campaigns?page=1&limit=10","service":"iap-service","timestamp":"2026-05-16 20:50:37"}
{"level":"debug","message":"GET /api/v1/admin/account","service":"iap-service","timestamp":"2026-05-16 20:50:37"}
{"level":"debug","message":"GET /api/v1/admin/profile-review/reported?limit=1","service":"iap-service","timestamp":"2026-05-16 20:50:37"}
{"level":"debug","message":"GET /api/v1/admin/moderation/pending-verifications?limit=1","service":"iap-service","timestamp":"2026-05-16 20:50:37"}
{"level":"debug","message":"GET /api/v1/contact/alltickets?limit=1","service":"iap-service","timestamp":"2026-05-16 20:50:37"}
{"level":"debug","message":"GET /api/v1/admin/giveaway/campaigns?page=1&limit=10","service":"iap-service","timestamp":"2026-05-16 20:50:37"}
{"level":"debug","message":"GET /api/v1/contact/alltickets?limit=1","service":"iap-service","timestamp":"2026-05-16 20:50:37"}
{"level":"debug","message":"GET /api/v1/admin/profile-review/reported?limit=1","service":"iap-service","timestamp":"2026-05-16 20:50:37"}
{"level":"debug","message":"GET /api/v1/admin/account","service":"iap-service","timestamp":"2026-05-16 20:50:37"}
{"level":"debug","message":"GET /api/v1/admin/giveaway/campaigns?page=1&limit=100","service":"iap-service","timestamp":"2026-05-16 20:50:38"}
{"level":"debug","message":"GET /api/v1/admin/giveaway/campaigns/6a08075a24d3112dc0d88bb7/participants?page=1&limit=10","service":"iap-service","timestamp":"2026-05-16 20:50:38"}
{"level":"debug","message":"GET /api/v1/admin/giveaway/campaigns?page=1&limit=100","service":"iap-service","timestamp":"2026-05-16 20:50:38"}
{"level":"debug","message":"GET /api/v1/admin/giveaway/campaigns/6a08075a24d3112dc0d88bb7/participants?page=1&limit=10","service":"iap-service","timestamp":"2026-05-16 20:50:38"}
{"level":"debug","message":"GET /api/v1/admin/giveaway/campaigns?page=1&limit=10","service":"iap-service","timestamp":"2026-05-16 20:50:38"}
{"level":"debug","message":"GET /api/v1/admin/giveaway/campaigns?page=1&limit=10","service":"iap-service","timestamp":"2026-05-16 20:50:38"}
{"level":"debug","message":"GET /api/v1/admin/moderation/pending-verifications?limit=1","service":"iap-service","timestamp":"2026-05-16 20:50:39"}
{"level":"debug","message":"GET /api/v1/admin/notification/notifications/history?page=1&limit=10","service":"iap-service","timestamp":"2026-05-16 20:51:05"}
{"level":"debug","message":"GET /api/v1/admin/notification/notifications/history?page=1&limit=10","service":"iap-service","timestamp":"2026-05-16 20:51:07"}
{"level":"debug","message":"GET /api/v1/admin/notification/notifications/history?page=1&limit=10&channel=email","service":"iap-service","timestamp":"2026-05-16 20:51:08"}
{"level":"debug","message":"GET /api/v1/admin/notification/notifications/history?page=1&limit=10&channel=push","service":"iap-service","timestamp":"2026-05-16 20:51:10"}
{"level":"debug","message":"GET /api/v1/admin/notification/notifications/history?page=1&limit=10","service":"iap-service","timestamp":"2026-05-16 20:51:11"}
{"level":"debug","message":"GET /api/v1/content/faq","service":"iap-service","timestamp":"2026-05-16 20:51:35"}
{"level":"debug","message":"GET /api/v1/content/faq","service":"iap-service","timestamp":"2026-05-16 20:51:35"}
{"level":"debug","message":"GET /api/v1/admin/subscription/stats?timeFilter=today","service":"iap-service","timestamp":"2026-05-16 20:52:02"}
{"level":"debug","message":"GET /api/v1/admin/subscription/stats?timeFilter=today","service":"iap-service","timestamp":"2026-05-16 20:52:02"}
{"level":"debug","message":"GET /api/v1/admin/subscription/subscribers?page=1&limit=10","service":"iap-service","timestamp":"2026-05-16 20:52:03"}
{"level":"debug","message":"GET /api/v1/admin/subscription/products?page=1&limit=100","service":"iap-service","timestamp":"2026-05-16 20:52:04"}
{"level":"debug","message":"GET /api/v1/admin/subscription/products?page=1&limit=100","service":"iap-service","timestamp":"2026-05-16 20:52:04"}
{"level":"debug","message":"GET /api/v1/admin/users?page=1&limit=10&gender=","service":"iap-service","timestamp":"2026-05-16 20:55:44"}
{"level":"debug","message":"GET /api/v1/admin/users/6a0813d3bcf4393567bd4835","service":"iap-service","timestamp":"2026-05-16 20:55:48"}
{"level":"debug","message":"GET /api/v1/admin/users/6a0813d3bcf4393567bd4835","service":"iap-service","timestamp":"2026-05-16 20:55:48"}
{"level":"debug","message":"GET /api/v1/admin/users?page=1&limit=10&gender=","service":"iap-service","timestamp":"2026-05-16 21:02:15"}
{"level":"debug","message":"GET /api/v1/admin/users?page=1&limit=10&search=ra&gender=","service":"iap-service","timestamp":"2026-05-16 21:02:17"}
{"level":"debug","message":"GET /api/v1/admin/users?page=1&limit=10&gender=","service":"iap-service","timestamp":"2026-05-16 21:02:18"}
{"level":"debug","message":"GET /api/v1/admin/users?page=1&limit=10&search=raj&gender=","service":"iap-service","timestamp":"2026-05-16 21:02:20"}
{"level":"debug","message":"GET /api/v1/admin/users/69be85dc6c136e3dc10e8d10","service":"iap-service","timestamp":"2026-05-16 21:02:23"}
{"level":"debug","message":"GET /api/v1/admin/users/69be85dc6c136e3dc10e8d10","service":"iap-service","timestamp":"2026-05-16 21:02:23"}
{"level":"debug","message":"GET /api/v1/admin/moderation/pending-verifications?page=1&limit=10","service":"iap-service","timestamp":"2026-05-16 21:04:23"}
{"level":"debug","message":"GET /api/v1/admin/users?page=1&limit=10&search=raj&gender=","service":"iap-service","timestamp":"2026-05-16 21:05:53"}
{"level":"debug","message":"GET /api/v1/admin/users?page=1&limit=10&gender=","service":"iap-service","timestamp":"2026-05-16 21:05:56"}
{"level":"debug","message":"POST /api/v1/admin/moderation/users/6a085794bcf4393567bd9959/ban","service":"iap-service","timestamp":"2026-05-16 21:06:02"}
{"level":"debug","message":"POST /api/v1/admin/moderation/users/6a085794bcf4393567bd9959/ban","service":"iap-service","timestamp":"2026-05-16 21:06:12"}
{"level":"debug","message":"GET /api/v1/admin/giveaway/campaigns?page=1&limit=10","service":"iap-service","timestamp":"2026-05-16 21:06:18"}
{"level":"debug","message":"GET /api/v1/admin/account","service":"iap-service","timestamp":"2026-05-16 21:06:18"}
{"level":"debug","message":"GET /api/v1/admin/profile-review/reported?limit=1","service":"iap-service","timestamp":"2026-05-16 21:06:18"}
{"level":"debug","message":"GET /api/v1/admin/moderation/pending-verifications?limit=1","service":"iap-service","timestamp":"2026-05-16 21:06:18"}
{"level":"debug","message":"GET /api/v1/contact/alltickets?limit=1","service":"iap-service","timestamp":"2026-05-16 21:06:18"}
{"level":"debug","message":"GET /api/v1/admin/giveaway/campaigns?page=1&limit=10","service":"iap-service","timestamp":"2026-05-16 21:06:18"}
{"level":"debug","message":"GET /api/v1/contact/alltickets?limit=1","service":"iap-service","timestamp":"2026-05-16 21:06:18"}
{"level":"debug","message":"GET /api/v1/admin/profile-review/reported?limit=1","service":"iap-service","timestamp":"2026-05-16 21:06:18"}
{"level":"debug","message":"GET /api/v1/admin/account","service":"iap-service","timestamp":"2026-05-16 21:06:18"}
{"level":"debug","message":"GET /api/v1/admin/users?page=1&limit=10&gender=","service":"iap-service","timestamp":"2026-05-16 21:06:19"}
{"level":"debug","message":"GET /api/v1/admin/moderation/pending-verifications?limit=1","service":"iap-service","timestamp":"2026-05-16 21:06:20"}
{"level":"debug","message":"POST /api/v1/admin/moderation/users/6a0813d3bcf4393567bd4835/ban","service":"iap-service","timestamp":"2026-05-16 21:06:29"}
{"level":"debug","message":"GET /api/v1/admin/giveaway/campaigns?page=1&limit=10","service":"iap-service","timestamp":"2026-05-16 21:06:46"}
{"level":"debug","message":"GET /api/v1/admin/account","service":"iap-service","timestamp":"2026-05-16 21:06:46"}
{"level":"debug","message":"GET /api/v1/admin/profile-review/reported?limit=1","service":"iap-service","timestamp":"2026-05-16 21:06:46"}
{"level":"debug","message":"GET /api/v1/admin/moderation/pending-verifications?limit=1","service":"iap-service","timestamp":"2026-05-16 21:06:46"}
{"level":"debug","message":"GET /api/v1/contact/alltickets?limit=1","service":"iap-service","timestamp":"2026-05-16 21:06:46"}
{"level":"debug","message":"GET /api/v1/admin/giveaway/campaigns?page=1&limit=10","service":"iap-service","timestamp":"2026-05-16 21:06:46"}
{"level":"debug","message":"GET /api/v1/contact/alltickets?limit=1","service":"iap-service","timestamp":"2026-05-16 21:06:46"}
{"level":"debug","message":"GET /api/v1/admin/profile-review/reported?limit=1","service":"iap-service","timestamp":"2026-05-16 21:06:46"}
{"level":"debug","message":"GET /api/v1/admin/account","service":"iap-service","timestamp":"2026-05-16 21:06:46"}
{"level":"debug","message":"GET /api/v1/admin/users?page=1&limit=10&gender=","service":"iap-service","timestamp":"2026-05-16 21:06:48"}
{"level":"debug","message":"GET /api/v1/admin/moderation/pending-verifications?limit=1","service":"iap-service","timestamp":"2026-05-16 21:06:48"}
{"level":"debug","message":"POST /api/v1/admin/moderation/users/6a0813d3bcf4393567bd4835/ban","service":"iap-service","timestamp":"2026-05-16 21:06:54"}
{"level":"debug","message":"POST /api/v1/admin/moderation/users/6a0813d3bcf4393567bd4835/ban","service":"iap-service","timestamp":"2026-05-16 21:12:36"}
{"level":"debug","message":"POST /api/v1/admin/moderation/users/6a0813d3bcf4393567bd4835/unban","service":"iap-service","timestamp":"2026-05-16 21:12:45"}
{"level":"debug","message":"GET /api/v1/admin/users/6a0813d3bcf4393567bd4835","service":"iap-service","timestamp":"2026-05-16 21:12:51"}
{"level":"debug","message":"GET /api/v1/admin/users/6a0813d3bcf4393567bd4835","service":"iap-service","timestamp":"2026-05-16 21:12:51"}
{"level":"debug","message":"GET /api/v1/admin/users?page=1&limit=10&gender=","service":"iap-service","timestamp":"2026-05-16 21:13:02"}
{"level":"debug","message":"GET /api/v1/admin/moderation/pending-verifications?page=1&limit=10","service":"iap-service","timestamp":"2026-05-16 21:13:04"}
{"level":"debug","message":"GET /api/v1/admin/moderation/pending-verifications?page=1&limit=10&status=rejected","service":"iap-service","timestamp":"2026-05-16 21:13:10"}
{"level":"debug","message":"POST /api/v1/admin/moderation/users/69c8c5eed2966483b6c3f813/verify","service":"iap-service","timestamp":"2026-05-16 21:13:18"}
{"level":"debug","message":"GET /api/v1/admin/moderation/pending-verifications?page=1&limit=10","service":"iap-service","timestamp":"2026-05-16 21:13:23"}
{"level":"debug","message":"GET /api/v1/contact/alltickets?page=1&limit=10","service":"iap-service","timestamp":"2026-05-16 21:13:42"}
{"level":"debug","message":"GET /api/v1/admin/giveaway/prizes","service":"iap-service","timestamp":"2026-05-16 21:15:29"}
{"level":"debug","message":"GET /api/v1/admin/giveaway/prizes","service":"iap-service","timestamp":"2026-05-16 21:15:30"}
{"level":"debug","message":"GET /api/v1/admin/giveaway/campaigns?page=1&limit=10","service":"iap-service","timestamp":"2026-05-16 21:15:30"}
{"level":"debug","message":"GET /api/v1/admin/giveaway/campaigns?page=1&limit=10","service":"iap-service","timestamp":"2026-05-16 21:15:30"}
{"level":"debug","message":"GET /api/v1/admin/giveaway/prizes?page=1&limit=10","service":"iap-service","timestamp":"2026-05-16 21:15:33"}
{"level":"debug","message":"GET /api/v1/admin/giveaway/deliveries/pending?page=1&limit=10","service":"iap-service","timestamp":"2026-05-16 21:15:33"}
{"level":"debug","message":"GET /api/v1/admin/giveaway/campaigns?page=1&limit=10","service":"iap-service","timestamp":"2026-05-16 21:18:10"}
{"level":"debug","message":"GET /api/v1/admin/account","service":"iap-service","timestamp":"2026-05-16 21:18:10"}
{"level":"debug","message":"GET /api/v1/admin/profile-review/reported?limit=1","service":"iap-service","timestamp":"2026-05-16 21:18:10"}
{"level":"debug","message":"GET /api/v1/admin/moderation/pending-verifications?limit=1","service":"iap-service","timestamp":"2026-05-16 21:18:10"}
{"level":"debug","message":"GET /api/v1/contact/alltickets?limit=1","service":"iap-service","timestamp":"2026-05-16 21:18:10"}
{"level":"debug","message":"GET /api/v1/admin/giveaway/campaigns?page=1&limit=10","service":"iap-service","timestamp":"2026-05-16 21:18:10"}
{"level":"debug","message":"GET /api/v1/contact/alltickets?limit=1","service":"iap-service","timestamp":"2026-05-16 21:18:10"}
{"level":"debug","message":"GET /api/v1/admin/profile-review/reported?limit=1","service":"iap-service","timestamp":"2026-05-16 21:18:10"}
{"level":"debug","message":"GET /api/v1/admin/account","service":"iap-service","timestamp":"2026-05-16 21:18:10"}
{"level":"debug","message":"GET /api/v1/admin/moderation/pending-verifications?limit=1","service":"iap-service","timestamp":"2026-05-16 21:18:12"}
{"level":"debug","message":"GET /api/v1/admin/giveaway/campaigns?page=1&limit=10","service":"iap-service","timestamp":"2026-05-16 21:18:19"}
{"level":"debug","message":"GET /api/v1/admin/account","service":"iap-service","timestamp":"2026-05-16 21:18:19"}
{"level":"debug","message":"GET /api/v1/admin/profile-review/reported?limit=1","service":"iap-service","timestamp":"2026-05-16 21:18:19"}
{"level":"debug","message":"GET /api/v1/admin/moderation/pending-verifications?limit=1","service":"iap-service","timestamp":"2026-05-16 21:18:19"}
{"level":"debug","message":"GET /api/v1/contact/alltickets?limit=1","service":"iap-service","timestamp":"2026-05-16 21:18:19"}
{"level":"debug","message":"GET /api/v1/admin/giveaway/campaigns?page=1&limit=10","service":"iap-service","timestamp":"2026-05-16 21:18:19"}
{"level":"debug","message":"GET /api/v1/contact/alltickets?limit=1","service":"iap-service","timestamp":"2026-05-16 21:18:19"}
{"level":"debug","message":"GET /api/v1/admin/profile-review/reported?limit=1","service":"iap-service","timestamp":"2026-05-16 21:18:19"}
{"level":"debug","message":"GET /api/v1/admin/account","service":"iap-service","timestamp":"2026-05-16 21:18:19"}
{"level":"debug","message":"GET /api/v1/admin/moderation/pending-verifications?limit=1","service":"iap-service","timestamp":"2026-05-16 21:18:21"}
{"level":"debug","message":"GET /api/v1/admin/giveaway/campaigns?page=1&limit=10","service":"iap-service","timestamp":"2026-05-16 21:18:46"}
{"level":"debug","message":"GET /api/v1/admin/account","service":"iap-service","timestamp":"2026-05-16 21:18:46"}
{"level":"debug","message":"GET /api/v1/admin/profile-review/reported?limit=1","service":"iap-service","timestamp":"2026-05-16 21:18:46"}
{"level":"debug","message":"GET /api/v1/admin/moderation/pending-verifications?limit=1","service":"iap-service","timestamp":"2026-05-16 21:18:46"}
{"level":"debug","message":"GET /api/v1/contact/alltickets?limit=1","service":"iap-service","timestamp":"2026-05-16 21:18:46"}
{"level":"debug","message":"GET /api/v1/admin/giveaway/campaigns?page=1&limit=10","service":"iap-service","timestamp":"2026-05-16 21:18:46"}
{"level":"debug","message":"GET /api/v1/contact/alltickets?limit=1","service":"iap-service","timestamp":"2026-05-16 21:18:46"}
{"level":"debug","message":"GET /api/v1/admin/profile-review/reported?limit=1","service":"iap-service","timestamp":"2026-05-16 21:18:46"}
{"level":"debug","message":"GET /api/v1/admin/account","service":"iap-service","timestamp":"2026-05-16 21:18:46"}
{"level":"debug","message":"GET /api/v1/admin/giveaway/deliveries/pending?page=1&limit=10","service":"iap-service","timestamp":"2026-05-16 21:18:48"}
{"level":"debug","message":"GET /api/v1/admin/moderation/pending-verifications?limit=1","service":"iap-service","timestamp":"2026-05-16 21:18:48"}
{"level":"debug","message":"GET /api/v1/admin/giveaway/campaigns?page=1&limit=10","service":"iap-service","timestamp":"2026-05-16 21:19:16"}
{"level":"debug","message":"GET /api/v1/admin/account","service":"iap-service","timestamp":"2026-05-16 21:19:16"}
{"level":"debug","message":"GET /api/v1/admin/profile-review/reported?limit=1","service":"iap-service","timestamp":"2026-05-16 21:19:16"}
{"level":"debug","message":"GET /api/v1/admin/moderation/pending-verifications?limit=1","service":"iap-service","timestamp":"2026-05-16 21:19:16"}
{"level":"debug","message":"GET /api/v1/contact/alltickets?limit=1","service":"iap-service","timestamp":"2026-05-16 21:19:16"}
{"level":"debug","message":"GET /api/v1/admin/giveaway/campaigns?page=1&limit=10","service":"iap-service","timestamp":"2026-05-16 21:19:16"}
{"level":"debug","message":"GET /api/v1/contact/alltickets?limit=1","service":"iap-service","timestamp":"2026-05-16 21:19:16"}
{"level":"debug","message":"GET /api/v1/admin/profile-review/reported?limit=1","service":"iap-service","timestamp":"2026-05-16 21:19:16"}
{"level":"debug","message":"GET /api/v1/admin/account","service":"iap-service","timestamp":"2026-05-16 21:19:16"}
{"level":"debug","message":"GET /api/v1/admin/moderation/pending-verifications?limit=1","service":"iap-service","timestamp":"2026-05-16 21:19:18"}
{"level":"debug","message":"GET /api/v1/admin/giveaway/deliveries/pending?page=1&limit=10","service":"iap-service","timestamp":"2026-05-16 21:19:18"}
{"level":"debug","message":"GET /api/v1/admin/giveaway/campaigns?page=1&limit=10","service":"iap-service","timestamp":"2026-05-16 21:36:18"}
{"level":"debug","message":"GET /api/v1/admin/account","service":"iap-service","timestamp":"2026-05-16 21:36:18"}
{"level":"debug","message":"GET /api/v1/admin/profile-review/reported?limit=1","service":"iap-service","timestamp":"2026-05-16 21:36:18"}
{"level":"debug","message":"GET /api/v1/admin/moderation/pending-verifications?limit=1","service":"iap-service","timestamp":"2026-05-16 21:36:18"}
{"level":"debug","message":"GET /api/v1/contact/alltickets?limit=1","service":"iap-service","timestamp":"2026-05-16 21:36:18"}
{"level":"debug","message":"GET /api/v1/admin/giveaway/campaigns?page=1&limit=10","service":"iap-service","timestamp":"2026-05-16 21:36:18"}
{"level":"debug","message":"GET /api/v1/admin/profile-review/reported?limit=1","service":"iap-service","timestamp":"2026-05-16 21:36:18"}
{"level":"debug","message":"GET /api/v1/contact/alltickets?limit=1","service":"iap-service","timestamp":"2026-05-16 21:36:18"}
{"level":"debug","message":"GET /api/v1/admin/account","service":"iap-service","timestamp":"2026-05-16 21:36:18"}
{"level":"debug","message":"GET /api/v1/admin/giveaway/deliveries/pending?page=1&limit=10","service":"iap-service","timestamp":"2026-05-16 21:36:19"}
{"level":"debug","message":"GET /api/v1/admin/moderation/pending-verifications?limit=1","service":"iap-service","timestamp":"2026-05-16 21:36:20"}
{"level":"debug","message":"GET /api/v1/admin/users?page=1&limit=10&gender=","service":"iap-service","timestamp":"2026-05-16 21:36:21"}
{"level":"debug","message":"GET /api/v1/admin/users?page=1&limit=10&accountStatus=banned&gender=","service":"iap-service","timestamp":"2026-05-16 21:36:24"}
{"level":"debug","message":"GET /api/v1/admin/users?page=1&limit=10&gender=","service":"iap-service","timestamp":"2026-05-16 21:36:27"}
{"level":"debug","message":"GET /api/v1/admin/fake-profiles?page=1&limit=10","service":"iap-service","timestamp":"2026-05-16 21:36:28"}
{"level":"debug","message":"GET /api/v1/admin/fake-profiles?page=1&limit=10&status=active","service":"iap-service","timestamp":"2026-05-16 21:36:32"}
{"level":"debug","message":"GET /api/v1/admin/fake-profiles?page=1&limit=10&status=deactivated","service":"iap-service","timestamp":"2026-05-16 21:36:35"}
{"level":"debug","message":"GET /api/v1/admin/fake-profiles?page=1&limit=10","service":"iap-service","timestamp":"2026-05-16 21:36:38"}
{"level":"debug","message":"GET /api/v1/admin/fake-profiles?page=1&limit=10&status=deactivated","service":"iap-service","timestamp":"2026-05-16 21:36:41"}
{"level":"debug","message":"GET /api/v1/admin/fake-profiles?page=1&limit=10&status=active","service":"iap-service","timestamp":"2026-05-16 21:38:12"}
{"level":"debug","message":"GET /api/v1/admin/fake-profiles?page=1&limit=10&status=deactivated","service":"iap-service","timestamp":"2026-05-16 21:38:17"}
{"level":"debug","message":"GET /api/v1/admin/fake-profiles?page=1&limit=10&status=active","service":"iap-service","timestamp":"2026-05-16 21:38:39"}
{"level":"debug","message":"GET /api/v1/admin/fake-profiles?page=1&limit=10&status=deactivated","service":"iap-service","timestamp":"2026-05-16 21:38:42"}
{"level":"debug","message":"GET /api/v1/admin/giveaway/campaigns?page=1&limit=10","service":"iap-service","timestamp":"2026-05-16 21:40:08"}
{"level":"debug","message":"GET /api/v1/admin/account","service":"iap-service","timestamp":"2026-05-16 21:40:08"}
{"level":"debug","message":"GET /api/v1/admin/profile-review/reported?limit=1","service":"iap-service","timestamp":"2026-05-16 21:40:08"}
{"level":"debug","message":"GET /api/v1/admin/moderation/pending-verifications?limit=1","service":"iap-service","timestamp":"2026-05-16 21:40:08"}
{"level":"debug","message":"GET /api/v1/contact/alltickets?limit=1","service":"iap-service","timestamp":"2026-05-16 21:40:08"}
{"level":"debug","message":"GET /api/v1/contact/alltickets?limit=1","service":"iap-service","timestamp":"2026-05-16 21:40:08"}
{"level":"debug","message":"GET /api/v1/admin/giveaway/campaigns?page=1&limit=10","service":"iap-service","timestamp":"2026-05-16 21:40:08"}
{"level":"debug","message":"GET /api/v1/admin/profile-review/reported?limit=1","service":"iap-service","timestamp":"2026-05-16 21:40:08"}
{"level":"debug","message":"GET /api/v1/admin/account","service":"iap-service","timestamp":"2026-05-16 21:40:08"}
{"level":"debug","message":"GET /api/v1/admin/moderation/pending-verifications?limit=1","service":"iap-service","timestamp":"2026-05-16 21:40:10"}
{"level":"debug","message":"GET /api/v1/admin/giveaway/campaigns?page=1&limit=10","service":"iap-service","timestamp":"2026-05-16 21:40:34"}
{"level":"debug","message":"GET /api/v1/admin/account","service":"iap-service","timestamp":"2026-05-16 21:40:34"}
{"level":"debug","message":"GET /api/v1/admin/profile-review/reported?limit=1","service":"iap-service","timestamp":"2026-05-16 21:40:34"}
{"level":"debug","message":"GET /api/v1/admin/moderation/pending-verifications?limit=1","service":"iap-service","timestamp":"2026-05-16 21:40:34"}
{"level":"debug","message":"GET /api/v1/contact/alltickets?limit=1","service":"iap-service","timestamp":"2026-05-16 21:40:34"}
{"level":"debug","message":"GET /api/v1/admin/giveaway/campaigns?page=1&limit=10","service":"iap-service","timestamp":"2026-05-16 21:40:34"}
{"level":"debug","message":"GET /api/v1/contact/alltickets?limit=1","service":"iap-service","timestamp":"2026-05-16 21:40:34"}
{"level":"debug","message":"GET /api/v1/admin/profile-review/reported?limit=1","service":"iap-service","timestamp":"2026-05-16 21:40:34"}
{"level":"debug","message":"GET /api/v1/admin/account","service":"iap-service","timestamp":"2026-05-16 21:40:34"}
{"level":"debug","message":"GET /api/v1/admin/subscription/stats?timeFilter=today","service":"iap-service","timestamp":"2026-05-16 21:40:35"}
{"level":"debug","message":"GET /api/v1/admin/subscription/stats?timeFilter=today","service":"iap-service","timestamp":"2026-05-16 21:40:35"}
{"level":"debug","message":"GET /api/v1/admin/moderation/pending-verifications?limit=1","service":"iap-service","timestamp":"2026-05-16 21:40:36"}
{"level":"debug","message":"GET /api/v1/admin/giveaway/campaigns?page=1&limit=10","service":"iap-service","timestamp":"2026-05-16 21:40:48"}
{"level":"debug","message":"GET /api/v1/admin/account","service":"iap-service","timestamp":"2026-05-16 21:40:48"}
{"level":"debug","message":"GET /api/v1/admin/profile-review/reported?limit=1","service":"iap-service","timestamp":"2026-05-16 21:40:48"}
{"level":"debug","message":"GET /api/v1/admin/moderation/pending-verifications?limit=1","service":"iap-service","timestamp":"2026-05-16 21:40:48"}
{"level":"debug","message":"GET /api/v1/contact/alltickets?limit=1","service":"iap-service","timestamp":"2026-05-16 21:40:48"}
{"level":"debug","message":"GET /api/v1/admin/giveaway/campaigns?page=1&limit=10","service":"iap-service","timestamp":"2026-05-16 21:40:48"}
{"level":"debug","message":"GET /api/v1/admin/profile-review/reported?limit=1","service":"iap-service","timestamp":"2026-05-16 21:40:48"}
{"level":"debug","message":"GET /api/v1/contact/alltickets?limit=1","service":"iap-service","timestamp":"2026-05-16 21:40:48"}
{"level":"debug","message":"GET /api/v1/admin/account","service":"iap-service","timestamp":"2026-05-16 21:40:48"}
{"level":"debug","message":"GET /api/v1/admin/subscription/stats?timeFilter=today","service":"iap-service","timestamp":"2026-05-16 21:40:49"}
{"level":"debug","message":"GET /api/v1/admin/moderation/pending-verifications?limit=1","service":"iap-service","timestamp":"2026-05-16 21:40:50"}
{"level":"debug","message":"GET /api/v1/admin/subscription/stats?timeFilter=today","service":"iap-service","timestamp":"2026-05-16 21:40:50"}
{"level":"debug","message":"GET /api/v1/admin/fake-profiles?page=1&limit=10&status=deactivated","service":"iap-service","timestamp":"2026-05-16 21:41:47"}
{"level":"debug","message":"GET /api/v1/admin/subscription/subscribers?page=1&limit=10","service":"iap-service","timestamp":"2026-05-16 21:41:51"}
{"level":"debug","message":"GET /api/v1/admin/subscription/stats?timeFilter=today","service":"iap-service","timestamp":"2026-05-16 21:41:55"}
{"level":"debug","message":"GET /api/v1/admin/subscription/stats?timeFilter=today","service":"iap-service","timestamp":"2026-05-16 21:41:56"}
{"level":"debug","message":"GET /api/v1/admin/subscription/stats?timeFilter=last7&startDate=2026-05-09&endDate=2026-05-16","service":"iap-service","timestamp":"2026-05-16 21:42:15"}
{"level":"debug","message":"GET /api/v1/admin/subscription/stats?timeFilter=last90&startDate=2026-02-15&endDate=2026-05-16","service":"iap-service","timestamp":"2026-05-16 21:42:23"}
{"level":"debug","message":"GET /api/v1/admin/subscription/stats?timeFilter=today&startDate=2026-05-16&endDate=2026-05-16","service":"iap-service","timestamp":"2026-05-16 21:42:37"}
{"level":"debug","message":"GET /api/v1/admin/users?page=1&limit=10&gender=","service":"iap-service","timestamp":"2026-05-16 21:42:46"}
{"level":"debug","message":"GET /api/v1/admin/users?page=1&limit=10&accountStatus=active&gender=","service":"iap-service","timestamp":"2026-05-16 21:42:50"}
{"level":"debug","message":"GET /api/v1/admin/users?page=1&limit=10&accountStatus=suspended&gender=","service":"iap-service","timestamp":"2026-05-16 21:42:54"}
{"level":"debug","message":"GET /api/v1/admin/users?page=1&limit=10&accountStatus=suspended&gender=&isGhosting=true","service":"iap-service","timestamp":"2026-05-16 21:42:59"}
{"level":"debug","message":"GET /api/v1/admin/users?page=1&limit=10&gender=&isGhosting=true","service":"iap-service","timestamp":"2026-05-16 21:43:02"}
{"level":"debug","message":"GET /api/v1/admin/users?page=1&limit=10&isPremium=true&gender=&isGhosting=true","service":"iap-service","timestamp":"2026-05-16 21:43:06"}
{"level":"debug","message":"GET /api/v1/admin/users?page=1&limit=10&isPremium=true&gender=","service":"iap-service","timestamp":"2026-05-16 21:43:10"}
{"level":"debug","message":"GET /api/v1/admin/users?page=1&limit=10&isPremium=true&gender=","service":"iap-service","timestamp":"2026-05-16 21:43:13"}
{"level":"debug","message":"GET /api/v1/admin/users?page=1&limit=10&accountStatus=active&gender=","service":"iap-service","timestamp":"2026-05-16 21:43:15"}
{"level":"debug","message":"GET /api/v1/admin/users?page=1&limit=10&gender=","service":"iap-service","timestamp":"2026-05-16 21:43:16"}
{"level":"debug","message":"GET /api/v1/admin/users?page=1&limit=10&isPremium=true&gender=","service":"iap-service","timestamp":"2026-05-16 21:43:19"}
{"level":"debug","message":"GET /api/v1/admin/users?page=1&limit=10&accountStatus=banned&gender=","service":"iap-service","timestamp":"2026-05-16 21:43:21"}
{"level":"debug","message":"GET /api/v1/admin/users?page=1&limit=10&isPremium=true&gender=","service":"iap-service","timestamp":"2026-05-16 21:43:23"}
{"level":"debug","message":"GET /api/v1/admin/users?page=1&limit=10&accountStatus=suspended&gender=","service":"iap-service","timestamp":"2026-05-16 21:43:24"}
{"level":"debug","message":"GET /api/v1/admin/users?page=1&limit=10&accountStatus=active&gender=","service":"iap-service","timestamp":"2026-05-16 21:43:26"}
{"level":"debug","message":"GET /api/v1/admin/users?page=1&limit=10&gender=","service":"iap-service","timestamp":"2026-05-16 21:43:28"}
{"level":"debug","message":"GET /api/v1/admin/users?page=1&limit=10&accountStatus=active&gender=","service":"iap-service","timestamp":"2026-05-16 21:43:42"}
{"level":"debug","message":"GET /api/v1/admin/users?page=1&limit=10&isPremium=true&gender=","service":"iap-service","timestamp":"2026-05-16 21:43:44"}
{"level":"debug","message":"GET /api/v1/admin/users/export/stream?","service":"iap-service","timestamp":"2026-05-16 21:43:46"}
{"level":"debug","message":"GET /api/v1/admin/users?page=1&limit=10&accountStatus=suspended&gender=","service":"iap-service","timestamp":"2026-05-16 21:43:58"}
{"level":"debug","message":"GET /api/v1/admin/users?page=1&limit=10&accountStatus=suspended&gender=men","service":"iap-service","timestamp":"2026-05-16 21:44:01"}
{"level":"debug","message":"GET /api/v1/admin/users?page=1&limit=10&gender=men","service":"iap-service","timestamp":"2026-05-16 21:44:03"}
{"level":"debug","message":"GET /api/v1/admin/users?page=1&limit=10&gender=","service":"iap-service","timestamp":"2026-05-16 21:44:09"}
{"level":"debug","message":"GET /api/v1/admin/fake-profiles?page=1&limit=10&status=deactivated","service":"iap-service","timestamp":"2026-05-16 21:44:10"}
{"level":"debug","message":"GET /api/v1/admin/giveaway/campaigns?page=1&limit=10","service":"iap-service","timestamp":"2026-05-16 21:44:19"}
{"level":"debug","message":"GET /api/v1/admin/account","service":"iap-service","timestamp":"2026-05-16 21:44:19"}
{"level":"debug","message":"GET /api/v1/admin/profile-review/reported?limit=1","service":"iap-service","timestamp":"2026-05-16 21:44:19"}
{"level":"debug","message":"GET /api/v1/admin/moderation/pending-verifications?limit=1","service":"iap-service","timestamp":"2026-05-16 21:44:19"}
{"level":"debug","message":"GET /api/v1/contact/alltickets?limit=1","service":"iap-service","timestamp":"2026-05-16 21:44:19"}
{"level":"debug","message":"GET /api/v1/admin/giveaway/campaigns?page=1&limit=10","service":"iap-service","timestamp":"2026-05-16 21:44:19"}
{"level":"debug","message":"GET /api/v1/contact/alltickets?limit=1","service":"iap-service","timestamp":"2026-05-16 21:44:19"}
{"level":"debug","message":"GET /api/v1/admin/profile-review/reported?limit=1","service":"iap-service","timestamp":"2026-05-16 21:44:19"}
{"level":"debug","message":"GET /api/v1/admin/account","service":"iap-service","timestamp":"2026-05-16 21:44:19"}
{"level":"debug","message":"GET /api/v1/admin/fake-profiles?page=1&limit=10&status=deactivated","service":"iap-service","timestamp":"2026-05-16 21:44:20"}
{"level":"debug","message":"GET /api/v1/admin/moderation/pending-verifications?limit=1","service":"iap-service","timestamp":"2026-05-16 21:44:21"}
{"level":"debug","message":"GET /api/v1/admin/fake-profiles?page=1&limit=10","service":"iap-service","timestamp":"2026-05-16 21:44:47"}
{"level":"debug","message":"GET /api/v1/admin/fake-profiles?page=1&limit=10","service":"iap-service","timestamp":"2026-05-16 21:44:48"}
{"level":"debug","message":"GET /api/v1/admin/fake-profiles?page=1&limit=10&status=active","service":"iap-service","timestamp":"2026-05-16 21:44:51"}
{"level":"debug","message":"GET /api/v1/admin/fake-profiles?page=1&limit=10&status=inactive","service":"iap-service","timestamp":"2026-05-16 21:44:54"}
{"level":"debug","message":"GET /api/v1/admin/fake-profiles?page=1&limit=10","service":"iap-service","timestamp":"2026-05-16 21:44:55"}
{"level":"debug","message":"GET /api/v1/admin/profile-review/reported?page=1&limit=10","service":"iap-service","timestamp":"2026-05-16 21:44:58"}
{"level":"debug","message":"GET /api/v1/admin/profile-review/reported?page=1&limit=10&status=new","service":"iap-service","timestamp":"2026-05-16 21:45:00"}
{"level":"debug","message":"GET /api/v1/admin/profile-review/reported?page=1&limit=10","service":"iap-service","timestamp":"2026-05-16 21:45:03"}
{"level":"debug","message":"GET /api/v1/admin/profile-review/reported?page=1&limit=10&status=new","service":"iap-service","timestamp":"2026-05-16 21:45:04"}
{"level":"debug","message":"GET /api/v1/admin/profile-review/reported?page=1&limit=10&status=in_progress","service":"iap-service","timestamp":"2026-05-16 21:45:05"}
{"level":"debug","message":"GET /api/v1/admin/profile-review/reported?page=1&limit=10&status=resolved","service":"iap-service","timestamp":"2026-05-16 21:45:06"}
{"level":"debug","message":"GET /api/v1/admin/profile-review/reported?page=1&limit=10&status=in_progress","service":"iap-service","timestamp":"2026-05-16 21:45:09"}
{"level":"debug","message":"GET /api/v1/admin/profile-review/reported?page=1&limit=10&status=new","service":"iap-service","timestamp":"2026-05-16 21:47:21"}
{"level":"debug","message":"GET /api/v1/admin/profile-review/reported?page=1&limit=10&status=in_progress","service":"iap-service","timestamp":"2026-05-16 21:47:22"}
{"level":"debug","message":"GET /api/v1/admin/profile-review/reported?page=1&limit=10&status=resolved","service":"iap-service","timestamp":"2026-05-16 21:47:24"}
{"level":"debug","message":"GET /api/v1/admin/moderation/pending-verifications?page=1&limit=10","service":"iap-service","timestamp":"2026-05-16 21:47:27"}
{"level":"debug","message":"GET /api/v1/admin/moderation/pending-verifications?page=1&limit=10&status=not_started","service":"iap-service","timestamp":"2026-05-16 21:47:28"}
{"level":"debug","message":"GET /api/v1/admin/moderation/pending-verifications?page=1&limit=10&status=approved","service":"iap-service","timestamp":"2026-05-16 21:47:31"}
{"level":"debug","message":"GET /api/v1/admin/moderation/pending-verifications?page=1&limit=10&status=not_started","service":"iap-service","timestamp":"2026-05-16 21:47:32"}
{"level":"debug","message":"GET /api/v1/admin/moderation/pending-verifications?page=1&limit=10&status=approved","service":"iap-service","timestamp":"2026-05-16 21:47:36"}
{"level":"debug","message":"GET /api/v1/admin/moderation/pending-verifications?page=1&limit=10&status=pending","service":"iap-service","timestamp":"2026-05-16 21:47:38"}
{"level":"debug","message":"GET /api/v1/admin/moderation/pending-verifications?page=1&limit=10","service":"iap-service","timestamp":"2026-05-16 21:47:41"}
{"level":"debug","message":"GET /api/v1/admin/subscription/stats?timeFilter=today","service":"iap-service","timestamp":"2026-05-16 21:47:46"}
{"level":"debug","message":"GET /api/v1/admin/subscription/stats?timeFilter=today","service":"iap-service","timestamp":"2026-05-16 21:47:46"}
{"level":"debug","message":"GET /api/v1/admin/subscription/subscribers?page=1&limit=10","service":"iap-service","timestamp":"2026-05-16 21:47:48"}
{"level":"debug","message":"GET /api/v1/admin/subscription/subscribers?page=1&limit=10&status=ACTIVE","service":"iap-service","timestamp":"2026-05-16 21:47:52"}
{"level":"debug","message":"GET /api/v1/admin/subscription/subscribers?page=1&limit=10&status=REVOKED","service":"iap-service","timestamp":"2026-05-16 21:47:55"}
{"level":"debug","message":"GET /api/v1/admin/subscription/subscribers?page=1&limit=10&status=ACTIVE","service":"iap-service","timestamp":"2026-05-16 21:47:58"}
{"level":"debug","message":"GET /api/v1/admin/subscription/subscribers?page=1&limit=10","service":"iap-service","timestamp":"2026-05-16 21:47:59"}
{"level":"debug","message":"GET /api/v1/admin/subscription/products?page=1&limit=100","service":"iap-service","timestamp":"2026-05-16 21:49:02"}
{"level":"debug","message":"GET /api/v1/admin/subscription/products?page=1&limit=100","service":"iap-service","timestamp":"2026-05-16 21:49:02"}
{"level":"debug","message":"GET /api/v1/admin/subscription/config","service":"iap-service","timestamp":"2026-05-16 21:49:38"}
{"level":"debug","message":"GET /api/v1/admin/subscription/stats?timeFilter=today","service":"iap-service","timestamp":"2026-05-16 21:49:38"}
{"level":"debug","message":"GET /api/v1/admin/subscription/config","service":"iap-service","timestamp":"2026-05-16 21:49:38"}
{"level":"debug","message":"GET /api/v1/admin/subscription/stats?timeFilter=today","service":"iap-service","timestamp":"2026-05-16 21:49:38"}
{"level":"debug","message":"GET /api/v1/admin/transactions/summary","service":"iap-service","timestamp":"2026-05-16 21:49:39"}
{"level":"debug","message":"GET /api/v1/admin/transactions/summary","service":"iap-service","timestamp":"2026-05-16 21:49:39"}
{"level":"debug","message":"GET /api/v1/admin/transactions?page=1&limit=10&sortBy=occurredAt&sortOrder=desc","service":"iap-service","timestamp":"2026-05-16 21:49:39"}
{"level":"debug","message":"GET /api/v1/admin/transactions?page=1&limit=10&eventType=REFUND&sortBy=occurredAt&sortOrder=desc","service":"iap-service","timestamp":"2026-05-16 21:49:44"}
{"level":"debug","message":"GET /api/v1/admin/transactions?page=1&limit=10&sortBy=occurredAt&sortOrder=desc","service":"iap-service","timestamp":"2026-05-16 21:49:46"}
{"level":"debug","message":"GET /api/v1/admin/transactions?page=1&limit=10&eventType=REFUND&sortBy=occurredAt&sortOrder=desc","service":"iap-service","timestamp":"2026-05-16 21:49:47"}
{"level":"debug","message":"GET /api/v1/admin/notification/notifications/history?page=1&limit=10","service":"iap-service","timestamp":"2026-05-16 21:49:52"}
{"level":"debug","message":"GET /api/v1/admin/notification/notifications/history?page=1&limit=10&channel=email","service":"iap-service","timestamp":"2026-05-16 21:49:54"}
{"level":"debug","message":"GET /api/v1/admin/notification/notifications/history?page=1&limit=10&channel=push","service":"iap-service","timestamp":"2026-05-16 21:49:56"}
{"level":"debug","message":"GET /api/v1/admin/notification/notifications/history?page=1&limit=10","service":"iap-service","timestamp":"2026-05-16 21:49:57"}
{"level":"debug","message":"GET /api/v1/contact/alltickets?page=1&limit=10","service":"iap-service","timestamp":"2026-05-16 21:50:00"}
{"level":"debug","message":"GET /api/v1/contact/alltickets?page=1&limit=10&status=open","service":"iap-service","timestamp":"2026-05-16 21:50:01"}
{"level":"debug","message":"GET /api/v1/contact/alltickets?page=1&limit=10&status=in_progress","service":"iap-service","timestamp":"2026-05-16 21:50:03"}
{"level":"debug","message":"GET /api/v1/contact/alltickets?page=1&limit=10&status=resolved","service":"iap-service","timestamp":"2026-05-16 21:50:05"}
{"level":"debug","message":"GET /api/v1/contact/alltickets?page=1&limit=10","service":"iap-service","timestamp":"2026-05-16 21:50:06"}
{"level":"debug","message":"GET /api/v1/admin/giveaway/deliveries/pending?page=1&limit=10","service":"iap-service","timestamp":"2026-05-16 21:50:11"}
{"level":"debug","message":"GET /api/v1/admin/giveaway/prizes?page=1&limit=10","service":"iap-service","timestamp":"2026-05-16 21:50:13"}
{"level":"debug","message":"GET /api/v1/admin/giveaway/prizes","service":"iap-service","timestamp":"2026-05-16 21:50:16"}
{"level":"debug","message":"GET /api/v1/admin/giveaway/prizes","service":"iap-service","timestamp":"2026-05-16 21:50:16"}
{"level":"debug","message":"GET /api/v1/admin/giveaway/campaigns?page=1&limit=10","service":"iap-service","timestamp":"2026-05-16 21:50:17"}
{"level":"debug","message":"GET /api/v1/admin/giveaway/campaigns?page=1&limit=10","service":"iap-service","timestamp":"2026-05-16 21:50:17"}
{"level":"debug","message":"GET /api/v1/admin/giveaway/deliveries/pending?page=1&limit=10","service":"iap-service","timestamp":"2026-05-16 21:50:19"}
{"level":"debug","message":"GET /api/v1/admin/giveaway/campaigns/winner?page=1&limit=10","service":"iap-service","timestamp":"2026-05-16 21:50:20"}
{"level":"debug","message":"GET /api/v1/admin/giveaway/deliveries/pending?page=1&limit=10","service":"iap-service","timestamp":"2026-05-16 21:50:22"}
{"level":"debug","message":"GET /api/v1/admin/giveaway/prizes?page=1&limit=10","service":"iap-service","timestamp":"2026-05-16 21:50:23"}
{"level":"debug","message":"GET /api/v1/admin/giveaway/prizes","service":"iap-service","timestamp":"2026-05-16 21:51:36"}
{"level":"debug","message":"GET /api/v1/admin/giveaway/prizes","service":"iap-service","timestamp":"2026-05-16 21:51:36"}
{"level":"debug","message":"GET /api/v1/admin/giveaway/campaigns?page=1&limit=10","service":"iap-service","timestamp":"2026-05-16 21:51:36"}
{"level":"debug","message":"GET /api/v1/admin/giveaway/campaigns?page=1&limit=10","service":"iap-service","timestamp":"2026-05-16 21:51:36"}
{"level":"debug","message":"GET /api/v1/admin/subscription/subscribers?page=1&limit=10","service":"iap-service","timestamp":"2026-05-16 21:51:38"}
{"level":"debug","message":"GET /api/v1/admin/subscription/subscribers?page=1&limit=10&status=ACTIVE","service":"iap-service","timestamp":"2026-05-16 21:51:40"}
{"level":"debug","message":"GET /api/v1/admin/subscription/subscribers?page=1&limit=10&status=REVOKED","service":"iap-service","timestamp":"2026-05-16 21:51:42"}
{"level":"debug","message":"GET /api/v1/admin/subscription/subscribers?page=1&limit=10","service":"iap-service","timestamp":"2026-05-16 21:51:44"}
{"level":"debug","message":"GET /api/v1/admin/subscription/products?page=1&limit=100","service":"iap-service","timestamp":"2026-05-16 21:51:46"}
{"level":"debug","message":"GET /api/v1/admin/subscription/products?page=1&limit=100","service":"iap-service","timestamp":"2026-05-16 21:51:46"}
{"level":"debug","message":"GET /api/v1/admin/subscription/config","service":"iap-service","timestamp":"2026-05-16 21:52:16"}
{"level":"debug","message":"GET /api/v1/admin/subscription/stats?timeFilter=today","service":"iap-service","timestamp":"2026-05-16 21:52:16"}
{"level":"debug","message":"GET /api/v1/admin/subscription/config","service":"iap-service","timestamp":"2026-05-16 21:52:16"}
{"level":"debug","message":"GET /api/v1/admin/subscription/stats?timeFilter=today","service":"iap-service","timestamp":"2026-05-16 21:52:16"}
{"level":"debug","message":"GET /api/v1/admin/subscription/stats?timeFilter=today","service":"iap-service","timestamp":"2026-05-16 21:52:19"}
{"level":"debug","message":"GET /api/v1/admin/subscription/stats?timeFilter=today","service":"iap-service","timestamp":"2026-05-16 21:52:20"}
{"level":"debug","message":"GET /api/v1/contact/alltickets?page=1&limit=10","service":"iap-service","timestamp":"2026-05-16 21:52:22"}
{"level":"debug","message":"GET /api/v1/admin/users?page=1&limit=10&gender=","service":"iap-service","timestamp":"2026-05-16 21:52:24"}
{"level":"debug","message":"GET /api/v1/admin/subscription/stats?timeFilter=today","service":"iap-service","timestamp":"2026-05-16 21:53:05"}
{"level":"debug","message":"GET /api/v1/admin/subscription/stats?timeFilter=today","service":"iap-service","timestamp":"2026-05-16 21:53:05"}
{"level":"debug","message":"GET /api/v1/admin/subscription/subscribers?page=1&limit=10","service":"iap-service","timestamp":"2026-05-16 21:53:08"}
{"level":"debug","message":"GET /api/v1/admin/subscription/users/6a0453983a7367083907f6af","service":"iap-service","timestamp":"2026-05-16 21:53:09"}
{"level":"debug","message":"GET /api/v1/admin/subscription/users/6a0453983a7367083907f6af","service":"iap-service","timestamp":"2026-05-16 21:53:09"}
{"level":"debug","message":"GET /api/v1/admin/moderation/pending-verifications?page=1&limit=10","service":"iap-service","timestamp":"2026-05-16 21:53:24"}
{"level":"debug","message":"GET /api/v1/admin/profile-review/reported?page=1&limit=10&status=resolved","service":"iap-service","timestamp":"2026-05-16 21:53:26"}
{"level":"debug","message":"GET /api/v1/admin/users?page=1&limit=10&gender=","service":"iap-service","timestamp":"2026-05-16 21:53:28"}
{"level":"debug","message":"GET /api/v1/admin/users?page=1&limit=10&isPremium=true&gender=","service":"iap-service","timestamp":"2026-05-16 21:53:30"}
{"level":"debug","message":"GET /api/v1/admin/users?page=1&limit=10&gender=","service":"iap-service","timestamp":"2026-05-16 21:53:32"}
{"level":"debug","message":"GET /api/v1/admin/profile-review/reported?page=1&limit=10&status=resolved","service":"iap-service","timestamp":"2026-05-16 21:53:33"}
{"level":"debug","message":"GET /api/v1/admin/profile-review/reported?page=1&limit=10","service":"iap-service","timestamp":"2026-05-16 21:53:35"}
{"level":"debug","message":"GET /api/v1/admin/moderation/pending-verifications?page=1&limit=10","service":"iap-service","timestamp":"2026-05-16 21:53:36"}
{"level":"debug","message":"GET /api/v1/admin/dashboard/stats/kpi","service":"iap-service","timestamp":"2026-05-16 21:53:38"}
{"level":"debug","message":"GET /api/v1/admin/dashboard-v2/advanced-metrics?preset=today","service":"iap-service","timestamp":"2026-05-16 21:53:38"}
{"level":"debug","message":"GET /api/v1/admin/dashboard/stats/kpi?preset=today","service":"iap-service","timestamp":"2026-05-16 21:53:38"}
{"level":"debug","message":"GET /api/v1/admin/dashboard/stats/kpi?preset=today","service":"iap-service","timestamp":"2026-05-16 21:53:38"}
{"level":"debug","message":"GET /api/v1/admin/dashboard/stats/kpi","service":"iap-service","timestamp":"2026-05-16 21:53:38"}
{"level":"debug","message":"GET /api/v1/admin/dashboard-v2/advanced-metrics?preset=today","service":"iap-service","timestamp":"2026-05-16 21:53:38"}
{"level":"debug","message":"GET /api/v1/admin/dashboard/stats/kpi","service":"iap-service","timestamp":"2026-05-16 21:53:38"}
{"level":"debug","message":"GET /api/v1/admin/dashboard/stats/kpi?preset=today","service":"iap-service","timestamp":"2026-05-16 21:53:38"}
{"level":"debug","message":"GET /api/v1/admin/dashboard-v2/advanced-metrics?preset=today","service":"iap-service","timestamp":"2026-05-16 21:53:38"}
{"level":"debug","message":"GET /api/v1/admin/dashboard/stats/kpi","service":"iap-service","timestamp":"2026-05-16 21:53:38"}
{"level":"debug","message":"GET /api/v1/admin/dashboard/stats/kpi?preset=today","service":"iap-service","timestamp":"2026-05-16 21:53:39"}
{"level":"debug","message":"GET /api/v1/admin/dashboard/stats/kpi","service":"iap-service","timestamp":"2026-05-16 21:53:39"}
{"level":"debug","message":"GET /api/v1/admin/dashboard-v2/advanced-metrics?preset=today","service":"iap-service","timestamp":"2026-05-16 21:53:39"}
{"level":"debug","message":"GET /api/v1/admin/dashboard/stats/kpi","service":"iap-service","timestamp":"2026-05-16 21:53:39"}
{"level":"debug","message":"GET /api/v1/admin/dashboard/stats/kpi","service":"iap-service","timestamp":"2026-05-16 21:53:39"}
{"level":"debug","message":"GET /api/v1/admin/dashboard/stats/kpi","service":"iap-service","timestamp":"2026-05-16 21:53:40"}
{"level":"debug","message":"GET /api/v1/admin/users/6a081255bcf4393567bd4387","service":"iap-service","timestamp":"2026-05-16 21:53:52"}
{"level":"debug","message":"GET /api/v1/admin/users/6a081255bcf4393567bd4387","service":"iap-service","timestamp":"2026-05-16 21:53:52"}
{"level":"debug","message":"POST /api/v1/admin/moderation/users/6a081255bcf4393567bd4387/ban","service":"iap-service","timestamp":"2026-05-16 21:55:45"}
{"level":"debug","message":"GET /api/v1/admin/users/6a081255bcf4393567bd4387","service":"iap-service","timestamp":"2026-05-16 21:55:47"}
{"level":"debug","message":"POST /api/v1/admin/moderation/users/6a081255bcf4393567bd4387/unban","service":"iap-service","timestamp":"2026-05-16 21:56:04"}
{"level":"debug","message":"GET /api/v1/admin/users/6a081255bcf4393567bd4387","service":"iap-service","timestamp":"2026-05-16 21:56:05"}
{"level":"debug","message":"PATCH /api/v1/admin/notification/update/6a081255bcf4393567bd4387","service":"iap-service","timestamp":"2026-05-16 21:56:11"}
{"level":"debug","message":"PATCH /api/v1/admin/notification/update/6a081255bcf4393567bd4387","service":"iap-service","timestamp":"2026-05-16 21:56:13"}
{"level":"debug","message":"PATCH /api/v1/admin/notification/update/6a081255bcf4393567bd4387","service":"iap-service","timestamp":"2026-05-16 21:56:14"}
{"level":"debug","message":"PATCH /api/v1/admin/notification/update/6a081255bcf4393567bd4387","service":"iap-service","timestamp":"2026-05-16 21:56:15"}
{"level":"debug","message":"PATCH /api/v1/admin/notification/update/6a081255bcf4393567bd4387","service":"iap-service","timestamp":"2026-05-16 21:56:16"}
{"level":"debug","message":"GET /api/v1/admin/users?page=1&limit=10&gender=","service":"iap-service","timestamp":"2026-05-16 21:56:20"}
{"level":"debug","message":"GET /api/v1/admin/subscription/subscribers?page=1&limit=10","service":"iap-service","timestamp":"2026-05-16 21:56:23"}
{"level":"debug","message":"GET /api/v1/admin/subscription/users/6a0453983a7367083907f6af","service":"iap-service","timestamp":"2026-05-16 21:56:26"}
{"level":"debug","message":"GET /api/v1/admin/subscription/users/6a0453983a7367083907f6af","service":"iap-service","timestamp":"2026-05-16 21:56:27"}
{"level":"debug","message":"GET /api/v1/admin/subscription/subscribers?page=1&limit=10","service":"iap-service","timestamp":"2026-05-16 21:56:29"}
{"level":"debug","message":"GET /api/v1/admin/subscription/users/6a0453983a7367083907f6af","service":"iap-service","timestamp":"2026-05-16 21:56:30"}
{"level":"debug","message":"GET /api/v1/admin/subscription/users/6a0453983a7367083907f6af","service":"iap-service","timestamp":"2026-05-16 21:56:31"}
{"level":"debug","message":"GET /api/v1/admin/subscription/subscribers?page=1&limit=10","service":"iap-service","timestamp":"2026-05-16 21:56:33"}
