{"level":"debug","message":"GET /api/v1/contact/alltickets?limit=1","service":"iap-service","timestamp":"2026-05-06 12:40:50"}
{"level":"debug","message":"GET /api/v1/admin/giveaway/campaigns?page=1&limit=10","service":"iap-service","timestamp":"2026-05-06 12:40:50"}
{"level":"debug","message":"GET /api/v1/contact/alltickets?limit=1","service":"iap-service","timestamp":"2026-05-06 12:40:50"}
{"level":"debug","message":"GET /api/v1/admin/moderation/pending-verifications?limit=1","service":"iap-service","timestamp":"2026-05-06 12:40:50"}
{"level":"debug","message":"GET /api/v1/admin/profile-review/reported?limit=1","service":"iap-service","timestamp":"2026-05-06 12:40:50"}
{"level":"debug","message":"GET /api/v1/admin/account","service":"iap-service","timestamp":"2026-05-06 12:40:50"}
{"level":"debug","message":"GET /api/v1/admin/giveaway/prizes?page=1&limit=10","service":"iap-service","timestamp":"2026-05-06 12:40:56"}
{"level":"debug","message":"GET /api/v1/admin/giveaway/deliveries/pending?page=1&limit=10","service":"iap-service","timestamp":"2026-05-06 12:40:57"}
{"level":"debug","message":"GET /api/v1/admin/giveaway/campaigns/winner?page=1&limit=10","service":"iap-service","timestamp":"2026-05-06 12:41:00"}
{"level":"debug","message":"GET /api/v1/admin/giveaway/campaigns?page=1&limit=10","service":"iap-service","timestamp":"2026-05-06 12:41:25"}
{"level":"debug","message":"GET /api/v1/admin/account","service":"iap-service","timestamp":"2026-05-06 12:41:25"}
{"level":"debug","message":"GET /api/v1/admin/moderation/pending-verifications?limit=1","service":"iap-service","timestamp":"2026-05-06 12:41:25"}
{"level":"debug","message":"GET /api/v1/admin/profile-review/reported?limit=1","service":"iap-service","timestamp":"2026-05-06 12:41:25"}
{"level":"debug","message":"GET /api/v1/contact/alltickets?limit=1","service":"iap-service","timestamp":"2026-05-06 12:41:25"}
{"level":"debug","message":"GET /api/v1/admin/giveaway/campaigns?page=1&limit=10","service":"iap-service","timestamp":"2026-05-06 12:41:25"}
{"level":"debug","message":"GET /api/v1/contact/alltickets?limit=1","service":"iap-service","timestamp":"2026-05-06 12:41:25"}
{"level":"debug","message":"GET /api/v1/admin/profile-review/reported?limit=1","service":"iap-service","timestamp":"2026-05-06 12:41:25"}
{"level":"debug","message":"GET /api/v1/admin/moderation/pending-verifications?limit=1","service":"iap-service","timestamp":"2026-05-06 12:41:25"}
{"level":"debug","message":"GET /api/v1/admin/account","service":"iap-service","timestamp":"2026-05-06 12:41:26"}
{"level":"debug","message":"GET /api/v1/admin/giveaway/prizes?page=1&limit=10","service":"iap-service","timestamp":"2026-05-06 12:41:28"}
{"level":"debug","message":"GET /api/v1/admin/giveaway/campaigns/winner?page=1&limit=10","service":"iap-service","timestamp":"2026-05-06 12:41:29"}
{"level":"debug","message":"GET /api/v1/contact/alltickets?page=1&limit=10","service":"iap-service","timestamp":"2026-05-06 12:41:35"}
{"level":"debug","message":"GET /api/v1/admin/giveaway/campaigns?page=1&limit=10","service":"iap-service","timestamp":"2026-05-06 12:41:39"}
{"level":"debug","message":"GET /api/v1/admin/account","service":"iap-service","timestamp":"2026-05-06 12:41:39"}
{"level":"debug","message":"GET /api/v1/admin/profile-review/reported?limit=1","service":"iap-service","timestamp":"2026-05-06 12:41:39"}
{"level":"debug","message":"GET /api/v1/admin/moderation/pending-verifications?limit=1","service":"iap-service","timestamp":"2026-05-06 12:41:39"}
{"level":"debug","message":"GET /api/v1/contact/alltickets?limit=1","service":"iap-service","timestamp":"2026-05-06 12:41:39"}
{"level":"debug","message":"GET /api/v1/admin/giveaway/campaigns?page=1&limit=10","service":"iap-service","timestamp":"2026-05-06 12:41:40"}
{"level":"debug","message":"GET /api/v1/contact/alltickets?limit=1","service":"iap-service","timestamp":"2026-05-06 12:41:40"}
{"level":"debug","message":"GET /api/v1/admin/profile-review/reported?limit=1","service":"iap-service","timestamp":"2026-05-06 12:41:40"}
{"level":"debug","message":"GET /api/v1/admin/moderation/pending-verifications?limit=1","service":"iap-service","timestamp":"2026-05-06 12:41:40"}
{"level":"debug","message":"GET /api/v1/admin/account","service":"iap-service","timestamp":"2026-05-06 12:41:40"}
{"level":"debug","message":"GET /api/v1/contact/alltickets?page=1&limit=10","service":"iap-service","timestamp":"2026-05-06 12:41:43"}
{"level":"debug","message":"GET /api/v1/admin/giveaway/campaigns?page=1&limit=10","service":"iap-service","timestamp":"2026-05-06 12:41:44"}
{"level":"debug","message":"GET /api/v1/admin/account","service":"iap-service","timestamp":"2026-05-06 12:41:44"}
{"level":"debug","message":"GET /api/v1/admin/profile-review/reported?limit=1","service":"iap-service","timestamp":"2026-05-06 12:41:44"}
{"level":"debug","message":"GET /api/v1/admin/moderation/pending-verifications?limit=1","service":"iap-service","timestamp":"2026-05-06 12:41:44"}
{"level":"debug","message":"GET /api/v1/contact/alltickets?limit=1","service":"iap-service","timestamp":"2026-05-06 12:41:44"}
{"level":"debug","message":"GET /api/v1/contact/alltickets?limit=1","service":"iap-service","timestamp":"2026-05-06 12:41:45"}
{"level":"debug","message":"GET /api/v1/admin/giveaway/campaigns?page=1&limit=10","service":"iap-service","timestamp":"2026-05-06 12:41:45"}
{"level":"debug","message":"GET /api/v1/admin/moderation/pending-verifications?limit=1","service":"iap-service","timestamp":"2026-05-06 12:41:45"}
{"level":"debug","message":"GET /api/v1/admin/profile-review/reported?limit=1","service":"iap-service","timestamp":"2026-05-06 12:41:45"}
{"level":"debug","message":"GET /api/v1/admin/account","service":"iap-service","timestamp":"2026-05-06 12:41:45"}
{"level":"debug","message":"GET /api/v1/admin/dashboard/stats/kpi","service":"iap-service","timestamp":"2026-05-06 12:41:46"}
{"level":"debug","message":"GET /api/v1/admin/users?page=1&limit=10","service":"iap-service","timestamp":"2026-05-06 12:41:46"}
{"level":"debug","message":"GET /api/v1/admin/dashboard/stats/kpi?preset=today","service":"iap-service","timestamp":"2026-05-06 12:41:46"}
{"level":"debug","message":"GET /api/v1/admin/dashboard/stats/kpi","service":"iap-service","timestamp":"2026-05-06 12:41:46"}
{"level":"debug","message":"GET /api/v1/admin/users?page=1&limit=10","service":"iap-service","timestamp":"2026-05-06 12:41:46"}
{"level":"debug","message":"GET /api/v1/admin/dashboard/stats/kpi?preset=today","service":"iap-service","timestamp":"2026-05-06 12:41:46"}
{"level":"debug","message":"GET /api/v1/admin/dashboard/stats/kpi","service":"iap-service","timestamp":"2026-05-06 12:41:47"}
{"level":"debug","message":"GET /api/v1/admin/users?page=1&limit=10","service":"iap-service","timestamp":"2026-05-06 12:41:47"}
{"level":"debug","message":"GET /api/v1/admin/users?page=1&limit=10","service":"iap-service","timestamp":"2026-05-06 12:41:47"}
{"level":"debug","message":"GET /api/v1/admin/dashboard/stats/kpi","service":"iap-service","timestamp":"2026-05-06 12:41:47"}
{"level":"debug","message":"GET /api/v1/admin/giveaway/campaigns?page=1&limit=10","service":"iap-service","timestamp":"2026-05-06 12:43:44"}
{"level":"debug","message":"GET /api/v1/admin/account","service":"iap-service","timestamp":"2026-05-06 12:43:44"}
{"level":"debug","message":"GET /api/v1/admin/profile-review/reported?limit=1","service":"iap-service","timestamp":"2026-05-06 12:43:44"}
{"level":"debug","message":"GET /api/v1/admin/moderation/pending-verifications?limit=1","service":"iap-service","timestamp":"2026-05-06 12:43:44"}
{"level":"debug","message":"GET /api/v1/contact/alltickets?limit=1","service":"iap-service","timestamp":"2026-05-06 12:43:44"}
{"level":"debug","message":"GET /api/v1/admin/dashboard/stats/kpi","service":"iap-service","timestamp":"2026-05-06 12:43:45"}
{"level":"debug","message":"GET /api/v1/admin/users?page=1&limit=10","service":"iap-service","timestamp":"2026-05-06 12:43:45"}
{"level":"debug","message":"GET /api/v1/admin/dashboard/stats/kpi?preset=today","service":"iap-service","timestamp":"2026-05-06 12:43:45"}
{"level":"debug","message":"GET /api/v1/admin/giveaway/campaigns?page=1&limit=10","service":"iap-service","timestamp":"2026-05-06 12:43:45"}
{"level":"debug","message":"GET /api/v1/admin/profile-review/reported?limit=1","service":"iap-service","timestamp":"2026-05-06 12:43:45"}
{"level":"debug","message":"GET /api/v1/contact/alltickets?limit=1","service":"iap-service","timestamp":"2026-05-06 12:43:45"}
{"level":"debug","message":"GET /api/v1/admin/moderation/pending-verifications?limit=1","service":"iap-service","timestamp":"2026-05-06 12:43:46"}
{"level":"debug","message":"GET /api/v1/admin/account","service":"iap-service","timestamp":"2026-05-06 12:43:46"}
{"level":"debug","message":"GET /api/v1/admin/dashboard/stats/kpi","service":"iap-service","timestamp":"2026-05-06 12:43:46"}
{"level":"debug","message":"GET /api/v1/admin/users?page=1&limit=10","service":"iap-service","timestamp":"2026-05-06 12:43:46"}
{"level":"debug","message":"GET /api/v1/admin/dashboard/stats/kpi?preset=today","service":"iap-service","timestamp":"2026-05-06 12:43:46"}
{"level":"debug","message":"GET /api/v1/admin/dashboard/stats/kpi","service":"iap-service","timestamp":"2026-05-06 12:43:47"}
{"level":"debug","message":"GET /api/v1/admin/users?page=1&limit=10","service":"iap-service","timestamp":"2026-05-06 12:43:48"}
{"level":"debug","message":"GET /api/v1/admin/dashboard/stats/kpi","service":"iap-service","timestamp":"2026-05-06 12:43:48"}
{"level":"debug","message":"GET /api/v1/admin/users?page=1&limit=10","service":"iap-service","timestamp":"2026-05-06 12:43:48"}
{"level":"debug","message":"GET /api/v1/admin/giveaway/campaigns?page=1&limit=10","service":"iap-service","timestamp":"2026-05-06 12:44:05"}
{"level":"debug","message":"GET /api/v1/admin/account","service":"iap-service","timestamp":"2026-05-06 12:44:06"}
{"level":"debug","message":"GET /api/v1/admin/profile-review/reported?limit=1","service":"iap-service","timestamp":"2026-05-06 12:44:06"}
{"level":"debug","message":"GET /api/v1/admin/moderation/pending-verifications?limit=1","service":"iap-service","timestamp":"2026-05-06 12:44:06"}
{"level":"debug","message":"GET /api/v1/contact/alltickets?limit=1","service":"iap-service","timestamp":"2026-05-06 12:44:06"}
{"level":"debug","message":"GET /api/v1/contact/alltickets?limit=1","service":"iap-service","timestamp":"2026-05-06 12:44:06"}
{"level":"debug","message":"GET /api/v1/admin/giveaway/campaigns?page=1&limit=10","service":"iap-service","timestamp":"2026-05-06 12:44:06"}
{"level":"debug","message":"GET /api/v1/admin/moderation/pending-verifications?limit=1","service":"iap-service","timestamp":"2026-05-06 12:44:06"}
{"level":"debug","message":"GET /api/v1/admin/profile-review/reported?limit=1","service":"iap-service","timestamp":"2026-05-06 12:44:07"}
{"level":"debug","message":"GET /api/v1/admin/account","service":"iap-service","timestamp":"2026-05-06 12:44:07"}
{"level":"debug","message":"GET /api/v1/contact/alltickets?page=1&limit=10","service":"iap-service","timestamp":"2026-05-06 12:44:07"}
{"level":"debug","message":"GET /api/v1/admin/notification/notifications/history?page=1&limit=10","service":"iap-service","timestamp":"2026-05-06 12:44:13"}
{"level":"debug","message":"GET /api/v1/admin/dashboard/stats/kpi","service":"iap-service","timestamp":"2026-05-06 12:44:41"}
{"level":"debug","message":"GET /api/v1/admin/giveaway/campaigns?page=1&limit=10","service":"iap-service","timestamp":"2026-05-06 12:45:30"}
{"level":"debug","message":"GET /api/v1/admin/profile-review/reported?limit=1","service":"iap-service","timestamp":"2026-05-06 12:45:30"}
{"level":"debug","message":"GET /api/v1/admin/account","service":"iap-service","timestamp":"2026-05-06 12:45:30"}
{"level":"debug","message":"GET /api/v1/admin/moderation/pending-verifications?limit=1","service":"iap-service","timestamp":"2026-05-06 12:45:30"}
{"level":"debug","message":"GET /api/v1/contact/alltickets?limit=1","service":"iap-service","timestamp":"2026-05-06 12:45:30"}
{"level":"debug","message":"GET /api/v1/admin/giveaway/campaigns?page=1&limit=10","service":"iap-service","timestamp":"2026-05-06 12:45:31"}
{"level":"debug","message":"GET /api/v1/contact/alltickets?limit=1","service":"iap-service","timestamp":"2026-05-06 12:45:31"}
{"level":"debug","message":"GET /api/v1/admin/profile-review/reported?limit=1","service":"iap-service","timestamp":"2026-05-06 12:45:31"}
{"level":"debug","message":"GET /api/v1/admin/moderation/pending-verifications?limit=1","service":"iap-service","timestamp":"2026-05-06 12:45:31"}
{"level":"debug","message":"GET /api/v1/admin/account","service":"iap-service","timestamp":"2026-05-06 12:45:31"}
{"level":"debug","message":"GET /api/v1/admin/giveaway/campaigns?page=1&limit=10","service":"iap-service","timestamp":"2026-05-06 12:45:42"}
{"level":"debug","message":"GET /api/v1/admin/account","service":"iap-service","timestamp":"2026-05-06 12:45:42"}
{"level":"debug","message":"GET /api/v1/admin/profile-review/reported?limit=1","service":"iap-service","timestamp":"2026-05-06 12:45:42"}
{"level":"debug","message":"GET /api/v1/admin/moderation/pending-verifications?limit=1","service":"iap-service","timestamp":"2026-05-06 12:45:42"}
{"level":"debug","message":"GET /api/v1/contact/alltickets?limit=1","service":"iap-service","timestamp":"2026-05-06 12:45:42"}
{"level":"debug","message":"GET /api/v1/contact/alltickets?limit=1","service":"iap-service","timestamp":"2026-05-06 12:45:42"}
{"level":"debug","message":"GET /api/v1/admin/giveaway/campaigns?page=1&limit=10","service":"iap-service","timestamp":"2026-05-06 12:45:42"}
{"level":"debug","message":"GET /api/v1/admin/account","service":"iap-service","timestamp":"2026-05-06 12:45:42"}
{"level":"debug","message":"GET /api/v1/admin/moderation/pending-verifications?limit=1","service":"iap-service","timestamp":"2026-05-06 12:45:42"}
{"level":"debug","message":"GET /api/v1/admin/profile-review/reported?limit=1","service":"iap-service","timestamp":"2026-05-06 12:45:42"}
{"level":"debug","message":"GET /api/v1/admin/giveaway/campaigns?page=1&limit=10","service":"iap-service","timestamp":"2026-05-06 12:45:45"}
{"level":"debug","message":"GET /api/v1/admin/account","service":"iap-service","timestamp":"2026-05-06 12:45:45"}
{"level":"debug","message":"GET /api/v1/admin/profile-review/reported?limit=1","service":"iap-service","timestamp":"2026-05-06 12:45:45"}
{"level":"debug","message":"GET /api/v1/admin/moderation/pending-verifications?limit=1","service":"iap-service","timestamp":"2026-05-06 12:45:45"}
{"level":"debug","message":"GET /api/v1/contact/alltickets?limit=1","service":"iap-service","timestamp":"2026-05-06 12:45:45"}
{"level":"debug","message":"GET /api/v1/admin/dashboard/stats/kpi","service":"iap-service","timestamp":"2026-05-06 12:45:46"}
{"level":"debug","message":"GET /api/v1/admin/notification/notifications/history?page=1&limit=10","service":"iap-service","timestamp":"2026-05-06 12:45:54"}
{"level":"debug","message":"GET /api/v1/admin/users?page=1&limit=10","service":"iap-service","timestamp":"2026-05-06 12:45:56"}
{"level":"debug","message":"GET /api/v1/contact/alltickets?limit=1","service":"iap-service","timestamp":"2026-05-06 12:45:56"}
{"level":"debug","message":"GET /api/v1/admin/account","service":"iap-service","timestamp":"2026-05-06 12:45:57"}
{"level":"debug","message":"GET /api/v1/admin/profile-review/reported?limit=1","service":"iap-service","timestamp":"2026-05-06 12:45:57"}
{"level":"debug","message":"GET /api/v1/admin/dashboard/stats/kpi","service":"iap-service","timestamp":"2026-05-06 12:46:01"}
{"level":"debug","message":"GET /api/v1/admin/moderation/pending-verifications?limit=1","service":"iap-service","timestamp":"2026-05-06 12:46:01"}
{"level":"debug","message":"GET /api/v1/admin/users?page=1&limit=10","service":"iap-service","timestamp":"2026-05-06 12:46:01"}
{"level":"debug","message":"GET /api/v1/admin/dashboard/stats/kpi","service":"iap-service","timestamp":"2026-05-06 12:46:01"}
{"level":"debug","message":"GET /api/v1/admin/dashboard/stats/kpi","service":"iap-service","timestamp":"2026-05-06 12:46:01"}
{"level":"debug","message":"GET /api/v1/admin/notification/notifications/history?page=1&limit=10","service":"iap-service","timestamp":"2026-05-06 12:46:09"}
{"level":"debug","message":"GET /api/v1/admin/giveaway/campaigns?page=1&limit=10","service":"iap-service","timestamp":"2026-05-06 12:47:44"}
{"level":"debug","message":"GET /api/v1/admin/account","service":"iap-service","timestamp":"2026-05-06 12:47:44"}
{"level":"debug","message":"GET /api/v1/admin/profile-review/reported?limit=1","service":"iap-service","timestamp":"2026-05-06 12:47:44"}
{"level":"debug","message":"GET /api/v1/admin/moderation/pending-verifications?limit=1","service":"iap-service","timestamp":"2026-05-06 12:47:44"}
{"level":"debug","message":"GET /api/v1/contact/alltickets?limit=1","service":"iap-service","timestamp":"2026-05-06 12:47:44"}
{"level":"debug","message":"GET /api/v1/admin/giveaway/campaigns?page=1&limit=10","service":"iap-service","timestamp":"2026-05-06 12:47:44"}
{"level":"debug","message":"GET /api/v1/admin/profile-review/reported?limit=1","service":"iap-service","timestamp":"2026-05-06 12:47:44"}
{"level":"debug","message":"GET /api/v1/admin/account","service":"iap-service","timestamp":"2026-05-06 12:47:44"}
{"level":"debug","message":"GET /api/v1/contact/alltickets?limit=1","service":"iap-service","timestamp":"2026-05-06 12:47:44"}
{"level":"debug","message":"GET /api/v1/admin/moderation/pending-verifications?limit=1","service":"iap-service","timestamp":"2026-05-06 12:47:44"}
{"level":"debug","message":"GET /api/v1/admin/dashboard/stats/kpi","service":"iap-service","timestamp":"2026-05-06 12:47:45"}
{"level":"debug","message":"GET /api/v1/admin/users?page=1&limit=10","service":"iap-service","timestamp":"2026-05-06 12:47:45"}
{"level":"debug","message":"GET /api/v1/admin/dashboard/stats/kpi?preset=today","service":"iap-service","timestamp":"2026-05-06 12:47:46"}
{"level":"debug","message":"GET /api/v1/admin/users?page=1&limit=10","service":"iap-service","timestamp":"2026-05-06 12:47:46"}
{"level":"debug","message":"GET /api/v1/admin/dashboard/stats/kpi?preset=today","service":"iap-service","timestamp":"2026-05-06 12:47:46"}
{"level":"debug","message":"GET /api/v1/admin/dashboard/stats/kpi","service":"iap-service","timestamp":"2026-05-06 12:47:46"}
{"level":"debug","message":"GET /api/v1/admin/dashboard/stats/kpi","service":"iap-service","timestamp":"2026-05-06 12:47:47"}
{"level":"debug","message":"GET /api/v1/admin/users?page=1&limit=10","service":"iap-service","timestamp":"2026-05-06 12:47:47"}
{"level":"debug","message":"GET /api/v1/admin/users?page=1&limit=10","service":"iap-service","timestamp":"2026-05-06 12:47:47"}
{"level":"debug","message":"GET /api/v1/admin/dashboard/stats/kpi","service":"iap-service","timestamp":"2026-05-06 12:47:47"}
{"level":"debug","message":"GET /api/v1/admin/giveaway/campaigns?page=1&limit=10","service":"iap-service","timestamp":"2026-05-06 12:48:10"}
{"level":"debug","message":"GET /api/v1/admin/account","service":"iap-service","timestamp":"2026-05-06 12:48:10"}
{"level":"debug","message":"GET /api/v1/admin/profile-review/reported?limit=1","service":"iap-service","timestamp":"2026-05-06 12:48:10"}
{"level":"debug","message":"GET /api/v1/admin/moderation/pending-verifications?limit=1","service":"iap-service","timestamp":"2026-05-06 12:48:10"}
{"level":"debug","message":"GET /api/v1/contact/alltickets?limit=1","service":"iap-service","timestamp":"2026-05-06 12:48:10"}
{"level":"debug","message":"GET /api/v1/admin/giveaway/campaigns?page=1&limit=10","service":"iap-service","timestamp":"2026-05-06 12:48:10"}
{"level":"debug","message":"GET /api/v1/contact/alltickets?limit=1","service":"iap-service","timestamp":"2026-05-06 12:48:10"}
{"level":"debug","message":"GET /api/v1/admin/profile-review/reported?limit=1","service":"iap-service","timestamp":"2026-05-06 12:48:10"}
{"level":"debug","message":"GET /api/v1/admin/account","service":"iap-service","timestamp":"2026-05-06 12:48:10"}
{"level":"debug","message":"GET /api/v1/admin/moderation/pending-verifications?limit=1","service":"iap-service","timestamp":"2026-05-06 12:48:10"}
{"level":"debug","message":"GET /api/v1/admin/notification/notifications/history?page=1&limit=10","service":"iap-service","timestamp":"2026-05-06 12:48:13"}
{"level":"debug","message":"GET /api/v1/admin/notification/notifications/history?page=1&limit=10","service":"iap-service","timestamp":"2026-05-06 12:48:17"}
{"level":"debug","message":"GET /api/v1/admin/subscription/stats?timeFilter=today","service":"iap-service","timestamp":"2026-05-06 12:48:20"}
{"level":"debug","message":"GET /api/v1/admin/subscription/stats?timeFilter=today","service":"iap-service","timestamp":"2026-05-06 12:48:21"}
{"level":"debug","message":"GET /api/v1/admin/subscription/subscribers?page=1&limit=10","service":"iap-service","timestamp":"2026-05-06 12:48:24"}
{"level":"debug","message":"GET /api/v1/admin/giveaway/campaigns?page=1&limit=10","service":"iap-service","timestamp":"2026-05-06 12:48:30"}
{"level":"debug","message":"GET /api/v1/admin/account","service":"iap-service","timestamp":"2026-05-06 12:48:30"}
{"level":"debug","message":"GET /api/v1/admin/profile-review/reported?limit=1","service":"iap-service","timestamp":"2026-05-06 12:48:30"}
{"level":"debug","message":"GET /api/v1/admin/moderation/pending-verifications?limit=1","service":"iap-service","timestamp":"2026-05-06 12:48:30"}
{"level":"debug","message":"GET /api/v1/contact/alltickets?limit=1","service":"iap-service","timestamp":"2026-05-06 12:48:30"}
{"level":"debug","message":"GET /api/v1/contact/alltickets?limit=1","service":"iap-service","timestamp":"2026-05-06 12:48:30"}
{"level":"debug","message":"GET /api/v1/admin/giveaway/campaigns?page=1&limit=10","service":"iap-service","timestamp":"2026-05-06 12:48:30"}
{"level":"debug","message":"GET /api/v1/admin/account","service":"iap-service","timestamp":"2026-05-06 12:48:30"}
{"level":"debug","message":"GET /api/v1/admin/profile-review/reported?limit=1","service":"iap-service","timestamp":"2026-05-06 12:48:30"}
{"level":"debug","message":"GET /api/v1/admin/moderation/pending-verifications?limit=1","service":"iap-service","timestamp":"2026-05-06 12:48:30"}
{"level":"debug","message":"GET /api/v1/admin/subscription/subscribers?page=1&limit=10","service":"iap-service","timestamp":"2026-05-06 12:48:33"}
{"level":"debug","message":"GET /api/v1/admin/dashboard/stats/kpi","service":"iap-service","timestamp":"2026-05-06 12:49:41"}
{"level":"debug","message":"GET /api/v1/admin/giveaway/campaigns?page=1&limit=10","service":"iap-service","timestamp":"2026-05-06 12:49:44"}
{"level":"debug","message":"GET /api/v1/admin/account","service":"iap-service","timestamp":"2026-05-06 12:49:44"}
{"level":"debug","message":"GET /api/v1/admin/profile-review/reported?limit=1","service":"iap-service","timestamp":"2026-05-06 12:49:44"}
{"level":"debug","message":"GET /api/v1/admin/moderation/pending-verifications?limit=1","service":"iap-service","timestamp":"2026-05-06 12:49:44"}
{"level":"debug","message":"GET /api/v1/contact/alltickets?limit=1","service":"iap-service","timestamp":"2026-05-06 12:49:44"}
{"level":"debug","message":"GET /api/v1/admin/giveaway/campaigns?page=1&limit=10","service":"iap-service","timestamp":"2026-05-06 12:49:44"}
{"level":"debug","message":"GET /api/v1/contact/alltickets?limit=1","service":"iap-service","timestamp":"2026-05-06 12:49:44"}
{"level":"debug","message":"GET /api/v1/admin/account","service":"iap-service","timestamp":"2026-05-06 12:49:44"}
{"level":"debug","message":"GET /api/v1/admin/profile-review/reported?limit=1","service":"iap-service","timestamp":"2026-05-06 12:49:44"}
{"level":"debug","message":"GET /api/v1/admin/moderation/pending-verifications?limit=1","service":"iap-service","timestamp":"2026-05-06 12:49:44"}
{"level":"debug","message":"GET /api/v1/admin/dashboard/stats/kpi","service":"iap-service","timestamp":"2026-05-06 12:49:46"}
{"level":"debug","message":"GET /api/v1/admin/users?page=1&limit=10","service":"iap-service","timestamp":"2026-05-06 12:49:46"}
{"level":"debug","message":"GET /api/v1/admin/dashboard/stats/kpi?preset=today","service":"iap-service","timestamp":"2026-05-06 12:49:46"}
{"level":"debug","message":"GET /api/v1/admin/dashboard/stats/kpi","service":"iap-service","timestamp":"2026-05-06 12:49:46"}
{"level":"debug","message":"GET /api/v1/admin/users?page=1&limit=10","service":"iap-service","timestamp":"2026-05-06 12:49:46"}
{"level":"debug","message":"GET /api/v1/admin/dashboard/stats/kpi?preset=today","service":"iap-service","timestamp":"2026-05-06 12:49:46"}
{"level":"debug","message":"GET /api/v1/admin/dashboard/stats/kpi","service":"iap-service","timestamp":"2026-05-06 12:49:47"}
{"level":"debug","message":"GET /api/v1/admin/users?page=1&limit=10","service":"iap-service","timestamp":"2026-05-06 12:49:47"}
{"level":"debug","message":"GET /api/v1/admin/users?page=1&limit=10","service":"iap-service","timestamp":"2026-05-06 12:49:47"}
{"level":"debug","message":"GET /api/v1/admin/dashboard/stats/kpi","service":"iap-service","timestamp":"2026-05-06 12:49:47"}
{"level":"debug","message":"GET /api/v1/admin/giveaway/campaigns?page=1&limit=10","service":"iap-service","timestamp":"2026-05-06 12:49:58"}
{"level":"debug","message":"GET /api/v1/admin/account","service":"iap-service","timestamp":"2026-05-06 12:49:58"}
{"level":"debug","message":"GET /api/v1/admin/profile-review/reported?limit=1","service":"iap-service","timestamp":"2026-05-06 12:49:58"}
{"level":"debug","message":"GET /api/v1/admin/moderation/pending-verifications?limit=1","service":"iap-service","timestamp":"2026-05-06 12:49:58"}
{"level":"debug","message":"GET /api/v1/contact/alltickets?limit=1","service":"iap-service","timestamp":"2026-05-06 12:49:58"}
{"level":"debug","message":"GET /api/v1/admin/giveaway/campaigns?page=1&limit=10","service":"iap-service","timestamp":"2026-05-06 12:49:58"}
{"level":"debug","message":"GET /api/v1/contact/alltickets?limit=1","service":"iap-service","timestamp":"2026-05-06 12:49:58"}
{"level":"debug","message":"GET /api/v1/admin/profile-review/reported?limit=1","service":"iap-service","timestamp":"2026-05-06 12:49:58"}
{"level":"debug","message":"GET /api/v1/admin/account","service":"iap-service","timestamp":"2026-05-06 12:49:58"}
{"level":"debug","message":"GET /api/v1/admin/moderation/pending-verifications?limit=1","service":"iap-service","timestamp":"2026-05-06 12:49:59"}
{"level":"debug","message":"GET /api/v1/admin/subscription/subscribers?page=1&limit=10","service":"iap-service","timestamp":"2026-05-06 12:50:02"}
{"level":"debug","message":"GET /api/v1/admin/giveaway/campaigns?page=1&limit=10","service":"iap-service","timestamp":"2026-05-06 12:51:44"}
{"level":"debug","message":"GET /api/v1/admin/account","service":"iap-service","timestamp":"2026-05-06 12:51:44"}
{"level":"debug","message":"GET /api/v1/admin/profile-review/reported?limit=1","service":"iap-service","timestamp":"2026-05-06 12:51:44"}
{"level":"debug","message":"GET /api/v1/admin/moderation/pending-verifications?limit=1","service":"iap-service","timestamp":"2026-05-06 12:51:44"}
{"level":"debug","message":"GET /api/v1/contact/alltickets?limit=1","service":"iap-service","timestamp":"2026-05-06 12:51:44"}
{"level":"debug","message":"GET /api/v1/contact/alltickets?limit=1","service":"iap-service","timestamp":"2026-05-06 12:51:44"}
{"level":"debug","message":"GET /api/v1/admin/dashboard/stats/kpi","service":"iap-service","timestamp":"2026-05-06 12:51:45"}
{"level":"debug","message":"GET /api/v1/admin/users?page=1&limit=10","service":"iap-service","timestamp":"2026-05-06 12:51:45"}
{"level":"debug","message":"GET /api/v1/admin/dashboard/stats/kpi?preset=today","service":"iap-service","timestamp":"2026-05-06 12:51:45"}
{"level":"debug","message":"GET /api/v1/admin/giveaway/campaigns?page=1&limit=10","service":"iap-service","timestamp":"2026-05-06 12:51:46"}
{"level":"debug","message":"GET /api/v1/admin/account","service":"iap-service","timestamp":"2026-05-06 12:51:46"}
{"level":"debug","message":"GET /api/v1/admin/profile-review/reported?limit=1","service":"iap-service","timestamp":"2026-05-06 12:51:46"}
{"level":"debug","message":"GET /api/v1/admin/moderation/pending-verifications?limit=1","service":"iap-service","timestamp":"2026-05-06 12:51:46"}
{"level":"debug","message":"GET /api/v1/admin/dashboard/stats/kpi","service":"iap-service","timestamp":"2026-05-06 12:51:46"}
{"level":"debug","message":"GET /api/v1/admin/dashboard/stats/kpi?preset=today","service":"iap-service","timestamp":"2026-05-06 12:51:47"}
{"level":"debug","message":"GET /api/v1/admin/dashboard/stats/kpi","service":"iap-service","timestamp":"2026-05-06 12:51:47"}
{"level":"debug","message":"GET /api/v1/admin/dashboard/stats/kpi","service":"iap-service","timestamp":"2026-05-06 12:51:52"}
{"level":"debug","message":"GET /api/v1/admin/users?page=1&limit=10","service":"iap-service","timestamp":"2026-05-06 12:51:57"}
{"level":"debug","message":"GET /api/v1/admin/users?page=1&limit=10","service":"iap-service","timestamp":"2026-05-06 12:51:59"}
{"level":"debug","message":"GET /api/v1/admin/users?page=1&limit=10","service":"iap-service","timestamp":"2026-05-06 12:52:01"}
{"level":"debug","message":"GET /api/v1/admin/giveaway/campaigns?page=1&limit=10","service":"iap-service","timestamp":"2026-05-06 12:52:25"}
{"level":"debug","message":"GET /api/v1/admin/account","service":"iap-service","timestamp":"2026-05-06 12:52:25"}
{"level":"debug","message":"GET /api/v1/admin/profile-review/reported?limit=1","service":"iap-service","timestamp":"2026-05-06 12:52:25"}
{"level":"debug","message":"GET /api/v1/admin/moderation/pending-verifications?limit=1","service":"iap-service","timestamp":"2026-05-06 12:52:25"}
{"level":"debug","message":"GET /api/v1/contact/alltickets?limit=1","service":"iap-service","timestamp":"2026-05-06 12:52:25"}
{"level":"debug","message":"GET /api/v1/admin/subscription/subscribers?page=1&limit=10","service":"iap-service","timestamp":"2026-05-06 12:53:23"}
{"level":"debug","message":"GET /api/v1/admin/giveaway/campaigns?page=1&limit=10","service":"iap-service","timestamp":"2026-05-06 12:53:26"}
{"level":"debug","message":"GET /api/v1/admin/account","service":"iap-service","timestamp":"2026-05-06 12:53:26"}
{"level":"debug","message":"GET /api/v1/admin/profile-review/reported?limit=1","service":"iap-service","timestamp":"2026-05-06 12:53:26"}
{"level":"debug","message":"GET /api/v1/admin/moderation/pending-verifications?limit=1","service":"iap-service","timestamp":"2026-05-06 12:53:26"}
{"level":"debug","message":"GET /api/v1/contact/alltickets?limit=1","service":"iap-service","timestamp":"2026-05-06 12:53:26"}
{"level":"debug","message":"GET /api/v1/contact/alltickets?limit=1","service":"iap-service","timestamp":"2026-05-06 12:53:27"}
{"level":"debug","message":"GET /api/v1/admin/profile-review/reported?limit=1","service":"iap-service","timestamp":"2026-05-06 12:53:27"}
{"level":"debug","message":"GET /api/v1/admin/account","service":"iap-service","timestamp":"2026-05-06 12:53:28"}
{"level":"debug","message":"GET /api/v1/admin/moderation/pending-verifications?limit=1","service":"iap-service","timestamp":"2026-05-06 12:53:28"}
{"level":"debug","message":"GET /api/v1/admin/subscription/subscribers?page=1&limit=10","service":"iap-service","timestamp":"2026-05-06 12:53:29"}
{"level":"debug","message":"GET /api/v1/admin/giveaway/campaigns?page=1&limit=10","service":"iap-service","timestamp":"2026-05-06 12:53:32"}
{"level":"debug","message":"GET /api/v1/admin/subscription/products?page=1&limit=100","service":"iap-service","timestamp":"2026-05-06 12:53:41"}
{"level":"debug","message":"GET /api/v1/admin/giveaway/campaigns?page=1&limit=10","service":"iap-service","timestamp":"2026-05-06 12:53:44"}
{"level":"debug","message":"GET /api/v1/admin/account","service":"iap-service","timestamp":"2026-05-06 12:53:44"}
{"level":"debug","message":"GET /api/v1/admin/profile-review/reported?limit=1","service":"iap-service","timestamp":"2026-05-06 12:53:44"}
{"level":"debug","message":"GET /api/v1/admin/moderation/pending-verifications?limit=1","service":"iap-service","timestamp":"2026-05-06 12:53:44"}
{"level":"debug","message":"GET /api/v1/contact/alltickets?limit=1","service":"iap-service","timestamp":"2026-05-06 12:53:44"}
{"level":"debug","message":"GET /api/v1/admin/dashboard/stats/kpi","service":"iap-service","timestamp":"2026-05-06 12:53:45"}
{"level":"debug","message":"GET /api/v1/admin/users?page=1&limit=10","service":"iap-service","timestamp":"2026-05-06 12:53:45"}
{"level":"debug","message":"GET /api/v1/admin/dashboard/stats/kpi?preset=today","service":"iap-service","timestamp":"2026-05-06 12:53:45"}
{"level":"debug","message":"GET /api/v1/admin/moderation/pending-verifications?limit=1","service":"iap-service","timestamp":"2026-05-06 12:53:45"}
{"level":"debug","message":"GET /api/v1/admin/subscription/products?page=1&limit=100","service":"iap-service","timestamp":"2026-05-06 12:53:45"}
{"level":"debug","message":"GET /api/v1/admin/profile-review/reported?limit=1","service":"iap-service","timestamp":"2026-05-06 12:53:46"}
{"level":"debug","message":"GET /api/v1/admin/users?page=1&limit=10","service":"iap-service","timestamp":"2026-05-06 12:53:46"}
{"level":"debug","message":"GET /api/v1/admin/giveaway/campaigns?page=1&limit=10","service":"iap-service","timestamp":"2026-05-06 12:53:46"}
{"level":"debug","message":"GET /api/v1/admin/account","service":"iap-service","timestamp":"2026-05-06 12:53:46"}
{"level":"debug","message":"GET /api/v1/admin/dashboard/stats/kpi","service":"iap-service","timestamp":"2026-05-06 12:53:47"}
{"level":"debug","message":"GET /api/v1/contact/alltickets?limit=1","service":"iap-service","timestamp":"2026-05-06 12:53:49"}
{"level":"debug","message":"GET /api/v1/admin/users?page=1&limit=10","service":"iap-service","timestamp":"2026-05-06 12:53:49"}
{"level":"debug","message":"GET /api/v1/admin/dashboard/stats/kpi?preset=today","service":"iap-service","timestamp":"2026-05-06 12:53:49"}
{"level":"debug","message":"GET /api/v1/admin/dashboard/stats/kpi","service":"iap-service","timestamp":"2026-05-06 12:53:49"}
{"level":"debug","message":"GET /api/v1/admin/users?page=1&limit=10","service":"iap-service","timestamp":"2026-05-06 12:53:50"}
{"level":"debug","message":"GET /api/v1/admin/dashboard/stats/kpi","service":"iap-service","timestamp":"2026-05-06 12:53:53"}
{"level":"debug","message":"GET /api/v1/admin/dashboard/stats/kpi","service":"iap-service","timestamp":"2026-05-06 12:54:40"}
{"level":"debug","message":"GET /api/v1/admin/giveaway/campaigns?page=1&limit=10","service":"iap-service","timestamp":"2026-05-06 12:55:44"}
{"level":"debug","message":"GET /api/v1/admin/account","service":"iap-service","timestamp":"2026-05-06 12:55:44"}
{"level":"debug","message":"GET /api/v1/admin/profile-review/reported?limit=1","service":"iap-service","timestamp":"2026-05-06 12:55:44"}
{"level":"debug","message":"GET /api/v1/admin/moderation/pending-verifications?limit=1","service":"iap-service","timestamp":"2026-05-06 12:55:44"}
{"level":"debug","message":"GET /api/v1/contact/alltickets?limit=1","service":"iap-service","timestamp":"2026-05-06 12:55:44"}
{"level":"debug","message":"GET /api/v1/contact/alltickets?limit=1","service":"iap-service","timestamp":"2026-05-06 12:55:44"}
{"level":"debug","message":"GET /api/v1/admin/moderation/pending-verifications?limit=1","service":"iap-service","timestamp":"2026-05-06 12:55:45"}
{"level":"debug","message":"GET /api/v1/admin/dashboard/stats/kpi","service":"iap-service","timestamp":"2026-05-06 12:55:45"}
{"level":"debug","message":"GET /api/v1/admin/users?page=1&limit=10","service":"iap-service","timestamp":"2026-05-06 12:55:45"}
{"level":"debug","message":"GET /api/v1/admin/dashboard/stats/kpi?preset=today","service":"iap-service","timestamp":"2026-05-06 12:55:46"}
{"level":"debug","message":"GET /api/v1/admin/profile-review/reported?limit=1","service":"iap-service","timestamp":"2026-05-06 12:55:46"}
{"level":"debug","message":"GET /api/v1/admin/account","service":"iap-service","timestamp":"2026-05-06 12:55:46"}
{"level":"debug","message":"GET /api/v1/admin/dashboard/stats/kpi","service":"iap-service","timestamp":"2026-05-06 12:55:46"}
{"level":"debug","message":"GET /api/v1/admin/giveaway/campaigns?page=1&limit=10","service":"iap-service","timestamp":"2026-05-06 12:55:47"}
{"level":"debug","message":"GET /api/v1/admin/dashboard/stats/kpi?preset=today","service":"iap-service","timestamp":"2026-05-06 12:55:47"}
{"level":"debug","message":"GET /api/v1/admin/dashboard/stats/kpi","service":"iap-service","timestamp":"2026-05-06 12:55:47"}
{"level":"debug","message":"GET /api/v1/admin/users?page=1&limit=10","service":"iap-service","timestamp":"2026-05-06 12:55:47"}
{"level":"debug","message":"GET /api/v1/admin/dashboard/stats/kpi","service":"iap-service","timestamp":"2026-05-06 12:55:49"}
{"level":"debug","message":"GET /api/v1/admin/users?page=1&limit=10","service":"iap-service","timestamp":"2026-05-06 12:55:50"}
{"level":"debug","message":"GET /api/v1/admin/users?page=1&limit=10","service":"iap-service","timestamp":"2026-05-06 12:55:50"}
{"level":"debug","message":"GET /api/v1/admin/giveaway/campaigns?page=1&limit=10","service":"iap-service","timestamp":"2026-05-06 12:56:10"}
{"level":"debug","message":"GET /api/v1/admin/account","service":"iap-service","timestamp":"2026-05-06 12:56:10"}
{"level":"debug","message":"GET /api/v1/admin/profile-review/reported?limit=1","service":"iap-service","timestamp":"2026-05-06 12:56:10"}
{"level":"debug","message":"GET /api/v1/admin/moderation/pending-verifications?limit=1","service":"iap-service","timestamp":"2026-05-06 12:56:10"}
{"level":"debug","message":"GET /api/v1/contact/alltickets?limit=1","service":"iap-service","timestamp":"2026-05-06 12:56:10"}
{"level":"debug","message":"GET /api/v1/admin/profile-review/reported?limit=1","service":"iap-service","timestamp":"2026-05-06 12:56:10"}
{"level":"debug","message":"GET /api/v1/admin/giveaway/campaigns?page=1&limit=10","service":"iap-service","timestamp":"2026-05-06 12:56:10"}
{"level":"debug","message":"GET /api/v1/admin/subscription/products?page=1&limit=100","service":"iap-service","timestamp":"2026-05-06 12:56:11"}
{"level":"debug","message":"GET /api/v1/admin/account","service":"iap-service","timestamp":"2026-05-06 12:56:11"}
{"level":"debug","message":"GET /api/v1/admin/moderation/pending-verifications?limit=1","service":"iap-service","timestamp":"2026-05-06 12:56:11"}
{"level":"debug","message":"GET /api/v1/admin/subscription/products?page=1&limit=100","service":"iap-service","timestamp":"2026-05-06 12:56:13"}
{"level":"debug","message":"GET /api/v1/contact/alltickets?limit=1","service":"iap-service","timestamp":"2026-05-06 12:56:13"}
{"level":"debug","message":"GET /api/v1/admin/subscription/subscribers?page=1&limit=10","service":"iap-service","timestamp":"2026-05-06 12:56:16"}
{"level":"debug","message":"GET /api/v1/admin/giveaway/campaigns?page=1&limit=10","service":"iap-service","timestamp":"2026-05-06 12:56:30"}
{"level":"debug","message":"GET /api/v1/admin/profile-review/reported?limit=1","service":"iap-service","timestamp":"2026-05-06 12:56:30"}
{"level":"debug","message":"GET /api/v1/admin/account","service":"iap-service","timestamp":"2026-05-06 12:56:30"}
{"level":"debug","message":"GET /api/v1/admin/moderation/pending-verifications?limit=1","service":"iap-service","timestamp":"2026-05-06 12:56:30"}
{"level":"debug","message":"GET /api/v1/contact/alltickets?limit=1","service":"iap-service","timestamp":"2026-05-06 12:56:30"}
{"level":"debug","message":"GET /api/v1/admin/giveaway/campaigns?page=1&limit=10","service":"iap-service","timestamp":"2026-05-06 12:56:30"}
{"level":"debug","message":"GET /api/v1/contact/alltickets?limit=1","service":"iap-service","timestamp":"2026-05-06 12:56:30"}
{"level":"debug","message":"GET /api/v1/admin/moderation/pending-verifications?limit=1","service":"iap-service","timestamp":"2026-05-06 12:56:30"}
{"level":"debug","message":"GET /api/v1/admin/account","service":"iap-service","timestamp":"2026-05-06 12:56:31"}
{"level":"debug","message":"GET /api/v1/admin/profile-review/reported?limit=1","service":"iap-service","timestamp":"2026-05-06 12:56:32"}
{"level":"debug","message":"GET /api/v1/admin/subscription/subscribers?page=1&limit=10","service":"iap-service","timestamp":"2026-05-06 12:56:32"}
{"level":"debug","message":"GET /api/v1/admin/subscription/users/69ae73313541f14bc378d0ff","service":"iap-service","timestamp":"2026-05-06 12:56:38"}
{"level":"debug","message":"GET /api/v1/admin/subscription/users/69ae73313541f14bc378d0ff","service":"iap-service","timestamp":"2026-05-06 12:56:39"}
{"level":"debug","message":"GET /api/v1/admin/profile-review/reported?page=1&limit=10","service":"iap-service","timestamp":"2026-05-06 12:56:42"}
{"level":"debug","message":"GET /api/v1/admin/fake-profiles?page=1&limit=10","service":"iap-service","timestamp":"2026-05-06 12:56:47"}
{"level":"debug","message":"GET /api/v1/admin/users?page=1&limit=10&gender=","service":"iap-service","timestamp":"2026-05-06 12:56:48"}
{"level":"debug","message":"GET /api/v1/admin/subscription/products?page=1&limit=100","service":"iap-service","timestamp":"2026-05-06 12:56:55"}
{"level":"debug","message":"GET /api/v1/admin/subscription/products?page=1&limit=100","service":"iap-service","timestamp":"2026-05-06 12:56:58"}
{"level":"debug","message":"GET /api/v1/admin/subscription/subscribers?page=1&limit=10","service":"iap-service","timestamp":"2026-05-06 12:56:58"}
{"level":"debug","message":"GET /api/v1/admin/giveaway/campaigns?page=1&limit=10","service":"iap-service","timestamp":"2026-05-06 12:57:44"}
{"level":"debug","message":"GET /api/v1/admin/profile-review/reported?limit=1","service":"iap-service","timestamp":"2026-05-06 12:57:44"}
{"level":"debug","message":"GET /api/v1/admin/account","service":"iap-service","timestamp":"2026-05-06 12:57:44"}
{"level":"debug","message":"GET /api/v1/admin/moderation/pending-verifications?limit=1","service":"iap-service","timestamp":"2026-05-06 12:57:44"}
{"level":"debug","message":"GET /api/v1/contact/alltickets?limit=1","service":"iap-service","timestamp":"2026-05-06 12:57:44"}
{"level":"debug","message":"GET /api/v1/contact/alltickets?limit=1","service":"iap-service","timestamp":"2026-05-06 12:57:45"}
{"level":"debug","message":"GET /api/v1/admin/dashboard/stats/kpi","service":"iap-service","timestamp":"2026-05-06 12:57:45"}
{"level":"debug","message":"GET /api/v1/admin/users?page=1&limit=10","service":"iap-service","timestamp":"2026-05-06 12:57:45"}
{"level":"debug","message":"GET /api/v1/admin/dashboard/stats/kpi?preset=today","service":"iap-service","timestamp":"2026-05-06 12:57:45"}
{"level":"debug","message":"GET /api/v1/admin/giveaway/campaigns?page=1&limit=10","service":"iap-service","timestamp":"2026-05-06 12:57:46"}
{"level":"debug","message":"GET /api/v1/admin/moderation/pending-verifications?limit=1","service":"iap-service","timestamp":"2026-05-06 12:57:46"}
{"level":"debug","message":"GET /api/v1/admin/profile-review/reported?limit=1","service":"iap-service","timestamp":"2026-05-06 12:57:46"}
{"level":"debug","message":"GET /api/v1/admin/dashboard/stats/kpi?preset=today","service":"iap-service","timestamp":"2026-05-06 12:57:47"}
{"level":"debug","message":"GET /api/v1/admin/users?page=1&limit=10","service":"iap-service","timestamp":"2026-05-06 12:57:47"}
{"level":"debug","message":"GET /api/v1/admin/users?page=1&limit=10","service":"iap-service","timestamp":"2026-05-06 12:57:47"}
{"level":"debug","message":"GET /api/v1/admin/users?page=1&limit=10","service":"iap-service","timestamp":"2026-05-06 12:57:48"}
{"level":"debug","message":"GET /api/v1/admin/dashboard/stats/kpi","service":"iap-service","timestamp":"2026-05-06 12:57:49"}
{"level":"debug","message":"GET /api/v1/admin/account","service":"iap-service","timestamp":"2026-05-06 12:57:49"}
{"level":"debug","message":"GET /api/v1/admin/dashboard/stats/kpi","service":"iap-service","timestamp":"2026-05-06 12:57:50"}
{"level":"debug","message":"GET /api/v1/admin/dashboard/stats/kpi","service":"iap-service","timestamp":"2026-05-06 12:57:52"}
{"level":"debug","message":"GET /api/v1/admin/subscription/products?page=1&limit=100","service":"iap-service","timestamp":"2026-05-06 12:59:26"}
{"level":"debug","message":"GET /api/v1/admin/subscription/products?page=1&limit=100","service":"iap-service","timestamp":"2026-05-06 12:59:27"}
{"level":"debug","message":"GET /api/v1/admin/giveaway/campaigns?page=1&limit=10","service":"iap-service","timestamp":"2026-05-06 12:59:32"}
{"level":"debug","message":"GET /api/v1/admin/account","service":"iap-service","timestamp":"2026-05-06 12:59:32"}
{"level":"debug","message":"GET /api/v1/admin/profile-review/reported?limit=1","service":"iap-service","timestamp":"2026-05-06 12:59:32"}
{"level":"debug","message":"GET /api/v1/admin/moderation/pending-verifications?limit=1","service":"iap-service","timestamp":"2026-05-06 12:59:32"}
{"level":"debug","message":"GET /api/v1/contact/alltickets?limit=1","service":"iap-service","timestamp":"2026-05-06 12:59:32"}
{"level":"debug","message":"GET /api/v1/admin/giveaway/campaigns?page=1&limit=10","service":"iap-service","timestamp":"2026-05-06 12:59:32"}
{"level":"debug","message":"GET /api/v1/contact/alltickets?limit=1","service":"iap-service","timestamp":"2026-05-06 12:59:32"}
{"level":"debug","message":"GET /api/v1/admin/moderation/pending-verifications?limit=1","service":"iap-service","timestamp":"2026-05-06 12:59:32"}
{"level":"debug","message":"GET /api/v1/admin/subscription/products?page=1&limit=100","service":"iap-service","timestamp":"2026-05-06 12:59:32"}
{"level":"debug","message":"GET /api/v1/admin/profile-review/reported?limit=1","service":"iap-service","timestamp":"2026-05-06 12:59:35"}
{"level":"debug","message":"GET /api/v1/admin/account","service":"iap-service","timestamp":"2026-05-06 12:59:35"}
{"level":"debug","message":"GET /api/v1/admin/subscription/products?page=1&limit=100","service":"iap-service","timestamp":"2026-05-06 12:59:38"}
{"level":"debug","message":"GET /api/v1/admin/transactions/summary","service":"iap-service","timestamp":"2026-05-06 12:59:40"}
{"level":"debug","message":"GET /api/v1/admin/transactions?page=1&limit=15&sortBy=occurredAt&sortOrder=desc","service":"iap-service","timestamp":"2026-05-06 12:59:40"}
{"level":"debug","message":"GET /api/v1/admin/dashboard/stats/kpi","service":"iap-service","timestamp":"2026-05-06 12:59:41"}
{"level":"debug","message":"GET /api/v1/admin/giveaway/campaigns?page=1&limit=10","service":"iap-service","timestamp":"2026-05-06 12:59:44"}
{"level":"debug","message":"GET /api/v1/admin/account","service":"iap-service","timestamp":"2026-05-06 12:59:44"}
{"level":"debug","message":"GET /api/v1/admin/profile-review/reported?limit=1","service":"iap-service","timestamp":"2026-05-06 12:59:44"}
{"level":"debug","message":"GET /api/v1/admin/moderation/pending-verifications?limit=1","service":"iap-service","timestamp":"2026-05-06 12:59:44"}
{"level":"debug","message":"GET /api/v1/contact/alltickets?limit=1","service":"iap-service","timestamp":"2026-05-06 12:59:44"}
{"level":"debug","message":"GET /api/v1/admin/moderation/pending-verifications?limit=1","service":"iap-service","timestamp":"2026-05-06 12:59:44"}
{"level":"debug","message":"GET /api/v1/contact/alltickets?limit=1","service":"iap-service","timestamp":"2026-05-06 12:59:45"}
{"level":"debug","message":"GET /api/v1/admin/profile-review/reported?limit=1","service":"iap-service","timestamp":"2026-05-06 12:59:45"}
{"level":"debug","message":"GET /api/v1/admin/account","service":"iap-service","timestamp":"2026-05-06 12:59:45"}
{"level":"debug","message":"GET /api/v1/admin/dashboard/stats/kpi","service":"iap-service","timestamp":"2026-05-06 12:59:46"}
{"level":"debug","message":"GET /api/v1/admin/users?page=1&limit=10","service":"iap-service","timestamp":"2026-05-06 12:59:46"}
{"level":"debug","message":"GET /api/v1/admin/dashboard/stats/kpi?preset=today","service":"iap-service","timestamp":"2026-05-06 12:59:46"}
{"level":"debug","message":"GET /api/v1/admin/transactions/summary","service":"iap-service","timestamp":"2026-05-06 12:59:46"}
{"level":"debug","message":"GET /api/v1/admin/users?page=1&limit=10","service":"iap-service","timestamp":"2026-05-06 12:59:46"}
{"level":"debug","message":"GET /api/v1/admin/dashboard/stats/kpi","service":"iap-service","timestamp":"2026-05-06 12:59:46"}
{"level":"debug","message":"GET /api/v1/admin/giveaway/campaigns?page=1&limit=10","service":"iap-service","timestamp":"2026-05-06 12:59:46"}
{"level":"debug","message":"GET /api/v1/admin/users?page=1&limit=10","service":"iap-service","timestamp":"2026-05-06 12:59:47"}
{"level":"debug","message":"GET /api/v1/admin/dashboard/stats/kpi","service":"iap-service","timestamp":"2026-05-06 12:59:48"}
{"level":"debug","message":"GET /api/v1/admin/users?page=1&limit=10","service":"iap-service","timestamp":"2026-05-06 12:59:48"}
{"level":"debug","message":"GET /api/v1/admin/dashboard/stats/kpi?preset=today","service":"iap-service","timestamp":"2026-05-06 12:59:48"}
{"level":"debug","message":"GET /api/v1/admin/dashboard/stats/kpi","service":"iap-service","timestamp":"2026-05-06 12:59:49"}
{"level":"debug","message":"GET /api/v1/admin/transactions/summary","service":"iap-service","timestamp":"2026-05-06 13:00:41"}
{"level":"debug","message":"GET /api/v1/admin/transactions?page=1&limit=15&sortBy=occurredAt&sortOrder=desc","service":"iap-service","timestamp":"2026-05-06 13:00:41"}
{"level":"debug","message":"GET /api/v1/admin/transactions/summary","service":"iap-service","timestamp":"2026-05-06 13:00:47"}
{"level":"debug","message":"GET /api/v1/admin/transactions?page=1&limit=15&sortBy=occurredAt&sortOrder=desc","service":"iap-service","timestamp":"2026-05-06 13:00:47"}
{"level":"debug","message":"GET /api/v1/admin/transactions/summary","service":"iap-service","timestamp":"2026-05-06 13:01:27"}
{"level":"debug","message":"GET /api/v1/admin/transactions?page=1&limit=15&sortBy=occurredAt&sortOrder=desc","service":"iap-service","timestamp":"2026-05-06 13:01:28"}
{"level":"debug","message":"GET /api/v1/admin/giveaway/campaigns?page=1&limit=10","service":"iap-service","timestamp":"2026-05-06 13:01:44"}
{"level":"debug","message":"GET /api/v1/admin/account","service":"iap-service","timestamp":"2026-05-06 13:01:44"}
{"level":"debug","message":"GET /api/v1/admin/profile-review/reported?limit=1","service":"iap-service","timestamp":"2026-05-06 13:01:44"}
{"level":"debug","message":"GET /api/v1/admin/moderation/pending-verifications?limit=1","service":"iap-service","timestamp":"2026-05-06 13:01:44"}
{"level":"debug","message":"GET /api/v1/contact/alltickets?limit=1","service":"iap-service","timestamp":"2026-05-06 13:01:44"}
{"level":"debug","message":"GET /api/v1/contact/alltickets?limit=1","service":"iap-service","timestamp":"2026-05-06 13:01:45"}
{"level":"debug","message":"GET /api/v1/admin/moderation/pending-verifications?limit=1","service":"iap-service","timestamp":"2026-05-06 13:01:45"}
{"level":"debug","message":"GET /api/v1/admin/dashboard/stats/kpi","service":"iap-service","timestamp":"2026-05-06 13:01:45"}
{"level":"debug","message":"GET /api/v1/admin/users?page=1&limit=10","service":"iap-service","timestamp":"2026-05-06 13:01:45"}
{"level":"debug","message":"GET /api/v1/admin/dashboard/stats/kpi?preset=today","service":"iap-service","timestamp":"2026-05-06 13:01:46"}
{"level":"debug","message":"GET /api/v1/admin/giveaway/campaigns?page=1&limit=10","service":"iap-service","timestamp":"2026-05-06 13:01:46"}
{"level":"debug","message":"GET /api/v1/admin/profile-review/reported?limit=1","service":"iap-service","timestamp":"2026-05-06 13:01:46"}
{"level":"debug","message":"GET /api/v1/admin/account","service":"iap-service","timestamp":"2026-05-06 13:01:47"}
{"level":"debug","message":"GET /api/v1/admin/dashboard/stats/kpi?preset=today","service":"iap-service","timestamp":"2026-05-06 13:01:50"}
{"level":"debug","message":"GET /api/v1/admin/giveaway/campaigns?page=1&limit=10","service":"iap-service","timestamp":"2026-05-06 13:01:50"}
{"level":"debug","message":"GET /api/v1/admin/account","service":"iap-service","timestamp":"2026-05-06 13:01:50"}
{"level":"debug","message":"GET /api/v1/admin/profile-review/reported?limit=1","service":"iap-service","timestamp":"2026-05-06 13:01:50"}
{"level":"debug","message":"GET /api/v1/admin/moderation/pending-verifications?limit=1","service":"iap-service","timestamp":"2026-05-06 13:01:50"}
{"level":"debug","message":"GET /api/v1/contact/alltickets?limit=1","service":"iap-service","timestamp":"2026-05-06 13:01:50"}
{"level":"debug","message":"GET /api/v1/admin/profile-review/reported?limit=1","service":"iap-service","timestamp":"2026-05-06 13:01:50"}
{"level":"debug","message":"GET /api/v1/contact/alltickets?limit=1","service":"iap-service","timestamp":"2026-05-06 13:01:51"}
{"level":"debug","message":"GET /api/v1/admin/moderation/pending-verifications?limit=1","service":"iap-service","timestamp":"2026-05-06 13:01:51"}
{"level":"debug","message":"GET /api/v1/admin/giveaway/campaigns?page=1&limit=10","service":"iap-service","timestamp":"2026-05-06 13:01:51"}
{"level":"debug","message":"GET /api/v1/admin/account","service":"iap-service","timestamp":"2026-05-06 13:01:52"}
{"level":"debug","message":"GET /api/v1/admin/users?page=1&limit=10","service":"iap-service","timestamp":"2026-05-06 13:01:53"}
{"level":"debug","message":"GET /api/v1/admin/transactions/summary","service":"iap-service","timestamp":"2026-05-06 13:01:55"}
{"level":"debug","message":"GET /api/v1/admin/transactions?page=1&limit=15&sortBy=occurredAt&sortOrder=desc","service":"iap-service","timestamp":"2026-05-06 13:01:55"}
{"level":"debug","message":"GET /api/v1/admin/dashboard/stats/kpi","service":"iap-service","timestamp":"2026-05-06 13:01:55"}
{"level":"debug","message":"GET /api/v1/admin/dashboard/stats/kpi","service":"iap-service","timestamp":"2026-05-06 13:01:56"}
{"level":"debug","message":"GET /api/v1/admin/transactions/summary","service":"iap-service","timestamp":"2026-05-06 13:01:57"}
{"level":"debug","message":"GET /api/v1/admin/dashboard/stats/kpi","service":"iap-service","timestamp":"2026-05-06 13:01:57"}
{"level":"debug","message":"GET /api/v1/admin/users?page=1&limit=10","service":"iap-service","timestamp":"2026-05-06 13:02:00"}
{"level":"debug","message":"GET /api/v1/admin/moderation/pending-verifications?page=1&limit=10","service":"iap-service","timestamp":"2026-05-06 13:02:01"}
{"level":"debug","message":"GET /api/v1/admin/users?page=1&limit=10","service":"iap-service","timestamp":"2026-05-06 13:02:01"}
{"level":"debug","message":"GET /api/v1/admin/giveaway/campaigns?page=1&limit=10","service":"iap-service","timestamp":"2026-05-06 13:03:43"}
{"level":"debug","message":"GET /api/v1/admin/account","service":"iap-service","timestamp":"2026-05-06 13:03:43"}
{"level":"debug","message":"GET /api/v1/admin/profile-review/reported?limit=1","service":"iap-service","timestamp":"2026-05-06 13:03:43"}
{"level":"debug","message":"GET /api/v1/admin/moderation/pending-verifications?limit=1","service":"iap-service","timestamp":"2026-05-06 13:03:43"}
{"level":"debug","message":"GET /api/v1/contact/alltickets?limit=1","service":"iap-service","timestamp":"2026-05-06 13:03:43"}
{"level":"debug","message":"GET /api/v1/admin/dashboard/stats/kpi","service":"iap-service","timestamp":"2026-05-06 13:03:44"}
{"level":"debug","message":"GET /api/v1/admin/users?page=1&limit=10","service":"iap-service","timestamp":"2026-05-06 13:03:44"}
{"level":"debug","message":"GET /api/v1/admin/dashboard/stats/kpi?preset=today","service":"iap-service","timestamp":"2026-05-06 13:03:44"}
{"level":"debug","message":"GET /api/v1/admin/account","service":"iap-service","timestamp":"2026-05-06 13:03:44"}
{"level":"debug","message":"GET /api/v1/contact/alltickets?limit=1","service":"iap-service","timestamp":"2026-05-06 13:03:44"}
{"level":"debug","message":"GET /api/v1/admin/profile-review/reported?limit=1","service":"iap-service","timestamp":"2026-05-06 13:03:45"}
{"level":"debug","message":"GET /api/v1/admin/users?page=1&limit=10","service":"iap-service","timestamp":"2026-05-06 13:03:45"}
{"level":"debug","message":"GET /api/v1/admin/dashboard/stats/kpi?preset=today","service":"iap-service","timestamp":"2026-05-06 13:03:45"}
{"level":"debug","message":"GET /api/v1/admin/moderation/pending-verifications?limit=1","service":"iap-service","timestamp":"2026-05-06 13:03:46"}
{"level":"debug","message":"GET /api/v1/admin/giveaway/campaigns?page=1&limit=10","service":"iap-service","timestamp":"2026-05-06 13:03:50"}
{"level":"debug","message":"GET /api/v1/admin/users?page=1&limit=10","service":"iap-service","timestamp":"2026-05-06 13:03:54"}
{"level":"debug","message":"GET /api/v1/admin/dashboard/stats/kpi","service":"iap-service","timestamp":"2026-05-06 13:03:56"}
{"level":"debug","message":"GET /api/v1/admin/users?page=1&limit=10","service":"iap-service","timestamp":"2026-05-06 13:03:56"}
{"level":"debug","message":"GET /api/v1/admin/dashboard/stats/kpi","service":"iap-service","timestamp":"2026-05-06 13:03:58"}
{"level":"debug","message":"GET /api/v1/admin/dashboard/stats/kpi","service":"iap-service","timestamp":"2026-05-06 13:03:59"}
{"level":"debug","message":"GET /api/v1/admin/dashboard/stats/kpi","service":"iap-service","timestamp":"2026-05-06 13:04:40"}
{"level":"debug","message":"GET /api/v1/admin/giveaway/campaigns?page=1&limit=10","service":"iap-service","timestamp":"2026-05-06 13:05:44"}
{"level":"debug","message":"GET /api/v1/admin/account","service":"iap-service","timestamp":"2026-05-06 13:05:44"}
{"level":"debug","message":"GET /api/v1/admin/profile-review/reported?limit=1","service":"iap-service","timestamp":"2026-05-06 13:05:44"}
{"level":"debug","message":"GET /api/v1/admin/moderation/pending-verifications?limit=1","service":"iap-service","timestamp":"2026-05-06 13:05:44"}
{"level":"debug","message":"GET /api/v1/contact/alltickets?limit=1","service":"iap-service","timestamp":"2026-05-06 13:05:44"}
{"level":"debug","message":"GET /api/v1/contact/alltickets?limit=1","service":"iap-service","timestamp":"2026-05-06 13:05:44"}
{"level":"debug","message":"GET /api/v1/admin/moderation/pending-verifications?limit=1","service":"iap-service","timestamp":"2026-05-06 13:05:44"}
{"level":"debug","message":"GET /api/v1/admin/profile-review/reported?limit=1","service":"iap-service","timestamp":"2026-05-06 13:05:44"}
{"level":"debug","message":"GET /api/v1/admin/giveaway/campaigns?page=1&limit=10","service":"iap-service","timestamp":"2026-05-06 13:05:45"}
{"level":"debug","message":"GET /api/v1/admin/account","service":"iap-service","timestamp":"2026-05-06 13:05:45"}
{"level":"debug","message":"GET /api/v1/admin/dashboard/stats/kpi","service":"iap-service","timestamp":"2026-05-06 13:05:46"}
{"level":"debug","message":"GET /api/v1/admin/users?page=1&limit=10","service":"iap-service","timestamp":"2026-05-06 13:05:46"}
{"level":"debug","message":"GET /api/v1/admin/dashboard/stats/kpi?preset=today","service":"iap-service","timestamp":"2026-05-06 13:05:46"}
{"level":"debug","message":"GET /api/v1/admin/dashboard/stats/kpi?preset=today","service":"iap-service","timestamp":"2026-05-06 13:05:46"}
{"level":"debug","message":"GET /api/v1/admin/users?page=1&limit=10","service":"iap-service","timestamp":"2026-05-06 13:05:46"}
{"level":"debug","message":"GET /api/v1/admin/dashboard/stats/kpi","service":"iap-service","timestamp":"2026-05-06 13:05:46"}
{"level":"debug","message":"GET /api/v1/admin/dashboard/stats/kpi","service":"iap-service","timestamp":"2026-05-06 13:05:47"}
{"level":"debug","message":"GET /api/v1/admin/users?page=1&limit=10","service":"iap-service","timestamp":"2026-05-06 13:05:47"}
{"level":"debug","message":"GET /api/v1/admin/dashboard/stats/kpi","service":"iap-service","timestamp":"2026-05-06 13:05:47"}
{"level":"debug","message":"GET /api/v1/admin/users?page=1&limit=10","service":"iap-service","timestamp":"2026-05-06 13:05:47"}
{"level":"debug","message":"GET /api/v1/admin/giveaway/campaigns?page=1&limit=10","service":"iap-service","timestamp":"2026-05-06 13:06:49"}
{"level":"debug","message":"GET /api/v1/admin/account","service":"iap-service","timestamp":"2026-05-06 13:06:49"}
{"level":"debug","message":"GET /api/v1/admin/profile-review/reported?limit=1","service":"iap-service","timestamp":"2026-05-06 13:06:49"}
{"level":"debug","message":"GET /api/v1/admin/moderation/pending-verifications?limit=1","service":"iap-service","timestamp":"2026-05-06 13:06:49"}
{"level":"debug","message":"GET /api/v1/contact/alltickets?limit=1","service":"iap-service","timestamp":"2026-05-06 13:06:49"}
{"level":"debug","message":"GET /api/v1/contact/alltickets?limit=1","service":"iap-service","timestamp":"2026-05-06 13:06:49"}
{"level":"debug","message":"GET /api/v1/admin/giveaway/campaigns?page=1&limit=10","service":"iap-service","timestamp":"2026-05-06 13:06:49"}
{"level":"debug","message":"GET /api/v1/admin/moderation/pending-verifications?limit=1","service":"iap-service","timestamp":"2026-05-06 13:06:49"}
{"level":"debug","message":"GET /api/v1/admin/account","service":"iap-service","timestamp":"2026-05-06 13:06:49"}
{"level":"debug","message":"GET /api/v1/admin/profile-review/reported?limit=1","service":"iap-service","timestamp":"2026-05-06 13:06:49"}
{"level":"debug","message":"GET /api/v1/admin/moderation/pending-verifications?page=1&limit=10","service":"iap-service","timestamp":"2026-05-06 13:06:51"}
{"level":"debug","message":"GET /api/v1/admin/subscription/stats?timeFilter=today","service":"iap-service","timestamp":"2026-05-06 13:06:57"}
{"level":"debug","message":"GET /api/v1/admin/subscription/subscribers?page=1&limit=10","service":"iap-service","timestamp":"2026-05-06 13:07:00"}
{"level":"debug","message":"GET /api/v1/contact/alltickets?page=1&limit=10","service":"iap-service","timestamp":"2026-05-06 13:07:07"}
{"level":"debug","message":"GET /api/v1/admin/subscription/stats?timeFilter=today","service":"iap-service","timestamp":"2026-05-06 13:07:12"}
{"level":"debug","message":"GET /api/v1/admin/giveaway/campaigns?page=1&limit=10","service":"iap-service","timestamp":"2026-05-06 13:07:14"}
{"level":"debug","message":"GET /api/v1/admin/account","service":"iap-service","timestamp":"2026-05-06 13:07:14"}
{"level":"debug","message":"GET /api/v1/admin/profile-review/reported?limit=1","service":"iap-service","timestamp":"2026-05-06 13:07:14"}
{"level":"debug","message":"GET /api/v1/admin/moderation/pending-verifications?limit=1","service":"iap-service","timestamp":"2026-05-06 13:07:14"}
{"level":"debug","message":"GET /api/v1/contact/alltickets?limit=1","service":"iap-service","timestamp":"2026-05-06 13:07:14"}
{"level":"debug","message":"GET /api/v1/admin/giveaway/campaigns?page=1&limit=10","service":"iap-service","timestamp":"2026-05-06 13:07:14"}
{"level":"debug","message":"GET /api/v1/admin/moderation/pending-verifications?limit=1","service":"iap-service","timestamp":"2026-05-06 13:07:15"}
{"level":"debug","message":"GET /api/v1/contact/alltickets?limit=1","service":"iap-service","timestamp":"2026-05-06 13:07:15"}
{"level":"debug","message":"GET /api/v1/admin/account","service":"iap-service","timestamp":"2026-05-06 13:07:15"}
{"level":"debug","message":"GET /api/v1/admin/profile-review/reported?limit=1","service":"iap-service","timestamp":"2026-05-06 13:07:16"}
{"level":"debug","message":"GET /api/v1/contact/alltickets?page=1&limit=10","service":"iap-service","timestamp":"2026-05-06 13:07:16"}
{"level":"debug","message":"GET /api/v1/admin/users?page=1&limit=10&gender=","service":"iap-service","timestamp":"2026-05-06 13:07:28"}
{"level":"debug","message":"GET /api/v1/admin/giveaway/campaigns?page=1&limit=10","service":"iap-service","timestamp":"2026-05-06 13:07:44"}
{"level":"debug","message":"GET /api/v1/admin/account","service":"iap-service","timestamp":"2026-05-06 13:07:44"}
{"level":"debug","message":"GET /api/v1/admin/profile-review/reported?limit=1","service":"iap-service","timestamp":"2026-05-06 13:07:44"}
{"level":"debug","message":"GET /api/v1/admin/moderation/pending-verifications?limit=1","service":"iap-service","timestamp":"2026-05-06 13:07:44"}
{"level":"debug","message":"GET /api/v1/contact/alltickets?limit=1","service":"iap-service","timestamp":"2026-05-06 13:07:44"}
{"level":"debug","message":"GET /api/v1/contact/alltickets?limit=1","service":"iap-service","timestamp":"2026-05-06 13:07:44"}
{"level":"debug","message":"GET /api/v1/admin/moderation/pending-verifications?limit=1","service":"iap-service","timestamp":"2026-05-06 13:07:44"}
{"level":"debug","message":"GET /api/v1/admin/account","service":"iap-service","timestamp":"2026-05-06 13:07:45"}
{"level":"debug","message":"GET /api/v1/admin/giveaway/campaigns?page=1&limit=10","service":"iap-service","timestamp":"2026-05-06 13:07:45"}
{"level":"debug","message":"GET /api/v1/admin/profile-review/reported?limit=1","service":"iap-service","timestamp":"2026-05-06 13:07:45"}
{"level":"debug","message":"GET /api/v1/admin/dashboard/stats/kpi","service":"iap-service","timestamp":"2026-05-06 13:07:45"}
{"level":"debug","message":"GET /api/v1/admin/users?page=1&limit=10","service":"iap-service","timestamp":"2026-05-06 13:07:45"}
{"level":"debug","message":"GET /api/v1/admin/dashboard/stats/kpi?preset=today","service":"iap-service","timestamp":"2026-05-06 13:07:45"}
{"level":"debug","message":"GET /api/v1/admin/dashboard/stats/kpi?preset=today","service":"iap-service","timestamp":"2026-05-06 13:07:46"}
{"level":"debug","message":"GET /api/v1/admin/dashboard/stats/kpi","service":"iap-service","timestamp":"2026-05-06 13:07:46"}
{"level":"debug","message":"GET /api/v1/admin/users?page=1&limit=10","service":"iap-service","timestamp":"2026-05-06 13:07:46"}
{"level":"debug","message":"GET /api/v1/admin/dashboard/stats/kpi","service":"iap-service","timestamp":"2026-05-06 13:07:46"}
{"level":"debug","message":"GET /api/v1/admin/users?page=1&limit=10","service":"iap-service","timestamp":"2026-05-06 13:07:46"}
{"level":"debug","message":"GET /api/v1/admin/dashboard/stats/kpi","service":"iap-service","timestamp":"2026-05-06 13:07:46"}
{"level":"debug","message":"GET /api/v1/admin/users?page=1&limit=10","service":"iap-service","timestamp":"2026-05-06 13:07:47"}
{"level":"debug","message":"GET /api/v1/admin/dashboard/stats/kpi","service":"iap-service","timestamp":"2026-05-06 13:09:41"}
{"level":"debug","message":"GET /api/v1/admin/giveaway/campaigns?page=1&limit=10","service":"iap-service","timestamp":"2026-05-06 13:09:44"}
{"level":"debug","message":"GET /api/v1/admin/account","service":"iap-service","timestamp":"2026-05-06 13:09:44"}
{"level":"debug","message":"GET /api/v1/admin/profile-review/reported?limit=1","service":"iap-service","timestamp":"2026-05-06 13:09:44"}
{"level":"debug","message":"GET /api/v1/admin/moderation/pending-verifications?limit=1","service":"iap-service","timestamp":"2026-05-06 13:09:44"}
{"level":"debug","message":"GET /api/v1/contact/alltickets?limit=1","service":"iap-service","timestamp":"2026-05-06 13:09:44"}
{"level":"debug","message":"GET /api/v1/contact/alltickets?limit=1","service":"iap-service","timestamp":"2026-05-06 13:09:44"}
{"level":"debug","message":"GET /api/v1/admin/moderation/pending-verifications?limit=1","service":"iap-service","timestamp":"2026-05-06 13:09:44"}
{"level":"debug","message":"GET /api/v1/admin/profile-review/reported?limit=1","service":"iap-service","timestamp":"2026-05-06 13:09:44"}
{"level":"debug","message":"GET /api/v1/admin/giveaway/campaigns?page=1&limit=10","service":"iap-service","timestamp":"2026-05-06 13:09:44"}
{"level":"debug","message":"GET /api/v1/admin/account","service":"iap-service","timestamp":"2026-05-06 13:09:44"}
{"level":"debug","message":"GET /api/v1/admin/dashboard/stats/kpi","service":"iap-service","timestamp":"2026-05-06 13:09:46"}
{"level":"debug","message":"GET /api/v1/admin/users?page=1&limit=10","service":"iap-service","timestamp":"2026-05-06 13:09:46"}
{"level":"debug","message":"GET /api/v1/admin/dashboard/stats/kpi?preset=today","service":"iap-service","timestamp":"2026-05-06 13:09:46"}
{"level":"debug","message":"GET /api/v1/admin/dashboard/stats/kpi","service":"iap-service","timestamp":"2026-05-06 13:09:46"}
{"level":"debug","message":"GET /api/v1/admin/dashboard/stats/kpi?preset=today","service":"iap-service","timestamp":"2026-05-06 13:09:46"}
{"level":"debug","message":"GET /api/v1/admin/users?page=1&limit=10","service":"iap-service","timestamp":"2026-05-06 13:09:46"}
{"level":"debug","message":"GET /api/v1/admin/dashboard/stats/kpi","service":"iap-service","timestamp":"2026-05-06 13:09:47"}
{"level":"debug","message":"GET /api/v1/admin/users?page=1&limit=10","service":"iap-service","timestamp":"2026-05-06 13:09:47"}
{"level":"debug","message":"GET /api/v1/admin/users?page=1&limit=10","service":"iap-service","timestamp":"2026-05-06 13:09:47"}
{"level":"debug","message":"GET /api/v1/admin/dashboard/stats/kpi","service":"iap-service","timestamp":"2026-05-06 13:09:47"}
{"level":"debug","message":"GET /api/v1/admin/fake-profiles?page=1&limit=10","service":"iap-service","timestamp":"2026-05-06 13:10:58"}
{"level":"debug","message":"GET /api/v1/admin/giveaway/campaigns?page=1&limit=10","service":"iap-service","timestamp":"2026-05-06 13:11:04"}
{"level":"debug","message":"GET /api/v1/admin/account","service":"iap-service","timestamp":"2026-05-06 13:11:04"}
{"level":"debug","message":"GET /api/v1/admin/profile-review/reported?limit=1","service":"iap-service","timestamp":"2026-05-06 13:11:04"}
{"level":"debug","message":"GET /api/v1/admin/moderation/pending-verifications?limit=1","service":"iap-service","timestamp":"2026-05-06 13:11:04"}
{"level":"debug","message":"GET /api/v1/contact/alltickets?limit=1","service":"iap-service","timestamp":"2026-05-06 13:11:04"}
{"level":"debug","message":"GET /api/v1/contact/alltickets?limit=1","service":"iap-service","timestamp":"2026-05-06 13:11:04"}
{"level":"debug","message":"GET /api/v1/admin/moderation/pending-verifications?limit=1","service":"iap-service","timestamp":"2026-05-06 13:11:04"}
{"level":"debug","message":"GET /api/v1/admin/giveaway/campaigns?page=1&limit=10","service":"iap-service","timestamp":"2026-05-06 13:11:04"}
{"level":"debug","message":"GET /api/v1/admin/profile-review/reported?limit=1","service":"iap-service","timestamp":"2026-05-06 13:11:04"}
{"level":"debug","message":"GET /api/v1/admin/account","service":"iap-service","timestamp":"2026-05-06 13:11:04"}
{"level":"debug","message":"GET /api/v1/admin/fake-profiles?page=1&limit=10","service":"iap-service","timestamp":"2026-05-06 13:11:06"}
{"level":"debug","message":"GET /api/v1/admin/giveaway/campaigns?page=1&limit=10","service":"iap-service","timestamp":"2026-05-06 13:11:24"}
{"level":"debug","message":"GET /api/v1/admin/account","service":"iap-service","timestamp":"2026-05-06 13:11:24"}
{"level":"debug","message":"GET /api/v1/admin/profile-review/reported?limit=1","service":"iap-service","timestamp":"2026-05-06 13:11:24"}
{"level":"debug","message":"GET /api/v1/admin/moderation/pending-verifications?limit=1","service":"iap-service","timestamp":"2026-05-06 13:11:24"}
{"level":"debug","message":"GET /api/v1/contact/alltickets?limit=1","service":"iap-service","timestamp":"2026-05-06 13:11:24"}
{"level":"debug","message":"GET /api/v1/contact/alltickets?limit=1","service":"iap-service","timestamp":"2026-05-06 13:11:24"}
{"level":"debug","message":"GET /api/v1/admin/moderation/pending-verifications?limit=1","service":"iap-service","timestamp":"2026-05-06 13:11:24"}
{"level":"debug","message":"GET /api/v1/admin/profile-review/reported?limit=1","service":"iap-service","timestamp":"2026-05-06 13:11:24"}
{"level":"debug","message":"GET /api/v1/admin/giveaway/campaigns?page=1&limit=10","service":"iap-service","timestamp":"2026-05-06 13:11:24"}
{"level":"debug","message":"GET /api/v1/admin/account","service":"iap-service","timestamp":"2026-05-06 13:11:25"}
{"level":"debug","message":"GET /api/v1/admin/fake-profiles?page=1&limit=10","service":"iap-service","timestamp":"2026-05-06 13:11:27"}
{"level":"debug","message":"GET /api/v1/admin/profile-review/reported?page=1&limit=10","service":"iap-service","timestamp":"2026-05-06 13:11:32"}
{"level":"debug","message":"GET /api/v1/admin/giveaway/campaigns?page=1&limit=10","service":"iap-service","timestamp":"2026-05-06 13:11:36"}
{"level":"debug","message":"GET /api/v1/admin/account","service":"iap-service","timestamp":"2026-05-06 13:11:36"}
{"level":"debug","message":"GET /api/v1/admin/profile-review/reported?limit=1","service":"iap-service","timestamp":"2026-05-06 13:11:36"}
{"level":"debug","message":"GET /api/v1/admin/moderation/pending-verifications?limit=1","service":"iap-service","timestamp":"2026-05-06 13:11:36"}
{"level":"debug","message":"GET /api/v1/contact/alltickets?limit=1","service":"iap-service","timestamp":"2026-05-06 13:11:36"}
{"level":"debug","message":"GET /api/v1/contact/alltickets?limit=1","service":"iap-service","timestamp":"2026-05-06 13:11:37"}
{"level":"debug","message":"GET /api/v1/admin/moderation/pending-verifications?limit=1","service":"iap-service","timestamp":"2026-05-06 13:11:37"}
{"level":"debug","message":"GET /api/v1/admin/giveaway/campaigns?page=1&limit=10","service":"iap-service","timestamp":"2026-05-06 13:11:37"}
{"level":"debug","message":"GET /api/v1/admin/profile-review/reported?limit=1","service":"iap-service","timestamp":"2026-05-06 13:11:37"}
{"level":"debug","message":"GET /api/v1/admin/account","service":"iap-service","timestamp":"2026-05-06 13:11:37"}
{"level":"debug","message":"GET /api/v1/admin/profile-review/reported?page=1&limit=10","service":"iap-service","timestamp":"2026-05-06 13:11:40"}
{"level":"debug","message":"GET /api/v1/admin/giveaway/campaigns?page=1&limit=10","service":"iap-service","timestamp":"2026-05-06 13:11:44"}
{"level":"debug","message":"GET /api/v1/admin/account","service":"iap-service","timestamp":"2026-05-06 13:11:44"}
{"level":"debug","message":"GET /api/v1/admin/profile-review/reported?limit=1","service":"iap-service","timestamp":"2026-05-06 13:11:44"}
{"level":"debug","message":"GET /api/v1/admin/moderation/pending-verifications?limit=1","service":"iap-service","timestamp":"2026-05-06 13:11:44"}
{"level":"debug","message":"GET /api/v1/contact/alltickets?limit=1","service":"iap-service","timestamp":"2026-05-06 13:11:44"}
{"level":"debug","message":"GET /api/v1/contact/alltickets?limit=1","service":"iap-service","timestamp":"2026-05-06 13:11:44"}
{"level":"debug","message":"GET /api/v1/admin/moderation/pending-verifications?limit=1","service":"iap-service","timestamp":"2026-05-06 13:11:44"}
{"level":"debug","message":"GET /api/v1/admin/giveaway/campaigns?page=1&limit=10","service":"iap-service","timestamp":"2026-05-06 13:11:44"}
{"level":"debug","message":"GET /api/v1/admin/profile-review/reported?limit=1","service":"iap-service","timestamp":"2026-05-06 13:11:45"}
{"level":"debug","message":"GET /api/v1/admin/account","service":"iap-service","timestamp":"2026-05-06 13:11:45"}
{"level":"debug","message":"GET /api/v1/admin/moderation/pending-verifications?page=1&limit=10","service":"iap-service","timestamp":"2026-05-06 13:11:45"}
{"level":"debug","message":"GET /api/v1/admin/dashboard/stats/kpi","service":"iap-service","timestamp":"2026-05-06 13:11:46"}
{"level":"debug","message":"GET /api/v1/admin/users?page=1&limit=10","service":"iap-service","timestamp":"2026-05-06 13:11:46"}
{"level":"debug","message":"GET /api/v1/admin/dashboard/stats/kpi?preset=today","service":"iap-service","timestamp":"2026-05-06 13:11:46"}
{"level":"debug","message":"GET /api/v1/admin/dashboard/stats/kpi","service":"iap-service","timestamp":"2026-05-06 13:11:46"}
{"level":"debug","message":"GET /api/v1/admin/dashboard/stats/kpi?preset=today","service":"iap-service","timestamp":"2026-05-06 13:11:46"}
{"level":"debug","message":"GET /api/v1/admin/users?page=1&limit=10","service":"iap-service","timestamp":"2026-05-06 13:11:46"}
{"level":"debug","message":"GET /api/v1/admin/dashboard/stats/kpi","service":"iap-service","timestamp":"2026-05-06 13:11:47"}
{"level":"debug","message":"GET /api/v1/admin/users?page=1&limit=10","service":"iap-service","timestamp":"2026-05-06 13:11:47"}
{"level":"debug","message":"GET /api/v1/admin/dashboard/stats/kpi","service":"iap-service","timestamp":"2026-05-06 13:11:47"}
{"level":"debug","message":"GET /api/v1/admin/users?page=1&limit=10","service":"iap-service","timestamp":"2026-05-06 13:11:47"}
{"level":"debug","message":"GET /api/v1/admin/users/69f9edca1b781197ffec0875","service":"iap-service","timestamp":"2026-05-06 13:12:09"}
{"level":"debug","message":"GET /api/v1/admin/users/69f9edca1b781197ffec0875","service":"iap-service","timestamp":"2026-05-06 13:12:09"}
{"level":"debug","message":"GET /api/v1/admin/giveaway/prizes?page=1&limit=10","service":"iap-service","timestamp":"2026-05-06 13:12:12"}
{"level":"debug","message":"GET /api/v1/app-settings/general","service":"iap-service","timestamp":"2026-05-06 13:12:13"}
{"level":"debug","message":"GET /api/v1/app-settings/general","service":"iap-service","timestamp":"2026-05-06 13:12:13"}
{"level":"debug","message":"GET /api/v1/app-settings/social-links","service":"iap-service","timestamp":"2026-05-06 13:12:16"}
{"level":"debug","message":"GET /api/v1/app-settings/social-links","service":"iap-service","timestamp":"2026-05-06 13:12:16"}
{"level":"debug","message":"GET /api/v1/admin/settings","service":"iap-service","timestamp":"2026-05-06 13:12:18"}
{"level":"debug","message":"GET /api/v1/admin/settings","service":"iap-service","timestamp":"2026-05-06 13:12:18"}
{"level":"debug","message":"GET /api/v1/admin/settings/ads","service":"iap-service","timestamp":"2026-05-06 13:12:21"}
{"level":"debug","message":"GET /api/v1/admin/settings/ads","service":"iap-service","timestamp":"2026-05-06 13:12:21"}
{"level":"debug","message":"GET /api/v1/admin/users?page=1&limit=10&gender=","service":"iap-service","timestamp":"2026-05-06 13:12:26"}
{"level":"debug","message":"GET /api/v1/admin/giveaway/campaigns?page=1&limit=10","service":"iap-service","timestamp":"2026-05-06 13:13:45"}
{"level":"debug","message":"GET /api/v1/admin/account","service":"iap-service","timestamp":"2026-05-06 13:13:45"}
{"level":"debug","message":"GET /api/v1/admin/profile-review/reported?limit=1","service":"iap-service","timestamp":"2026-05-06 13:13:45"}
{"level":"debug","message":"GET /api/v1/admin/moderation/pending-verifications?limit=1","service":"iap-service","timestamp":"2026-05-06 13:13:45"}
{"level":"debug","message":"GET /api/v1/contact/alltickets?limit=1","service":"iap-service","timestamp":"2026-05-06 13:13:45"}
{"level":"debug","message":"GET /api/v1/admin/giveaway/campaigns?page=1&limit=10","service":"iap-service","timestamp":"2026-05-06 13:13:45"}
{"level":"debug","message":"GET /api/v1/contact/alltickets?limit=1","service":"iap-service","timestamp":"2026-05-06 13:13:45"}
{"level":"debug","message":"GET /api/v1/admin/account","service":"iap-service","timestamp":"2026-05-06 13:13:45"}
{"level":"debug","message":"GET /api/v1/admin/profile-review/reported?limit=1","service":"iap-service","timestamp":"2026-05-06 13:13:45"}
{"level":"debug","message":"GET /api/v1/admin/moderation/pending-verifications?limit=1","service":"iap-service","timestamp":"2026-05-06 13:13:45"}
{"level":"debug","message":"GET /api/v1/admin/dashboard/stats/kpi","service":"iap-service","timestamp":"2026-05-06 13:13:46"}
{"level":"debug","message":"GET /api/v1/admin/users?page=1&limit=10","service":"iap-service","timestamp":"2026-05-06 13:13:46"}
{"level":"debug","message":"GET /api/v1/admin/dashboard/stats/kpi?preset=today","service":"iap-service","timestamp":"2026-05-06 13:13:46"}
{"level":"debug","message":"GET /api/v1/admin/dashboard/stats/kpi","service":"iap-service","timestamp":"2026-05-06 13:13:46"}
{"level":"debug","message":"GET /api/v1/admin/users?page=1&limit=10","service":"iap-service","timestamp":"2026-05-06 13:13:46"}
{"level":"debug","message":"GET /api/v1/admin/dashboard/stats/kpi?preset=today","service":"iap-service","timestamp":"2026-05-06 13:13:46"}
{"level":"debug","message":"GET /api/v1/admin/dashboard/stats/kpi","service":"iap-service","timestamp":"2026-05-06 13:13:47"}
{"level":"debug","message":"GET /api/v1/admin/users?page=1&limit=10","service":"iap-service","timestamp":"2026-05-06 13:13:47"}
{"level":"debug","message":"GET /api/v1/admin/dashboard/stats/kpi","service":"iap-service","timestamp":"2026-05-06 13:13:47"}
{"level":"debug","message":"GET /api/v1/admin/users?page=1&limit=10","service":"iap-service","timestamp":"2026-05-06 13:13:47"}
{"level":"debug","message":"GET /api/v1/admin/dashboard/stats/kpi","service":"iap-service","timestamp":"2026-05-06 13:14:40"}
{"level":"debug","message":"GET /api/v1/admin/giveaway/campaigns?page=1&limit=10","service":"iap-service","timestamp":"2026-05-06 13:15:00"}
{"level":"debug","message":"GET /api/v1/admin/account","service":"iap-service","timestamp":"2026-05-06 13:15:00"}
{"level":"debug","message":"GET /api/v1/admin/profile-review/reported?limit=1","service":"iap-service","timestamp":"2026-05-06 13:15:00"}
{"level":"debug","message":"GET /api/v1/admin/moderation/pending-verifications?limit=1","service":"iap-service","timestamp":"2026-05-06 13:15:00"}
{"level":"debug","message":"GET /api/v1/contact/alltickets?limit=1","service":"iap-service","timestamp":"2026-05-06 13:15:00"}
{"level":"debug","message":"GET /api/v1/admin/giveaway/campaigns?page=1&limit=10","service":"iap-service","timestamp":"2026-05-06 13:15:00"}
{"level":"debug","message":"GET /api/v1/contact/alltickets?limit=1","service":"iap-service","timestamp":"2026-05-06 13:15:00"}
{"level":"debug","message":"GET /api/v1/admin/account","service":"iap-service","timestamp":"2026-05-06 13:15:00"}
{"level":"debug","message":"GET /api/v1/admin/profile-review/reported?limit=1","service":"iap-service","timestamp":"2026-05-06 13:15:00"}
{"level":"debug","message":"GET /api/v1/admin/moderation/pending-verifications?limit=1","service":"iap-service","timestamp":"2026-05-06 13:15:00"}
{"level":"debug","message":"GET /api/v1/admin/giveaway/campaigns?page=1&limit=10","service":"iap-service","timestamp":"2026-05-06 13:15:00"}
{"level":"debug","message":"GET /api/v1/admin/account","service":"iap-service","timestamp":"2026-05-06 13:15:00"}
{"level":"debug","message":"GET /api/v1/admin/profile-review/reported?limit=1","service":"iap-service","timestamp":"2026-05-06 13:15:00"}
{"level":"debug","message":"GET /api/v1/admin/moderation/pending-verifications?limit=1","service":"iap-service","timestamp":"2026-05-06 13:15:00"}
{"level":"debug","message":"GET /api/v1/contact/alltickets?limit=1","service":"iap-service","timestamp":"2026-05-06 13:15:00"}
{"level":"debug","message":"GET /api/v1/admin/giveaway/campaigns?page=1&limit=10","service":"iap-service","timestamp":"2026-05-06 13:15:00"}
{"level":"debug","message":"GET /api/v1/contact/alltickets?limit=1","service":"iap-service","timestamp":"2026-05-06 13:15:00"}
{"level":"debug","message":"GET /api/v1/admin/account","service":"iap-service","timestamp":"2026-05-06 13:15:00"}
{"level":"debug","message":"GET /api/v1/admin/moderation/pending-verifications?limit=1","service":"iap-service","timestamp":"2026-05-06 13:15:00"}
{"level":"debug","message":"GET /api/v1/admin/profile-review/reported?limit=1","service":"iap-service","timestamp":"2026-05-06 13:15:00"}
{"level":"debug","message":"GET /api/v1/admin/giveaway/campaigns?page=1&limit=10","service":"iap-service","timestamp":"2026-05-06 13:15:00"}
{"level":"debug","message":"GET /api/v1/contact/alltickets?limit=1","service":"iap-service","timestamp":"2026-05-06 13:15:00"}
{"level":"debug","message":"GET /api/v1/admin/account","service":"iap-service","timestamp":"2026-05-06 13:15:00"}
{"level":"debug","message":"GET /api/v1/admin/giveaway/campaigns?page=1&limit=10","service":"iap-service","timestamp":"2026-05-06 13:15:00"}
{"level":"debug","message":"GET /api/v1/contact/alltickets?limit=1","service":"iap-service","timestamp":"2026-05-06 13:15:01"}
{"level":"debug","message":"GET /api/v1/admin/moderation/pending-verifications?limit=1","service":"iap-service","timestamp":"2026-05-06 13:15:01"}
{"level":"debug","message":"GET /api/v1/admin/profile-review/reported?limit=1","service":"iap-service","timestamp":"2026-05-06 13:15:01"}
{"level":"debug","message":"GET /api/v1/admin/account","service":"iap-service","timestamp":"2026-05-06 13:15:01"}
{"level":"debug","message":"GET /api/v1/admin/profile-review/reported?limit=1","service":"iap-service","timestamp":"2026-05-06 13:15:01"}
{"level":"debug","message":"GET /api/v1/admin/moderation/pending-verifications?limit=1","service":"iap-service","timestamp":"2026-05-06 13:15:01"}
{"level":"debug","message":"GET /api/v1/admin/dashboard/stats/kpi","service":"iap-service","timestamp":"2026-05-06 13:15:02"}
{"level":"debug","message":"GET /api/v1/admin/users?page=1&limit=10","service":"iap-service","timestamp":"2026-05-06 13:15:02"}
{"level":"debug","message":"GET /api/v1/admin/dashboard/stats/kpi?preset=today","service":"iap-service","timestamp":"2026-05-06 13:15:02"}
{"level":"debug","message":"GET /api/v1/admin/dashboard/stats/kpi","service":"iap-service","timestamp":"2026-05-06 13:15:02"}
{"level":"debug","message":"GET /api/v1/admin/users?page=1&limit=10","service":"iap-service","timestamp":"2026-05-06 13:15:02"}
{"level":"debug","message":"GET /api/v1/admin/dashboard/stats/kpi?preset=today","service":"iap-service","timestamp":"2026-05-06 13:15:02"}
{"level":"debug","message":"GET /api/v1/admin/dashboard/stats/kpi","service":"iap-service","timestamp":"2026-05-06 13:15:02"}
{"level":"debug","message":"GET /api/v1/admin/users?page=1&limit=10","service":"iap-service","timestamp":"2026-05-06 13:15:02"}
{"level":"debug","message":"GET /api/v1/admin/dashboard/stats/kpi?preset=today","service":"iap-service","timestamp":"2026-05-06 13:15:02"}
{"level":"debug","message":"GET /api/v1/admin/users?page=1&limit=10","service":"iap-service","timestamp":"2026-05-06 13:15:02"}
{"level":"debug","message":"GET /api/v1/admin/dashboard/stats/kpi","service":"iap-service","timestamp":"2026-05-06 13:15:02"}
{"level":"debug","message":"GET /api/v1/admin/dashboard/stats/kpi?preset=today","service":"iap-service","timestamp":"2026-05-06 13:15:02"}
{"level":"debug","message":"GET /api/v1/admin/users?page=1&limit=10&gender=","service":"iap-service","timestamp":"2026-05-06 13:15:03"}
{"level":"debug","message":"GET /api/v1/admin/dashboard/stats/kpi","service":"iap-service","timestamp":"2026-05-06 13:15:03"}
{"level":"debug","message":"GET /api/v1/admin/users?page=1&limit=10","service":"iap-service","timestamp":"2026-05-06 13:15:03"}
{"level":"debug","message":"GET /api/v1/admin/dashboard/stats/kpi","service":"iap-service","timestamp":"2026-05-06 13:15:03"}
{"level":"debug","message":"GET /api/v1/admin/users?page=1&limit=10","service":"iap-service","timestamp":"2026-05-06 13:15:03"}
{"level":"debug","message":"GET /api/v1/admin/dashboard/stats/kpi","service":"iap-service","timestamp":"2026-05-06 13:15:03"}
{"level":"debug","message":"GET /api/v1/admin/users?page=1&limit=10","service":"iap-service","timestamp":"2026-05-06 13:15:03"}
{"level":"debug","message":"GET /api/v1/admin/dashboard/stats/kpi","service":"iap-service","timestamp":"2026-05-06 13:15:04"}
{"level":"debug","message":"GET /api/v1/admin/users?page=1&limit=10","service":"iap-service","timestamp":"2026-05-06 13:15:04"}
{"level":"debug","message":"GET /api/v1/admin/giveaway/campaigns?page=1&limit=10","service":"iap-service","timestamp":"2026-05-06 13:15:06"}
{"level":"debug","message":"GET /api/v1/admin/account","service":"iap-service","timestamp":"2026-05-06 13:15:06"}
{"level":"debug","message":"GET /api/v1/admin/profile-review/reported?limit=1","service":"iap-service","timestamp":"2026-05-06 13:15:06"}
{"level":"debug","message":"GET /api/v1/admin/moderation/pending-verifications?limit=1","service":"iap-service","timestamp":"2026-05-06 13:15:06"}
{"level":"debug","message":"GET /api/v1/contact/alltickets?limit=1","service":"iap-service","timestamp":"2026-05-06 13:15:06"}
{"level":"debug","message":"GET /api/v1/admin/giveaway/campaigns?page=1&limit=10","service":"iap-service","timestamp":"2026-05-06 13:15:06"}
{"level":"debug","message":"GET /api/v1/contact/alltickets?limit=1","service":"iap-service","timestamp":"2026-05-06 13:15:06"}
{"level":"debug","message":"GET /api/v1/admin/profile-review/reported?limit=1","service":"iap-service","timestamp":"2026-05-06 13:15:06"}
{"level":"debug","message":"GET /api/v1/admin/account","service":"iap-service","timestamp":"2026-05-06 13:15:06"}
{"level":"debug","message":"GET /api/v1/admin/moderation/pending-verifications?limit=1","service":"iap-service","timestamp":"2026-05-06 13:15:06"}
{"level":"debug","message":"GET /api/v1/admin/users?page=1&limit=10&gender=","service":"iap-service","timestamp":"2026-05-06 13:15:08"}
{"level":"debug","message":"GET /api/v1/admin/giveaway/campaigns?page=1&limit=10","service":"iap-service","timestamp":"2026-05-06 13:15:10"}
{"level":"debug","message":"GET /api/v1/admin/account","service":"iap-service","timestamp":"2026-05-06 13:15:10"}
{"level":"debug","message":"GET /api/v1/admin/profile-review/reported?limit=1","service":"iap-service","timestamp":"2026-05-06 13:15:10"}
{"level":"debug","message":"GET /api/v1/admin/moderation/pending-verifications?limit=1","service":"iap-service","timestamp":"2026-05-06 13:15:10"}
{"level":"debug","message":"GET /api/v1/contact/alltickets?limit=1","service":"iap-service","timestamp":"2026-05-06 13:15:10"}
{"level":"debug","message":"GET /api/v1/admin/giveaway/campaigns?page=1&limit=10","service":"iap-service","timestamp":"2026-05-06 13:15:10"}
{"level":"debug","message":"GET /api/v1/contact/alltickets?limit=1","service":"iap-service","timestamp":"2026-05-06 13:15:11"}
{"level":"debug","message":"GET /api/v1/admin/account","service":"iap-service","timestamp":"2026-05-06 13:15:11"}
{"level":"debug","message":"GET /api/v1/admin/giveaway/campaigns?page=1&limit=10","service":"iap-service","timestamp":"2026-05-06 13:15:11"}
{"level":"debug","message":"GET /api/v1/admin/moderation/pending-verifications?limit=1","service":"iap-service","timestamp":"2026-05-06 13:15:11"}
{"level":"debug","message":"GET /api/v1/admin/account","service":"iap-service","timestamp":"2026-05-06 13:15:11"}
{"level":"debug","message":"GET /api/v1/admin/profile-review/reported?limit=1","service":"iap-service","timestamp":"2026-05-06 13:15:11"}
{"level":"debug","message":"GET /api/v1/admin/moderation/pending-verifications?limit=1","service":"iap-service","timestamp":"2026-05-06 13:15:11"}
{"level":"debug","message":"GET /api/v1/contact/alltickets?limit=1","service":"iap-service","timestamp":"2026-05-06 13:15:11"}
{"level":"debug","message":"GET /api/v1/admin/profile-review/reported?limit=1","service":"iap-service","timestamp":"2026-05-06 13:15:11"}
{"level":"debug","message":"GET /api/v1/admin/giveaway/campaigns?page=1&limit=10","service":"iap-service","timestamp":"2026-05-06 13:15:11"}
{"level":"debug","message":"GET /api/v1/admin/profile-review/reported?limit=1","service":"iap-service","timestamp":"2026-05-06 13:15:11"}
{"level":"debug","message":"GET /api/v1/contact/alltickets?limit=1","service":"iap-service","timestamp":"2026-05-06 13:15:11"}
{"level":"debug","message":"GET /api/v1/admin/account","service":"iap-service","timestamp":"2026-05-06 13:15:11"}
{"level":"debug","message":"GET /api/v1/admin/moderation/pending-verifications?limit=1","service":"iap-service","timestamp":"2026-05-06 13:15:11"}
{"level":"debug","message":"GET /api/v1/admin/dashboard/stats/kpi","service":"iap-service","timestamp":"2026-05-06 13:15:13"}
{"level":"debug","message":"GET /api/v1/admin/users?page=1&limit=10","service":"iap-service","timestamp":"2026-05-06 13:15:13"}
{"level":"debug","message":"GET /api/v1/admin/dashboard/stats/kpi?preset=today","service":"iap-service","timestamp":"2026-05-06 13:15:13"}
{"level":"debug","message":"GET /api/v1/admin/dashboard/stats/kpi","service":"iap-service","timestamp":"2026-05-06 13:15:13"}
{"level":"debug","message":"GET /api/v1/admin/users?page=1&limit=10","service":"iap-service","timestamp":"2026-05-06 13:15:13"}
{"level":"debug","message":"GET /api/v1/admin/dashboard/stats/kpi?preset=today","service":"iap-service","timestamp":"2026-05-06 13:15:13"}
{"level":"debug","message":"GET /api/v1/admin/dashboard/stats/kpi","service":"iap-service","timestamp":"2026-05-06 13:15:13"}
{"level":"debug","message":"GET /api/v1/admin/dashboard/stats/kpi?preset=today","service":"iap-service","timestamp":"2026-05-06 13:15:13"}
{"level":"debug","message":"GET /api/v1/admin/users?page=1&limit=10","service":"iap-service","timestamp":"2026-05-06 13:15:13"}
{"level":"debug","message":"GET /api/v1/admin/dashboard/stats/kpi","service":"iap-service","timestamp":"2026-05-06 13:15:13"}
{"level":"debug","message":"GET /api/v1/admin/dashboard/stats/kpi?preset=today","service":"iap-service","timestamp":"2026-05-06 13:15:13"}
{"level":"debug","message":"GET /api/v1/admin/users?page=1&limit=10","service":"iap-service","timestamp":"2026-05-06 13:15:13"}
{"level":"debug","message":"GET /api/v1/admin/dashboard/stats/kpi","service":"iap-service","timestamp":"2026-05-06 13:15:14"}
{"level":"debug","message":"GET /api/v1/admin/users?page=1&limit=10","service":"iap-service","timestamp":"2026-05-06 13:15:14"}
{"level":"debug","message":"GET /api/v1/admin/users?page=1&limit=10","service":"iap-service","timestamp":"2026-05-06 13:15:14"}
{"level":"debug","message":"GET /api/v1/admin/dashboard/stats/kpi","service":"iap-service","timestamp":"2026-05-06 13:15:14"}
{"level":"debug","message":"GET /api/v1/admin/dashboard/stats/kpi","service":"iap-service","timestamp":"2026-05-06 13:15:14"}
{"level":"debug","message":"GET /api/v1/admin/users?page=1&limit=10","service":"iap-service","timestamp":"2026-05-06 13:15:14"}
{"level":"debug","message":"GET /api/v1/admin/dashboard/stats/kpi","service":"iap-service","timestamp":"2026-05-06 13:15:14"}
{"level":"debug","message":"GET /api/v1/admin/users?page=1&limit=10","service":"iap-service","timestamp":"2026-05-06 13:15:14"}
{"level":"debug","message":"GET /api/v1/admin/giveaway/campaigns?page=1&limit=10","service":"iap-service","timestamp":"2026-05-06 13:15:44"}
{"level":"debug","message":"GET /api/v1/admin/account","service":"iap-service","timestamp":"2026-05-06 13:15:44"}
{"level":"debug","message":"GET /api/v1/admin/profile-review/reported?limit=1","service":"iap-service","timestamp":"2026-05-06 13:15:44"}
{"level":"debug","message":"GET /api/v1/admin/moderation/pending-verifications?limit=1","service":"iap-service","timestamp":"2026-05-06 13:15:44"}
{"level":"debug","message":"GET /api/v1/contact/alltickets?limit=1","service":"iap-service","timestamp":"2026-05-06 13:15:44"}
{"level":"debug","message":"GET /api/v1/admin/giveaway/campaigns?page=1&limit=10","service":"iap-service","timestamp":"2026-05-06 13:15:44"}
{"level":"debug","message":"GET /api/v1/contact/alltickets?limit=1","service":"iap-service","timestamp":"2026-05-06 13:15:44"}
{"level":"debug","message":"GET /api/v1/admin/profile-review/reported?limit=1","service":"iap-service","timestamp":"2026-05-06 13:15:44"}
{"level":"debug","message":"GET /api/v1/admin/account","service":"iap-service","timestamp":"2026-05-06 13:15:44"}
{"level":"debug","message":"GET /api/v1/admin/moderation/pending-verifications?limit=1","service":"iap-service","timestamp":"2026-05-06 13:15:44"}
{"level":"debug","message":"GET /api/v1/admin/dashboard/stats/kpi","service":"iap-service","timestamp":"2026-05-06 13:15:46"}
{"level":"debug","message":"GET /api/v1/admin/users?page=1&limit=10","service":"iap-service","timestamp":"2026-05-06 13:15:46"}
{"level":"debug","message":"GET /api/v1/admin/dashboard/stats/kpi?preset=today","service":"iap-service","timestamp":"2026-05-06 13:15:46"}
{"level":"debug","message":"GET /api/v1/admin/dashboard/stats/kpi","service":"iap-service","timestamp":"2026-05-06 13:15:46"}
{"level":"debug","message":"GET /api/v1/admin/dashboard/stats/kpi?preset=today","service":"iap-service","timestamp":"2026-05-06 13:15:46"}
{"level":"debug","message":"GET /api/v1/admin/users?page=1&limit=10","service":"iap-service","timestamp":"2026-05-06 13:15:46"}
{"level":"debug","message":"GET /api/v1/admin/dashboard/stats/kpi","service":"iap-service","timestamp":"2026-05-06 13:15:47"}
{"level":"debug","message":"GET /api/v1/admin/users?page=1&limit=10","service":"iap-service","timestamp":"2026-05-06 13:15:47"}
{"level":"debug","message":"GET /api/v1/admin/users?page=1&limit=10","service":"iap-service","timestamp":"2026-05-06 13:15:47"}
{"level":"debug","message":"GET /api/v1/admin/dashboard/stats/kpi","service":"iap-service","timestamp":"2026-05-06 13:15:47"}
{"level":"debug","message":"GET /api/v1/admin/users/69f207cc6a74f8e7be671480","service":"iap-service","timestamp":"2026-05-06 13:17:26"}
{"level":"debug","message":"GET /api/v1/admin/users/69f207cc6a74f8e7be671480","service":"iap-service","timestamp":"2026-05-06 13:17:26"}
{"level":"debug","message":"GET /api/v1/admin/giveaway/campaigns?page=1&limit=10","service":"iap-service","timestamp":"2026-05-06 13:17:44"}
{"level":"debug","message":"GET /api/v1/admin/account","service":"iap-service","timestamp":"2026-05-06 13:17:44"}
{"level":"debug","message":"GET /api/v1/admin/profile-review/reported?limit=1","service":"iap-service","timestamp":"2026-05-06 13:17:44"}
{"level":"debug","message":"GET /api/v1/admin/moderation/pending-verifications?limit=1","service":"iap-service","timestamp":"2026-05-06 13:17:44"}
{"level":"debug","message":"GET /api/v1/contact/alltickets?limit=1","service":"iap-service","timestamp":"2026-05-06 13:17:44"}
{"level":"debug","message":"GET /api/v1/admin/giveaway/campaigns?page=1&limit=10","service":"iap-service","timestamp":"2026-05-06 13:17:44"}
{"level":"debug","message":"GET /api/v1/contact/alltickets?limit=1","service":"iap-service","timestamp":"2026-05-06 13:17:44"}
{"level":"debug","message":"GET /api/v1/admin/account","service":"iap-service","timestamp":"2026-05-06 13:17:44"}
{"level":"debug","message":"GET /api/v1/admin/profile-review/reported?limit=1","service":"iap-service","timestamp":"2026-05-06 13:17:44"}
{"level":"debug","message":"GET /api/v1/admin/moderation/pending-verifications?limit=1","service":"iap-service","timestamp":"2026-05-06 13:17:44"}
{"level":"debug","message":"GET /api/v1/admin/dashboard/stats/kpi","service":"iap-service","timestamp":"2026-05-06 13:17:45"}
{"level":"debug","message":"GET /api/v1/admin/users?page=1&limit=10","service":"iap-service","timestamp":"2026-05-06 13:17:45"}
{"level":"debug","message":"GET /api/v1/admin/dashboard/stats/kpi?preset=today","service":"iap-service","timestamp":"2026-05-06 13:17:45"}
{"level":"debug","message":"GET /api/v1/admin/users?page=1&limit=10","service":"iap-service","timestamp":"2026-05-06 13:17:45"}
{"level":"debug","message":"GET /api/v1/admin/dashboard/stats/kpi","service":"iap-service","timestamp":"2026-05-06 13:17:45"}
{"level":"debug","message":"GET /api/v1/admin/dashboard/stats/kpi?preset=today","service":"iap-service","timestamp":"2026-05-06 13:17:45"}
{"level":"debug","message":"GET /api/v1/admin/dashboard/stats/kpi","service":"iap-service","timestamp":"2026-05-06 13:17:46"}
{"level":"debug","message":"GET /api/v1/admin/users?page=1&limit=10","service":"iap-service","timestamp":"2026-05-06 13:17:46"}
{"level":"debug","message":"GET /api/v1/admin/users?page=1&limit=10","service":"iap-service","timestamp":"2026-05-06 13:17:46"}
{"level":"debug","message":"GET /api/v1/admin/dashboard/stats/kpi","service":"iap-service","timestamp":"2026-05-06 13:17:46"}
{"level":"debug","message":"GET /api/v1/admin/giveaway/campaigns?page=1&limit=10","service":"iap-service","timestamp":"2026-05-06 13:19:45"}
{"level":"debug","message":"GET /api/v1/admin/account","service":"iap-service","timestamp":"2026-05-06 13:19:45"}
{"level":"debug","message":"GET /api/v1/admin/profile-review/reported?limit=1","service":"iap-service","timestamp":"2026-05-06 13:19:45"}
{"level":"debug","message":"GET /api/v1/admin/moderation/pending-verifications?limit=1","service":"iap-service","timestamp":"2026-05-06 13:19:45"}
{"level":"debug","message":"GET /api/v1/contact/alltickets?limit=1","service":"iap-service","timestamp":"2026-05-06 13:19:45"}
{"level":"debug","message":"GET /api/v1/contact/alltickets?limit=1","service":"iap-service","timestamp":"2026-05-06 13:19:45"}
{"level":"debug","message":"GET /api/v1/admin/giveaway/campaigns?page=1&limit=10","service":"iap-service","timestamp":"2026-05-06 13:19:46"}
{"level":"debug","message":"GET /api/v1/admin/account","service":"iap-service","timestamp":"2026-05-06 13:19:46"}
{"level":"debug","message":"GET /api/v1/admin/moderation/pending-verifications?limit=1","service":"iap-service","timestamp":"2026-05-06 13:19:46"}
{"level":"debug","message":"GET /api/v1/admin/profile-review/reported?limit=1","service":"iap-service","timestamp":"2026-05-06 13:19:46"}
{"level":"debug","message":"GET /api/v1/admin/dashboard/stats/kpi","service":"iap-service","timestamp":"2026-05-06 13:19:47"}
{"level":"debug","message":"GET /api/v1/admin/users?page=1&limit=10","service":"iap-service","timestamp":"2026-05-06 13:19:47"}
{"level":"debug","message":"GET /api/v1/admin/dashboard/stats/kpi?preset=today","service":"iap-service","timestamp":"2026-05-06 13:19:47"}
{"level":"debug","message":"GET /api/v1/admin/dashboard/stats/kpi?preset=today","service":"iap-service","timestamp":"2026-05-06 13:19:47"}
{"level":"debug","message":"GET /api/v1/admin/users?page=1&limit=10","service":"iap-service","timestamp":"2026-05-06 13:19:47"}
{"level":"debug","message":"GET /api/v1/admin/dashboard/stats/kpi","service":"iap-service","timestamp":"2026-05-06 13:19:47"}
{"level":"debug","message":"GET /api/v1/admin/dashboard/stats/kpi","service":"iap-service","timestamp":"2026-05-06 13:19:48"}
{"level":"debug","message":"GET /api/v1/admin/users?page=1&limit=10","service":"iap-service","timestamp":"2026-05-06 13:19:48"}
{"level":"debug","message":"GET /api/v1/admin/users?page=1&limit=10","service":"iap-service","timestamp":"2026-05-06 13:19:48"}
{"level":"debug","message":"GET /api/v1/admin/dashboard/stats/kpi","service":"iap-service","timestamp":"2026-05-06 13:19:48"}
{"level":"debug","message":"GET /api/v1/admin/dashboard/stats/kpi","service":"iap-service","timestamp":"2026-05-06 13:20:14"}
{"level":"debug","message":"GET /api/v1/admin/giveaway/campaigns?page=1&limit=10","service":"iap-service","timestamp":"2026-05-06 13:21:44"}
{"level":"debug","message":"GET /api/v1/admin/account","service":"iap-service","timestamp":"2026-05-06 13:21:44"}
{"level":"debug","message":"GET /api/v1/admin/profile-review/reported?limit=1","service":"iap-service","timestamp":"2026-05-06 13:21:44"}
{"level":"debug","message":"GET /api/v1/admin/moderation/pending-verifications?limit=1","service":"iap-service","timestamp":"2026-05-06 13:21:44"}
{"level":"debug","message":"GET /api/v1/contact/alltickets?limit=1","service":"iap-service","timestamp":"2026-05-06 13:21:44"}
{"level":"debug","message":"GET /api/v1/contact/alltickets?limit=1","service":"iap-service","timestamp":"2026-05-06 13:21:44"}
{"level":"debug","message":"GET /api/v1/admin/giveaway/campaigns?page=1&limit=10","service":"iap-service","timestamp":"2026-05-06 13:21:44"}
{"level":"debug","message":"GET /api/v1/admin/profile-review/reported?limit=1","service":"iap-service","timestamp":"2026-05-06 13:21:44"}
{"level":"debug","message":"GET /api/v1/admin/account","service":"iap-service","timestamp":"2026-05-06 13:21:44"}
{"level":"debug","message":"GET /api/v1/admin/moderation/pending-verifications?limit=1","service":"iap-service","timestamp":"2026-05-06 13:21:44"}
{"level":"debug","message":"GET /api/v1/admin/dashboard/stats/kpi","service":"iap-service","timestamp":"2026-05-06 13:21:45"}
{"level":"debug","message":"GET /api/v1/admin/users?page=1&limit=10","service":"iap-service","timestamp":"2026-05-06 13:21:45"}
{"level":"debug","message":"GET /api/v1/admin/dashboard/stats/kpi?preset=today","service":"iap-service","timestamp":"2026-05-06 13:21:45"}
{"level":"debug","message":"GET /api/v1/admin/dashboard/stats/kpi","service":"iap-service","timestamp":"2026-05-06 13:21:46"}
{"level":"debug","message":"GET /api/v1/admin/users?page=1&limit=10","service":"iap-service","timestamp":"2026-05-06 13:21:46"}
{"level":"debug","message":"GET /api/v1/admin/dashboard/stats/kpi?preset=today","service":"iap-service","timestamp":"2026-05-06 13:21:46"}
{"level":"debug","message":"GET /api/v1/admin/dashboard/stats/kpi","service":"iap-service","timestamp":"2026-05-06 13:21:46"}
{"level":"debug","message":"GET /api/v1/admin/users?page=1&limit=10","service":"iap-service","timestamp":"2026-05-06 13:21:46"}
{"level":"debug","message":"GET /api/v1/admin/users?page=1&limit=10","service":"iap-service","timestamp":"2026-05-06 13:21:46"}
{"level":"debug","message":"GET /api/v1/admin/dashboard/stats/kpi","service":"iap-service","timestamp":"2026-05-06 13:21:46"}
{"level":"debug","message":"GET /api/v1/admin/giveaway/campaigns?page=1&limit=10","service":"iap-service","timestamp":"2026-05-06 13:23:44"}
{"level":"debug","message":"GET /api/v1/admin/account","service":"iap-service","timestamp":"2026-05-06 13:23:44"}
{"level":"debug","message":"GET /api/v1/admin/profile-review/reported?limit=1","service":"iap-service","timestamp":"2026-05-06 13:23:44"}
{"level":"debug","message":"GET /api/v1/admin/moderation/pending-verifications?limit=1","service":"iap-service","timestamp":"2026-05-06 13:23:44"}
{"level":"debug","message":"GET /api/v1/contact/alltickets?limit=1","service":"iap-service","timestamp":"2026-05-06 13:23:44"}
{"level":"debug","message":"GET /api/v1/admin/giveaway/campaigns?page=1&limit=10","service":"iap-service","timestamp":"2026-05-06 13:23:44"}
{"level":"debug","message":"GET /api/v1/contact/alltickets?limit=1","service":"iap-service","timestamp":"2026-05-06 13:23:44"}
{"level":"debug","message":"GET /api/v1/admin/profile-review/reported?limit=1","service":"iap-service","timestamp":"2026-05-06 13:23:44"}
{"level":"debug","message":"GET /api/v1/admin/account","service":"iap-service","timestamp":"2026-05-06 13:23:44"}
{"level":"debug","message":"GET /api/v1/admin/moderation/pending-verifications?limit=1","service":"iap-service","timestamp":"2026-05-06 13:23:44"}
{"level":"debug","message":"GET /api/v1/admin/dashboard/stats/kpi","service":"iap-service","timestamp":"2026-05-06 13:23:45"}
{"level":"debug","message":"GET /api/v1/admin/users?page=1&limit=10","service":"iap-service","timestamp":"2026-05-06 13:23:45"}
{"level":"debug","message":"GET /api/v1/admin/dashboard/stats/kpi?preset=today","service":"iap-service","timestamp":"2026-05-06 13:23:45"}
{"level":"debug","message":"GET /api/v1/admin/dashboard/stats/kpi","service":"iap-service","timestamp":"2026-05-06 13:23:45"}
{"level":"debug","message":"GET /api/v1/admin/dashboard/stats/kpi?preset=today","service":"iap-service","timestamp":"2026-05-06 13:23:45"}
{"level":"debug","message":"GET /api/v1/admin/users?page=1&limit=10","service":"iap-service","timestamp":"2026-05-06 13:23:45"}
{"level":"debug","message":"GET /api/v1/admin/dashboard/stats/kpi","service":"iap-service","timestamp":"2026-05-06 13:23:46"}
{"level":"debug","message":"GET /api/v1/admin/users?page=1&limit=10","service":"iap-service","timestamp":"2026-05-06 13:23:46"}
{"level":"debug","message":"GET /api/v1/admin/dashboard/stats/kpi","service":"iap-service","timestamp":"2026-05-06 13:23:46"}
{"level":"debug","message":"GET /api/v1/admin/users?page=1&limit=10","service":"iap-service","timestamp":"2026-05-06 13:23:46"}
{"level":"debug","message":"GET /api/v1/admin/dashboard/stats/kpi","service":"iap-service","timestamp":"2026-05-06 13:25:14"}
{"level":"debug","message":"GET /api/v1/admin/giveaway/campaigns?page=1&limit=10","service":"iap-service","timestamp":"2026-05-06 13:25:44"}
{"level":"debug","message":"GET /api/v1/admin/account","service":"iap-service","timestamp":"2026-05-06 13:25:44"}
{"level":"debug","message":"GET /api/v1/admin/profile-review/reported?limit=1","service":"iap-service","timestamp":"2026-05-06 13:25:44"}
{"level":"debug","message":"GET /api/v1/admin/moderation/pending-verifications?limit=1","service":"iap-service","timestamp":"2026-05-06 13:25:44"}
{"level":"debug","message":"GET /api/v1/contact/alltickets?limit=1","service":"iap-service","timestamp":"2026-05-06 13:25:44"}
{"level":"debug","message":"GET /api/v1/admin/giveaway/campaigns?page=1&limit=10","service":"iap-service","timestamp":"2026-05-06 13:25:44"}
{"level":"debug","message":"GET /api/v1/contact/alltickets?limit=1","service":"iap-service","timestamp":"2026-05-06 13:25:44"}
{"level":"debug","message":"GET /api/v1/admin/profile-review/reported?limit=1","service":"iap-service","timestamp":"2026-05-06 13:25:44"}
{"level":"debug","message":"GET /api/v1/admin/account","service":"iap-service","timestamp":"2026-05-06 13:25:44"}
{"level":"debug","message":"GET /api/v1/admin/moderation/pending-verifications?limit=1","service":"iap-service","timestamp":"2026-05-06 13:25:44"}
{"level":"debug","message":"GET /api/v1/admin/dashboard/stats/kpi","service":"iap-service","timestamp":"2026-05-06 13:25:46"}
{"level":"debug","message":"GET /api/v1/admin/users?page=1&limit=10","service":"iap-service","timestamp":"2026-05-06 13:25:46"}
{"level":"debug","message":"GET /api/v1/admin/dashboard/stats/kpi?preset=today","service":"iap-service","timestamp":"2026-05-06 13:25:46"}
{"level":"debug","message":"GET /api/v1/admin/dashboard/stats/kpi","service":"iap-service","timestamp":"2026-05-06 13:25:46"}
{"level":"debug","message":"GET /api/v1/admin/users?page=1&limit=10","service":"iap-service","timestamp":"2026-05-06 13:25:46"}
{"level":"debug","message":"GET /api/v1/admin/dashboard/stats/kpi?preset=today","service":"iap-service","timestamp":"2026-05-06 13:25:46"}
{"level":"debug","message":"GET /api/v1/admin/dashboard/stats/kpi","service":"iap-service","timestamp":"2026-05-06 13:25:47"}
{"level":"debug","message":"GET /api/v1/admin/users?page=1&limit=10","service":"iap-service","timestamp":"2026-05-06 13:25:47"}
{"level":"debug","message":"GET /api/v1/admin/dashboard/stats/kpi","service":"iap-service","timestamp":"2026-05-06 13:25:47"}
{"level":"debug","message":"GET /api/v1/admin/users?page=1&limit=10","service":"iap-service","timestamp":"2026-05-06 13:25:47"}
{"level":"debug","message":"GET /api/v1/admin/giveaway/campaigns?page=1&limit=10","service":"iap-service","timestamp":"2026-05-06 13:27:44"}
{"level":"debug","message":"GET /api/v1/admin/account","service":"iap-service","timestamp":"2026-05-06 13:27:44"}
{"level":"debug","message":"GET /api/v1/admin/profile-review/reported?limit=1","service":"iap-service","timestamp":"2026-05-06 13:27:44"}
{"level":"debug","message":"GET /api/v1/admin/moderation/pending-verifications?limit=1","service":"iap-service","timestamp":"2026-05-06 13:27:44"}
{"level":"debug","message":"GET /api/v1/contact/alltickets?limit=1","service":"iap-service","timestamp":"2026-05-06 13:27:44"}
{"level":"debug","message":"GET /api/v1/admin/giveaway/campaigns?page=1&limit=10","service":"iap-service","timestamp":"2026-05-06 13:27:44"}
{"level":"debug","message":"GET /api/v1/contact/alltickets?limit=1","service":"iap-service","timestamp":"2026-05-06 13:27:44"}
{"level":"debug","message":"GET /api/v1/admin/profile-review/reported?limit=1","service":"iap-service","timestamp":"2026-05-06 13:27:44"}
{"level":"debug","message":"GET /api/v1/admin/account","service":"iap-service","timestamp":"2026-05-06 13:27:44"}
{"level":"debug","message":"GET /api/v1/admin/moderation/pending-verifications?limit=1","service":"iap-service","timestamp":"2026-05-06 13:27:44"}
{"level":"debug","message":"GET /api/v1/admin/dashboard/stats/kpi","service":"iap-service","timestamp":"2026-05-06 13:27:46"}
{"level":"debug","message":"GET /api/v1/admin/users?page=1&limit=10","service":"iap-service","timestamp":"2026-05-06 13:27:46"}
{"level":"debug","message":"GET /api/v1/admin/dashboard/stats/kpi?preset=today","service":"iap-service","timestamp":"2026-05-06 13:27:46"}
{"level":"debug","message":"GET /api/v1/admin/dashboard/stats/kpi","service":"iap-service","timestamp":"2026-05-06 13:27:46"}
{"level":"debug","message":"GET /api/v1/admin/users?page=1&limit=10","service":"iap-service","timestamp":"2026-05-06 13:27:46"}
{"level":"debug","message":"GET /api/v1/admin/dashboard/stats/kpi?preset=today","service":"iap-service","timestamp":"2026-05-06 13:27:46"}
{"level":"debug","message":"GET /api/v1/admin/dashboard/stats/kpi","service":"iap-service","timestamp":"2026-05-06 13:27:47"}
{"level":"debug","message":"GET /api/v1/admin/users?page=1&limit=10","service":"iap-service","timestamp":"2026-05-06 13:27:47"}
{"level":"debug","message":"GET /api/v1/admin/dashboard/stats/kpi","service":"iap-service","timestamp":"2026-05-06 13:27:47"}
{"level":"debug","message":"GET /api/v1/admin/users?page=1&limit=10","service":"iap-service","timestamp":"2026-05-06 13:27:47"}
{"level":"debug","message":"GET /api/v1/admin/giveaway/campaigns?page=1&limit=10","service":"iap-service","timestamp":"2026-05-06 13:29:44"}
{"level":"debug","message":"GET /api/v1/admin/account","service":"iap-service","timestamp":"2026-05-06 13:29:44"}
{"level":"debug","message":"GET /api/v1/admin/profile-review/reported?limit=1","service":"iap-service","timestamp":"2026-05-06 13:29:44"}
{"level":"debug","message":"GET /api/v1/admin/moderation/pending-verifications?limit=1","service":"iap-service","timestamp":"2026-05-06 13:29:44"}
{"level":"debug","message":"GET /api/v1/contact/alltickets?limit=1","service":"iap-service","timestamp":"2026-05-06 13:29:44"}
{"level":"debug","message":"GET /api/v1/admin/giveaway/campaigns?page=1&limit=10","service":"iap-service","timestamp":"2026-05-06 13:29:44"}
{"level":"debug","message":"GET /api/v1/contact/alltickets?limit=1","service":"iap-service","timestamp":"2026-05-06 13:29:44"}
{"level":"debug","message":"GET /api/v1/admin/profile-review/reported?limit=1","service":"iap-service","timestamp":"2026-05-06 13:29:44"}
{"level":"debug","message":"GET /api/v1/admin/account","service":"iap-service","timestamp":"2026-05-06 13:29:44"}
{"level":"debug","message":"GET /api/v1/admin/moderation/pending-verifications?limit=1","service":"iap-service","timestamp":"2026-05-06 13:29:44"}
{"level":"debug","message":"GET /api/v1/admin/dashboard/stats/kpi","service":"iap-service","timestamp":"2026-05-06 13:29:46"}
{"level":"debug","message":"GET /api/v1/admin/users?page=1&limit=10","service":"iap-service","timestamp":"2026-05-06 13:29:46"}
{"level":"debug","message":"GET /api/v1/admin/dashboard/stats/kpi?preset=today","service":"iap-service","timestamp":"2026-05-06 13:29:46"}
{"level":"debug","message":"GET /api/v1/admin/dashboard/stats/kpi","service":"iap-service","timestamp":"2026-05-06 13:29:46"}
{"level":"debug","message":"GET /api/v1/admin/dashboard/stats/kpi?preset=today","service":"iap-service","timestamp":"2026-05-06 13:29:46"}
{"level":"debug","message":"GET /api/v1/admin/users?page=1&limit=10","service":"iap-service","timestamp":"2026-05-06 13:29:46"}
{"level":"debug","message":"GET /api/v1/admin/dashboard/stats/kpi","service":"iap-service","timestamp":"2026-05-06 13:29:47"}
{"level":"debug","message":"GET /api/v1/admin/users?page=1&limit=10","service":"iap-service","timestamp":"2026-05-06 13:29:47"}
{"level":"debug","message":"GET /api/v1/admin/dashboard/stats/kpi","service":"iap-service","timestamp":"2026-05-06 13:29:47"}
{"level":"debug","message":"GET /api/v1/admin/users?page=1&limit=10","service":"iap-service","timestamp":"2026-05-06 13:29:47"}
{"level":"debug","message":"GET /api/v1/admin/dashboard/stats/kpi","service":"iap-service","timestamp":"2026-05-06 13:30:14"}
{"level":"debug","message":"GET /api/v1/admin/giveaway/campaigns?page=1&limit=10","service":"iap-service","timestamp":"2026-05-06 13:31:43"}
{"level":"debug","message":"GET /api/v1/admin/account","service":"iap-service","timestamp":"2026-05-06 13:31:43"}
{"level":"debug","message":"GET /api/v1/admin/profile-review/reported?limit=1","service":"iap-service","timestamp":"2026-05-06 13:31:43"}
{"level":"debug","message":"GET /api/v1/admin/moderation/pending-verifications?limit=1","service":"iap-service","timestamp":"2026-05-06 13:31:43"}
{"level":"debug","message":"GET /api/v1/contact/alltickets?limit=1","service":"iap-service","timestamp":"2026-05-06 13:31:43"}
{"level":"debug","message":"GET /api/v1/admin/dashboard/stats/kpi","service":"iap-service","timestamp":"2026-05-06 13:31:44"}
{"level":"debug","message":"GET /api/v1/admin/users?page=1&limit=10","service":"iap-service","timestamp":"2026-05-06 13:31:44"}
{"level":"debug","message":"GET /api/v1/admin/dashboard/stats/kpi?preset=today","service":"iap-service","timestamp":"2026-05-06 13:31:44"}
{"level":"debug","message":"GET /api/v1/admin/giveaway/campaigns?page=1&limit=10","service":"iap-service","timestamp":"2026-05-06 13:31:44"}
{"level":"debug","message":"GET /api/v1/contact/alltickets?limit=1","service":"iap-service","timestamp":"2026-05-06 13:31:44"}
{"level":"debug","message":"GET /api/v1/admin/moderation/pending-verifications?limit=1","service":"iap-service","timestamp":"2026-05-06 13:31:44"}
{"level":"debug","message":"GET /api/v1/admin/profile-review/reported?limit=1","service":"iap-service","timestamp":"2026-05-06 13:31:45"}
{"level":"debug","message":"GET /api/v1/admin/account","service":"iap-service","timestamp":"2026-05-06 13:31:45"}
{"level":"debug","message":"GET /api/v1/admin/dashboard/stats/kpi","service":"iap-service","timestamp":"2026-05-06 13:31:46"}
{"level":"debug","message":"GET /api/v1/admin/dashboard/stats/kpi?preset=today","service":"iap-service","timestamp":"2026-05-06 13:31:46"}
{"level":"debug","message":"GET /api/v1/admin/users?page=1&limit=10","service":"iap-service","timestamp":"2026-05-06 13:31:46"}
{"level":"debug","message":"GET /api/v1/admin/dashboard/stats/kpi","service":"iap-service","timestamp":"2026-05-06 13:31:46"}
{"level":"debug","message":"GET /api/v1/admin/dashboard/stats/kpi","service":"iap-service","timestamp":"2026-05-06 13:31:46"}
{"level":"debug","message":"GET /api/v1/admin/users?page=1&limit=10","service":"iap-service","timestamp":"2026-05-06 13:31:46"}
{"level":"debug","message":"GET /api/v1/admin/users?page=1&limit=10","service":"iap-service","timestamp":"2026-05-06 13:31:46"}
{"level":"debug","message":"GET /api/v1/admin/giveaway/campaigns?page=1&limit=10","service":"iap-service","timestamp":"2026-05-06 13:33:44"}
{"level":"debug","message":"GET /api/v1/admin/account","service":"iap-service","timestamp":"2026-05-06 13:33:44"}
{"level":"debug","message":"GET /api/v1/admin/profile-review/reported?limit=1","service":"iap-service","timestamp":"2026-05-06 13:33:44"}
{"level":"debug","message":"GET /api/v1/admin/moderation/pending-verifications?limit=1","service":"iap-service","timestamp":"2026-05-06 13:33:44"}
{"level":"debug","message":"GET /api/v1/contact/alltickets?limit=1","service":"iap-service","timestamp":"2026-05-06 13:33:44"}
{"level":"debug","message":"GET /api/v1/admin/giveaway/campaigns?page=1&limit=10","service":"iap-service","timestamp":"2026-05-06 13:33:44"}
{"level":"debug","message":"GET /api/v1/contact/alltickets?limit=1","service":"iap-service","timestamp":"2026-05-06 13:33:44"}
{"level":"debug","message":"GET /api/v1/admin/account","service":"iap-service","timestamp":"2026-05-06 13:33:44"}
{"level":"debug","message":"GET /api/v1/admin/moderation/pending-verifications?limit=1","service":"iap-service","timestamp":"2026-05-06 13:33:44"}
{"level":"debug","message":"GET /api/v1/admin/profile-review/reported?limit=1","service":"iap-service","timestamp":"2026-05-06 13:33:44"}
{"level":"debug","message":"GET /api/v1/admin/dashboard/stats/kpi","service":"iap-service","timestamp":"2026-05-06 13:33:46"}
{"level":"debug","message":"GET /api/v1/admin/users?page=1&limit=10","service":"iap-service","timestamp":"2026-05-06 13:33:46"}
{"level":"debug","message":"GET /api/v1/admin/dashboard/stats/kpi?preset=today","service":"iap-service","timestamp":"2026-05-06 13:33:46"}
{"level":"debug","message":"GET /api/v1/admin/dashboard/stats/kpi","service":"iap-service","timestamp":"2026-05-06 13:33:46"}
{"level":"debug","message":"GET /api/v1/admin/dashboard/stats/kpi?preset=today","service":"iap-service","timestamp":"2026-05-06 13:33:46"}
{"level":"debug","message":"GET /api/v1/admin/users?page=1&limit=10","service":"iap-service","timestamp":"2026-05-06 13:33:46"}
{"level":"debug","message":"GET /api/v1/admin/dashboard/stats/kpi","service":"iap-service","timestamp":"2026-05-06 13:33:47"}
{"level":"debug","message":"GET /api/v1/admin/users?page=1&limit=10&gender=","service":"iap-service","timestamp":"2026-05-06 13:33:48"}
{"level":"debug","message":"GET /api/v1/admin/dashboard/stats/kpi","service":"iap-service","timestamp":"2026-05-06 13:33:48"}
{"level":"debug","message":"GET /api/v1/admin/users?page=1&limit=10","service":"iap-service","timestamp":"2026-05-06 13:33:49"}
{"level":"debug","message":"GET /api/v1/admin/users?page=1&limit=10","service":"iap-service","timestamp":"2026-05-06 13:33:49"}
{"level":"debug","message":"GET /api/v1/admin/users/69f5c1fd3db5a34e8ba7c533","service":"iap-service","timestamp":"2026-05-06 13:33:51"}
{"level":"debug","message":"GET /api/v1/admin/users/69f5c1fd3db5a34e8ba7c533","service":"iap-service","timestamp":"2026-05-06 13:33:51"}
{"level":"debug","message":"GET /api/v1/admin/dashboard/stats/kpi","service":"iap-service","timestamp":"2026-05-06 13:35:14"}
{"level":"debug","message":"GET /api/v1/admin/giveaway/campaigns?page=1&limit=10","service":"iap-service","timestamp":"2026-05-06 13:35:44"}
{"level":"debug","message":"GET /api/v1/admin/account","service":"iap-service","timestamp":"2026-05-06 13:35:44"}
{"level":"debug","message":"GET /api/v1/admin/profile-review/reported?limit=1","service":"iap-service","timestamp":"2026-05-06 13:35:44"}
{"level":"debug","message":"GET /api/v1/admin/moderation/pending-verifications?limit=1","service":"iap-service","timestamp":"2026-05-06 13:35:44"}
{"level":"debug","message":"GET /api/v1/contact/alltickets?limit=1","service":"iap-service","timestamp":"2026-05-06 13:35:44"}
{"level":"debug","message":"GET /api/v1/contact/alltickets?limit=1","service":"iap-service","timestamp":"2026-05-06 13:35:45"}
{"level":"debug","message":"GET /api/v1/admin/giveaway/campaigns?page=1&limit=10","service":"iap-service","timestamp":"2026-05-06 13:35:45"}
{"level":"debug","message":"GET /api/v1/admin/profile-review/reported?limit=1","service":"iap-service","timestamp":"2026-05-06 13:35:45"}
{"level":"debug","message":"GET /api/v1/admin/moderation/pending-verifications?limit=1","service":"iap-service","timestamp":"2026-05-06 13:35:45"}
{"level":"debug","message":"GET /api/v1/admin/account","service":"iap-service","timestamp":"2026-05-06 13:35:45"}
{"level":"debug","message":"GET /api/v1/admin/dashboard/stats/kpi","service":"iap-service","timestamp":"2026-05-06 13:35:45"}
{"level":"debug","message":"GET /api/v1/admin/users?page=1&limit=10","service":"iap-service","timestamp":"2026-05-06 13:35:45"}
{"level":"debug","message":"GET /api/v1/admin/dashboard/stats/kpi?preset=today","service":"iap-service","timestamp":"2026-05-06 13:35:45"}
{"level":"debug","message":"GET /api/v1/admin/dashboard/stats/kpi","service":"iap-service","timestamp":"2026-05-06 13:35:46"}
{"level":"debug","message":"GET /api/v1/admin/dashboard/stats/kpi?preset=today","service":"iap-service","timestamp":"2026-05-06 13:35:46"}
{"level":"debug","message":"GET /api/v1/admin/users?page=1&limit=10","service":"iap-service","timestamp":"2026-05-06 13:35:47"}
{"level":"debug","message":"GET /api/v1/admin/users?page=1&limit=10","service":"iap-service","timestamp":"2026-05-06 13:35:47"}
{"level":"debug","message":"GET /api/v1/admin/dashboard/stats/kpi","service":"iap-service","timestamp":"2026-05-06 13:35:47"}
{"level":"debug","message":"GET /api/v1/admin/users?page=1&limit=10","service":"iap-service","timestamp":"2026-05-06 13:35:47"}
{"level":"debug","message":"GET /api/v1/admin/dashboard/stats/kpi","service":"iap-service","timestamp":"2026-05-06 13:35:47"}
{"level":"debug","message":"GET /api/v1/admin/giveaway/campaigns?page=1&limit=10","service":"iap-service","timestamp":"2026-05-06 13:37:44"}
{"level":"debug","message":"GET /api/v1/admin/account","service":"iap-service","timestamp":"2026-05-06 13:37:44"}
{"level":"debug","message":"GET /api/v1/admin/profile-review/reported?limit=1","service":"iap-service","timestamp":"2026-05-06 13:37:44"}
{"level":"debug","message":"GET /api/v1/admin/moderation/pending-verifications?limit=1","service":"iap-service","timestamp":"2026-05-06 13:37:44"}
{"level":"debug","message":"GET /api/v1/contact/alltickets?limit=1","service":"iap-service","timestamp":"2026-05-06 13:37:44"}
{"level":"debug","message":"GET /api/v1/admin/giveaway/campaigns?page=1&limit=10","service":"iap-service","timestamp":"2026-05-06 13:37:44"}
{"level":"debug","message":"GET /api/v1/contact/alltickets?limit=1","service":"iap-service","timestamp":"2026-05-06 13:37:44"}
{"level":"debug","message":"GET /api/v1/admin/profile-review/reported?limit=1","service":"iap-service","timestamp":"2026-05-06 13:37:44"}
{"level":"debug","message":"GET /api/v1/admin/account","service":"iap-service","timestamp":"2026-05-06 13:37:44"}
{"level":"debug","message":"GET /api/v1/admin/moderation/pending-verifications?limit=1","service":"iap-service","timestamp":"2026-05-06 13:37:44"}
{"level":"debug","message":"GET /api/v1/admin/dashboard/stats/kpi","service":"iap-service","timestamp":"2026-05-06 13:37:45"}
{"level":"debug","message":"GET /api/v1/admin/users?page=1&limit=10","service":"iap-service","timestamp":"2026-05-06 13:37:45"}
{"level":"debug","message":"GET /api/v1/admin/dashboard/stats/kpi?preset=today","service":"iap-service","timestamp":"2026-05-06 13:37:45"}
{"level":"debug","message":"GET /api/v1/admin/dashboard/stats/kpi","service":"iap-service","timestamp":"2026-05-06 13:37:45"}
{"level":"debug","message":"GET /api/v1/admin/users?page=1&limit=10","service":"iap-service","timestamp":"2026-05-06 13:37:45"}
{"level":"debug","message":"GET /api/v1/admin/dashboard/stats/kpi?preset=today","service":"iap-service","timestamp":"2026-05-06 13:37:45"}
{"level":"debug","message":"GET /api/v1/admin/dashboard/stats/kpi","service":"iap-service","timestamp":"2026-05-06 13:37:46"}
{"level":"debug","message":"GET /api/v1/admin/users?page=1&limit=10","service":"iap-service","timestamp":"2026-05-06 13:37:46"}
{"level":"debug","message":"GET /api/v1/admin/dashboard/stats/kpi","service":"iap-service","timestamp":"2026-05-06 13:37:46"}
{"level":"debug","message":"GET /api/v1/admin/users?page=1&limit=10","service":"iap-service","timestamp":"2026-05-06 13:37:47"}
{"level":"debug","message":"POST /api/v1/admin/moderation/users/69f5c1fd3db5a34e8ba7c533/unban","service":"iap-service","timestamp":"2026-05-06 13:37:52"}
{"level":"debug","message":"GET /api/v1/admin/users/69f5c1fd3db5a34e8ba7c533","service":"iap-service","timestamp":"2026-05-06 13:37:53"}
{"level":"debug","message":"POST /api/v1/admin/moderation/users/69f5c1fd3db5a34e8ba7c533/ban","service":"iap-service","timestamp":"2026-05-06 13:38:02"}
{"level":"debug","message":"GET /api/v1/admin/users/69f5c1fd3db5a34e8ba7c533","service":"iap-service","timestamp":"2026-05-06 13:38:03"}
{"level":"debug","message":"GET /api/v1/admin/giveaway/campaigns?page=1&limit=10","service":"iap-service","timestamp":"2026-05-06 13:39:44"}
{"level":"debug","message":"GET /api/v1/admin/account","service":"iap-service","timestamp":"2026-05-06 13:39:44"}
{"level":"debug","message":"GET /api/v1/admin/profile-review/reported?limit=1","service":"iap-service","timestamp":"2026-05-06 13:39:44"}
{"level":"debug","message":"GET /api/v1/admin/moderation/pending-verifications?limit=1","service":"iap-service","timestamp":"2026-05-06 13:39:44"}
{"level":"debug","message":"GET /api/v1/contact/alltickets?limit=1","service":"iap-service","timestamp":"2026-05-06 13:39:44"}
{"level":"debug","message":"GET /api/v1/admin/dashboard/stats/kpi","service":"iap-service","timestamp":"2026-05-06 13:39:45"}
{"level":"debug","message":"GET /api/v1/admin/users?page=1&limit=10","service":"iap-service","timestamp":"2026-05-06 13:39:45"}
{"level":"debug","message":"GET /api/v1/admin/dashboard/stats/kpi?preset=today","service":"iap-service","timestamp":"2026-05-06 13:39:45"}
{"level":"debug","message":"GET /api/v1/admin/moderation/pending-verifications?limit=1","service":"iap-service","timestamp":"2026-05-06 13:39:46"}
{"level":"debug","message":"GET /api/v1/contact/alltickets?limit=1","service":"iap-service","timestamp":"2026-05-06 13:39:46"}
{"level":"debug","message":"GET /api/v1/admin/profile-review/reported?limit=1","service":"iap-service","timestamp":"2026-05-06 13:39:46"}
{"level":"debug","message":"GET /api/v1/admin/account","service":"iap-service","timestamp":"2026-05-06 13:39:46"}
{"level":"debug","message":"GET /api/v1/admin/giveaway/campaigns?page=1&limit=10","service":"iap-service","timestamp":"2026-05-06 13:39:46"}
{"level":"debug","message":"GET /api/v1/admin/dashboard/stats/kpi?preset=today","service":"iap-service","timestamp":"2026-05-06 13:39:46"}
{"level":"debug","message":"GET /api/v1/admin/users?page=1&limit=10","service":"iap-service","timestamp":"2026-05-06 13:39:46"}
{"level":"debug","message":"GET /api/v1/admin/dashboard/stats/kpi","service":"iap-service","timestamp":"2026-05-06 13:39:46"}
{"level":"debug","message":"GET /api/v1/admin/dashboard/stats/kpi","service":"iap-service","timestamp":"2026-05-06 13:39:46"}
{"level":"debug","message":"GET /api/v1/admin/users?page=1&limit=10","service":"iap-service","timestamp":"2026-05-06 13:39:46"}
{"level":"debug","message":"GET /api/v1/admin/dashboard/stats/kpi","service":"iap-service","timestamp":"2026-05-06 13:39:46"}
{"level":"debug","message":"GET /api/v1/admin/users?page=1&limit=10","service":"iap-service","timestamp":"2026-05-06 13:39:46"}
{"level":"debug","message":"GET /api/v1/admin/dashboard/stats/kpi","service":"iap-service","timestamp":"2026-05-06 13:40:14"}
{"level":"debug","message":"GET /api/v1/admin/giveaway/campaigns?page=1&limit=10","service":"iap-service","timestamp":"2026-05-06 13:41:44"}
{"level":"debug","message":"GET /api/v1/admin/account","service":"iap-service","timestamp":"2026-05-06 13:41:44"}
{"level":"debug","message":"GET /api/v1/admin/profile-review/reported?limit=1","service":"iap-service","timestamp":"2026-05-06 13:41:44"}
{"level":"debug","message":"GET /api/v1/admin/moderation/pending-verifications?limit=1","service":"iap-service","timestamp":"2026-05-06 13:41:44"}
{"level":"debug","message":"GET /api/v1/contact/alltickets?limit=1","service":"iap-service","timestamp":"2026-05-06 13:41:44"}
{"level":"debug","message":"GET /api/v1/admin/giveaway/campaigns?page=1&limit=10","service":"iap-service","timestamp":"2026-05-06 13:41:44"}
{"level":"debug","message":"GET /api/v1/contact/alltickets?limit=1","service":"iap-service","timestamp":"2026-05-06 13:41:44"}
{"level":"debug","message":"GET /api/v1/admin/profile-review/reported?limit=1","service":"iap-service","timestamp":"2026-05-06 13:41:44"}
{"level":"debug","message":"GET /api/v1/admin/account","service":"iap-service","timestamp":"2026-05-06 13:41:44"}
{"level":"debug","message":"GET /api/v1/admin/moderation/pending-verifications?limit=1","service":"iap-service","timestamp":"2026-05-06 13:41:44"}
{"level":"debug","message":"GET /api/v1/admin/dashboard/stats/kpi","service":"iap-service","timestamp":"2026-05-06 13:41:45"}
{"level":"debug","message":"GET /api/v1/admin/users?page=1&limit=10","service":"iap-service","timestamp":"2026-05-06 13:41:45"}
{"level":"debug","message":"GET /api/v1/admin/dashboard/stats/kpi?preset=today","service":"iap-service","timestamp":"2026-05-06 13:41:45"}
{"level":"debug","message":"GET /api/v1/admin/dashboard/stats/kpi","service":"iap-service","timestamp":"2026-05-06 13:41:46"}
{"level":"debug","message":"GET /api/v1/admin/dashboard/stats/kpi?preset=today","service":"iap-service","timestamp":"2026-05-06 13:41:46"}
{"level":"debug","message":"GET /api/v1/admin/users?page=1&limit=10","service":"iap-service","timestamp":"2026-05-06 13:41:46"}
{"level":"debug","message":"GET /api/v1/admin/dashboard/stats/kpi","service":"iap-service","timestamp":"2026-05-06 13:41:46"}
{"level":"debug","message":"GET /api/v1/admin/users?page=1&limit=10","service":"iap-service","timestamp":"2026-05-06 13:41:46"}
{"level":"debug","message":"GET /api/v1/admin/dashboard/stats/kpi","service":"iap-service","timestamp":"2026-05-06 13:41:46"}
{"level":"debug","message":"GET /api/v1/admin/users?page=1&limit=10","service":"iap-service","timestamp":"2026-05-06 13:41:46"}
{"level":"debug","message":"GET /api/v1/admin/giveaway/campaigns?page=1&limit=10","service":"iap-service","timestamp":"2026-05-06 13:43:44"}
{"level":"debug","message":"GET /api/v1/admin/account","service":"iap-service","timestamp":"2026-05-06 13:43:44"}
{"level":"debug","message":"GET /api/v1/admin/profile-review/reported?limit=1","service":"iap-service","timestamp":"2026-05-06 13:43:44"}
{"level":"debug","message":"GET /api/v1/admin/moderation/pending-verifications?limit=1","service":"iap-service","timestamp":"2026-05-06 13:43:44"}
{"level":"debug","message":"GET /api/v1/contact/alltickets?limit=1","service":"iap-service","timestamp":"2026-05-06 13:43:44"}
{"level":"debug","message":"GET /api/v1/admin/giveaway/campaigns?page=1&limit=10","service":"iap-service","timestamp":"2026-05-06 13:43:45"}
{"level":"debug","message":"GET /api/v1/contact/alltickets?limit=1","service":"iap-service","timestamp":"2026-05-06 13:43:45"}
{"level":"debug","message":"GET /api/v1/admin/account","service":"iap-service","timestamp":"2026-05-06 13:43:45"}
{"level":"debug","message":"GET /api/v1/admin/moderation/pending-verifications?limit=1","service":"iap-service","timestamp":"2026-05-06 13:43:45"}
{"level":"debug","message":"GET /api/v1/admin/profile-review/reported?limit=1","service":"iap-service","timestamp":"2026-05-06 13:43:45"}
{"level":"debug","message":"GET /api/v1/admin/dashboard/stats/kpi","service":"iap-service","timestamp":"2026-05-06 13:43:46"}
{"level":"debug","message":"GET /api/v1/admin/users?page=1&limit=10","service":"iap-service","timestamp":"2026-05-06 13:43:46"}
{"level":"debug","message":"GET /api/v1/admin/dashboard/stats/kpi?preset=today","service":"iap-service","timestamp":"2026-05-06 13:43:46"}
{"level":"debug","message":"GET /api/v1/admin/users?page=1&limit=10","service":"iap-service","timestamp":"2026-05-06 13:43:46"}
{"level":"debug","message":"GET /api/v1/admin/dashboard/stats/kpi","service":"iap-service","timestamp":"2026-05-06 13:43:46"}
{"level":"debug","message":"GET /api/v1/admin/dashboard/stats/kpi?preset=today","service":"iap-service","timestamp":"2026-05-06 13:43:46"}
{"level":"debug","message":"GET /api/v1/admin/dashboard/stats/kpi","service":"iap-service","timestamp":"2026-05-06 13:43:47"}
{"level":"debug","message":"GET /api/v1/admin/users?page=1&limit=10","service":"iap-service","timestamp":"2026-05-06 13:43:47"}
{"level":"debug","message":"GET /api/v1/admin/dashboard/stats/kpi","service":"iap-service","timestamp":"2026-05-06 13:43:47"}
{"level":"debug","message":"GET /api/v1/admin/users?page=1&limit=10","service":"iap-service","timestamp":"2026-05-06 13:43:47"}
{"level":"debug","message":"GET /api/v1/admin/users?page=1&limit=10&gender=","service":"iap-service","timestamp":"2026-05-06 13:44:22"}
{"level":"debug","message":"GET /api/v1/admin/users/69f8cf42e4e47ecce9a1a066","service":"iap-service","timestamp":"2026-05-06 13:44:24"}
{"level":"debug","message":"GET /api/v1/admin/users/69f8cf42e4e47ecce9a1a066","service":"iap-service","timestamp":"2026-05-06 13:44:24"}
{"level":"debug","message":"GET /api/v1/admin/dashboard/stats/kpi","service":"iap-service","timestamp":"2026-05-06 13:45:14"}
{"level":"debug","message":"GET /api/v1/admin/giveaway/campaigns?page=1&limit=10","service":"iap-service","timestamp":"2026-05-06 13:45:22"}
{"level":"debug","message":"GET /api/v1/admin/account","service":"iap-service","timestamp":"2026-05-06 13:45:22"}
{"level":"debug","message":"GET /api/v1/admin/profile-review/reported?limit=1","service":"iap-service","timestamp":"2026-05-06 13:45:22"}
{"level":"debug","message":"GET /api/v1/admin/moderation/pending-verifications?limit=1","service":"iap-service","timestamp":"2026-05-06 13:45:22"}
{"level":"debug","message":"GET /api/v1/contact/alltickets?limit=1","service":"iap-service","timestamp":"2026-05-06 13:45:22"}
{"level":"debug","message":"GET /api/v1/admin/giveaway/campaigns?page=1&limit=10","service":"iap-service","timestamp":"2026-05-06 13:45:22"}
{"level":"debug","message":"GET /api/v1/admin/profile-review/reported?limit=1","service":"iap-service","timestamp":"2026-05-06 13:45:22"}
{"level":"debug","message":"GET /api/v1/contact/alltickets?limit=1","service":"iap-service","timestamp":"2026-05-06 13:45:22"}
{"level":"debug","message":"GET /api/v1/admin/account","service":"iap-service","timestamp":"2026-05-06 13:45:22"}
{"level":"debug","message":"GET /api/v1/admin/moderation/pending-verifications?limit=1","service":"iap-service","timestamp":"2026-05-06 13:45:22"}
{"level":"debug","message":"GET /api/v1/admin/users/69f8cf42e4e47ecce9a1a066","service":"iap-service","timestamp":"2026-05-06 13:45:24"}
{"level":"debug","message":"GET /api/v1/admin/users/69f8cf42e4e47ecce9a1a066","service":"iap-service","timestamp":"2026-05-06 13:45:25"}
{"level":"debug","message":"GET /api/v1/admin/giveaway/campaigns?page=1&limit=10","service":"iap-service","timestamp":"2026-05-06 13:45:44"}
{"level":"debug","message":"GET /api/v1/admin/account","service":"iap-service","timestamp":"2026-05-06 13:45:44"}
{"level":"debug","message":"GET /api/v1/admin/profile-review/reported?limit=1","service":"iap-service","timestamp":"2026-05-06 13:45:44"}
{"level":"debug","message":"GET /api/v1/admin/moderation/pending-verifications?limit=1","service":"iap-service","timestamp":"2026-05-06 13:45:44"}
{"level":"debug","message":"GET /api/v1/contact/alltickets?limit=1","service":"iap-service","timestamp":"2026-05-06 13:45:44"}
{"level":"debug","message":"GET /api/v1/admin/giveaway/campaigns?page=1&limit=10","service":"iap-service","timestamp":"2026-05-06 13:45:44"}
{"level":"debug","message":"GET /api/v1/contact/alltickets?limit=1","service":"iap-service","timestamp":"2026-05-06 13:45:44"}
{"level":"debug","message":"GET /api/v1/admin/profile-review/reported?limit=1","service":"iap-service","timestamp":"2026-05-06 13:45:44"}
{"level":"debug","message":"GET /api/v1/admin/account","service":"iap-service","timestamp":"2026-05-06 13:45:44"}
{"level":"debug","message":"GET /api/v1/admin/moderation/pending-verifications?limit=1","service":"iap-service","timestamp":"2026-05-06 13:45:44"}
{"level":"debug","message":"GET /api/v1/admin/dashboard/stats/kpi","service":"iap-service","timestamp":"2026-05-06 13:45:45"}
{"level":"debug","message":"GET /api/v1/admin/users?page=1&limit=10","service":"iap-service","timestamp":"2026-05-06 13:45:45"}
{"level":"debug","message":"GET /api/v1/admin/dashboard/stats/kpi?preset=today","service":"iap-service","timestamp":"2026-05-06 13:45:45"}
{"level":"debug","message":"GET /api/v1/admin/dashboard/stats/kpi","service":"iap-service","timestamp":"2026-05-06 13:45:46"}
{"level":"debug","message":"GET /api/v1/admin/users?page=1&limit=10","service":"iap-service","timestamp":"2026-05-06 13:45:46"}
{"level":"debug","message":"GET /api/v1/admin/dashboard/stats/kpi?preset=today","service":"iap-service","timestamp":"2026-05-06 13:45:46"}
{"level":"debug","message":"GET /api/v1/admin/dashboard/stats/kpi","service":"iap-service","timestamp":"2026-05-06 13:45:46"}
{"level":"debug","message":"GET /api/v1/admin/users?page=1&limit=10","service":"iap-service","timestamp":"2026-05-06 13:45:46"}
{"level":"debug","message":"GET /api/v1/admin/dashboard/stats/kpi","service":"iap-service","timestamp":"2026-05-06 13:45:47"}
{"level":"debug","message":"GET /api/v1/admin/users?page=1&limit=10","service":"iap-service","timestamp":"2026-05-06 13:45:47"}
{"level":"debug","message":"GET /api/v1/admin/users?page=1&limit=10&gender=","service":"iap-service","timestamp":"2026-05-06 13:46:37"}
{"level":"debug","message":"GET /api/v1/admin/users/69f5c1fd3db5a34e8ba7c533","service":"iap-service","timestamp":"2026-05-06 13:46:44"}
{"level":"debug","message":"GET /api/v1/admin/users/69f5c1fd3db5a34e8ba7c533","service":"iap-service","timestamp":"2026-05-06 13:46:45"}
{"level":"debug","message":"GET /api/v1/admin/giveaway/campaigns?page=1&limit=10","service":"iap-service","timestamp":"2026-05-06 13:47:44"}
{"level":"debug","message":"GET /api/v1/admin/account","service":"iap-service","timestamp":"2026-05-06 13:47:44"}
{"level":"debug","message":"GET /api/v1/admin/profile-review/reported?limit=1","service":"iap-service","timestamp":"2026-05-06 13:47:44"}
{"level":"debug","message":"GET /api/v1/admin/moderation/pending-verifications?limit=1","service":"iap-service","timestamp":"2026-05-06 13:47:44"}
{"level":"debug","message":"GET /api/v1/contact/alltickets?limit=1","service":"iap-service","timestamp":"2026-05-06 13:47:44"}
{"level":"debug","message":"GET /api/v1/admin/giveaway/campaigns?page=1&limit=10","service":"iap-service","timestamp":"2026-05-06 13:47:44"}
{"level":"debug","message":"GET /api/v1/contact/alltickets?limit=1","service":"iap-service","timestamp":"2026-05-06 13:47:44"}
{"level":"debug","message":"GET /api/v1/admin/profile-review/reported?limit=1","service":"iap-service","timestamp":"2026-05-06 13:47:44"}
{"level":"debug","message":"GET /api/v1/admin/account","service":"iap-service","timestamp":"2026-05-06 13:47:44"}
{"level":"debug","message":"GET /api/v1/admin/moderation/pending-verifications?limit=1","service":"iap-service","timestamp":"2026-05-06 13:47:44"}
{"level":"debug","message":"GET /api/v1/admin/dashboard/stats/kpi","service":"iap-service","timestamp":"2026-05-06 13:47:46"}
{"level":"debug","message":"GET /api/v1/admin/users?page=1&limit=10","service":"iap-service","timestamp":"2026-05-06 13:47:46"}
{"level":"debug","message":"GET /api/v1/admin/dashboard/stats/kpi?preset=today","service":"iap-service","timestamp":"2026-05-06 13:47:46"}
{"level":"debug","message":"GET /api/v1/admin/dashboard/stats/kpi","service":"iap-service","timestamp":"2026-05-06 13:47:46"}
{"level":"debug","message":"GET /api/v1/admin/dashboard/stats/kpi?preset=today","service":"iap-service","timestamp":"2026-05-06 13:47:46"}
{"level":"debug","message":"GET /api/v1/admin/users?page=1&limit=10","service":"iap-service","timestamp":"2026-05-06 13:47:46"}
{"level":"debug","message":"GET /api/v1/admin/dashboard/stats/kpi","service":"iap-service","timestamp":"2026-05-06 13:47:47"}
{"level":"debug","message":"GET /api/v1/admin/users?page=1&limit=10","service":"iap-service","timestamp":"2026-05-06 13:47:47"}
{"level":"debug","message":"GET /api/v1/admin/dashboard/stats/kpi","service":"iap-service","timestamp":"2026-05-06 13:47:47"}
{"level":"debug","message":"GET /api/v1/admin/users?page=1&limit=10","service":"iap-service","timestamp":"2026-05-06 13:47:47"}
{"level":"debug","message":"GET /api/v1/admin/giveaway/campaigns?page=1&limit=10","service":"iap-service","timestamp":"2026-05-06 13:49:44"}
{"level":"debug","message":"GET /api/v1/admin/account","service":"iap-service","timestamp":"2026-05-06 13:49:44"}
{"level":"debug","message":"GET /api/v1/admin/profile-review/reported?limit=1","service":"iap-service","timestamp":"2026-05-06 13:49:44"}
{"level":"debug","message":"GET /api/v1/admin/moderation/pending-verifications?limit=1","service":"iap-service","timestamp":"2026-05-06 13:49:44"}
{"level":"debug","message":"GET /api/v1/contact/alltickets?limit=1","service":"iap-service","timestamp":"2026-05-06 13:49:44"}
{"level":"debug","message":"GET /api/v1/contact/alltickets?limit=1","service":"iap-service","timestamp":"2026-05-06 13:49:44"}
{"level":"debug","message":"GET /api/v1/admin/profile-review/reported?limit=1","service":"iap-service","timestamp":"2026-05-06 13:49:44"}
{"level":"debug","message":"GET /api/v1/admin/moderation/pending-verifications?limit=1","service":"iap-service","timestamp":"2026-05-06 13:49:44"}
{"level":"debug","message":"GET /api/v1/admin/giveaway/campaigns?page=1&limit=10","service":"iap-service","timestamp":"2026-05-06 13:49:45"}
{"level":"debug","message":"GET /api/v1/admin/account","service":"iap-service","timestamp":"2026-05-06 13:49:45"}
{"level":"debug","message":"GET /api/v1/admin/dashboard/stats/kpi","service":"iap-service","timestamp":"2026-05-06 13:49:46"}
{"level":"debug","message":"GET /api/v1/admin/users?page=1&limit=10","service":"iap-service","timestamp":"2026-05-06 13:49:46"}
{"level":"debug","message":"GET /api/v1/admin/dashboard/stats/kpi?preset=today","service":"iap-service","timestamp":"2026-05-06 13:49:46"}
{"level":"debug","message":"GET /api/v1/admin/users?page=1&limit=10","service":"iap-service","timestamp":"2026-05-06 13:49:46"}
{"level":"debug","message":"GET /api/v1/admin/dashboard/stats/kpi","service":"iap-service","timestamp":"2026-05-06 13:49:46"}
{"level":"debug","message":"GET /api/v1/admin/dashboard/stats/kpi?preset=today","service":"iap-service","timestamp":"2026-05-06 13:49:46"}
{"level":"debug","message":"GET /api/v1/admin/dashboard/stats/kpi","service":"iap-service","timestamp":"2026-05-06 13:49:47"}
{"level":"debug","message":"GET /api/v1/admin/users?page=1&limit=10","service":"iap-service","timestamp":"2026-05-06 13:49:47"}
{"level":"debug","message":"GET /api/v1/admin/dashboard/stats/kpi","service":"iap-service","timestamp":"2026-05-06 13:49:47"}
{"level":"debug","message":"GET /api/v1/admin/users?page=1&limit=10","service":"iap-service","timestamp":"2026-05-06 13:49:47"}
{"level":"debug","message":"GET /api/v1/admin/dashboard/stats/kpi","service":"iap-service","timestamp":"2026-05-06 13:50:40"}
{"level":"debug","message":"GET /api/v1/admin/giveaway/campaigns?page=1&limit=10","service":"iap-service","timestamp":"2026-05-06 13:51:44"}
{"level":"debug","message":"GET /api/v1/admin/account","service":"iap-service","timestamp":"2026-05-06 13:51:44"}
{"level":"debug","message":"GET /api/v1/admin/profile-review/reported?limit=1","service":"iap-service","timestamp":"2026-05-06 13:51:44"}
{"level":"debug","message":"GET /api/v1/admin/moderation/pending-verifications?limit=1","service":"iap-service","timestamp":"2026-05-06 13:51:44"}
{"level":"debug","message":"GET /api/v1/contact/alltickets?limit=1","service":"iap-service","timestamp":"2026-05-06 13:51:44"}
{"level":"debug","message":"GET /api/v1/admin/giveaway/campaigns?page=1&limit=10","service":"iap-service","timestamp":"2026-05-06 13:51:44"}
{"level":"debug","message":"GET /api/v1/contact/alltickets?limit=1","service":"iap-service","timestamp":"2026-05-06 13:51:44"}
{"level":"debug","message":"GET /api/v1/admin/profile-review/reported?limit=1","service":"iap-service","timestamp":"2026-05-06 13:51:44"}
{"level":"debug","message":"GET /api/v1/admin/moderation/pending-verifications?limit=1","service":"iap-service","timestamp":"2026-05-06 13:51:44"}
{"level":"debug","message":"GET /api/v1/admin/account","service":"iap-service","timestamp":"2026-05-06 13:51:44"}
{"level":"debug","message":"GET /api/v1/admin/dashboard/stats/kpi","service":"iap-service","timestamp":"2026-05-06 13:51:46"}
{"level":"debug","message":"GET /api/v1/admin/users?page=1&limit=10","service":"iap-service","timestamp":"2026-05-06 13:51:46"}
{"level":"debug","message":"GET /api/v1/admin/dashboard/stats/kpi?preset=today","service":"iap-service","timestamp":"2026-05-06 13:51:46"}
{"level":"debug","message":"GET /api/v1/admin/dashboard/stats/kpi","service":"iap-service","timestamp":"2026-05-06 13:51:47"}
{"level":"debug","message":"GET /api/v1/admin/users?page=1&limit=10","service":"iap-service","timestamp":"2026-05-06 13:51:47"}
{"level":"debug","message":"GET /api/v1/admin/dashboard/stats/kpi?preset=today","service":"iap-service","timestamp":"2026-05-06 13:51:47"}
{"level":"debug","message":"GET /api/v1/admin/dashboard/stats/kpi","service":"iap-service","timestamp":"2026-05-06 13:51:47"}
{"level":"debug","message":"GET /api/v1/admin/users?page=1&limit=10","service":"iap-service","timestamp":"2026-05-06 13:51:47"}
{"level":"debug","message":"GET /api/v1/admin/dashboard/stats/kpi","service":"iap-service","timestamp":"2026-05-06 13:51:48"}
{"level":"debug","message":"GET /api/v1/admin/users?page=1&limit=10","service":"iap-service","timestamp":"2026-05-06 13:51:48"}
{"level":"debug","message":"GET /api/v1/admin/giveaway/campaigns?page=1&limit=10","service":"iap-service","timestamp":"2026-05-06 13:53:44"}
{"level":"debug","message":"GET /api/v1/admin/account","service":"iap-service","timestamp":"2026-05-06 13:53:44"}
{"level":"debug","message":"GET /api/v1/admin/profile-review/reported?limit=1","service":"iap-service","timestamp":"2026-05-06 13:53:44"}
{"level":"debug","message":"GET /api/v1/admin/moderation/pending-verifications?limit=1","service":"iap-service","timestamp":"2026-05-06 13:53:44"}
{"level":"debug","message":"GET /api/v1/contact/alltickets?limit=1","service":"iap-service","timestamp":"2026-05-06 13:53:44"}
{"level":"debug","message":"GET /api/v1/admin/giveaway/campaigns?page=1&limit=10","service":"iap-service","timestamp":"2026-05-06 13:53:44"}
{"level":"debug","message":"GET /api/v1/contact/alltickets?limit=1","service":"iap-service","timestamp":"2026-05-06 13:53:44"}
{"level":"debug","message":"GET /api/v1/admin/account","service":"iap-service","timestamp":"2026-05-06 13:53:44"}
{"level":"debug","message":"GET /api/v1/admin/profile-review/reported?limit=1","service":"iap-service","timestamp":"2026-05-06 13:53:44"}
{"level":"debug","message":"GET /api/v1/admin/moderation/pending-verifications?limit=1","service":"iap-service","timestamp":"2026-05-06 13:53:44"}
{"level":"debug","message":"GET /api/v1/admin/dashboard/stats/kpi","service":"iap-service","timestamp":"2026-05-06 13:53:45"}
{"level":"debug","message":"GET /api/v1/admin/users?page=1&limit=10","service":"iap-service","timestamp":"2026-05-06 13:53:45"}
{"level":"debug","message":"GET /api/v1/admin/dashboard/stats/kpi?preset=today","service":"iap-service","timestamp":"2026-05-06 13:53:45"}
{"level":"debug","message":"GET /api/v1/admin/users?page=1&limit=10","service":"iap-service","timestamp":"2026-05-06 13:53:45"}
{"level":"debug","message":"GET /api/v1/admin/dashboard/stats/kpi?preset=today","service":"iap-service","timestamp":"2026-05-06 13:53:46"}
{"level":"debug","message":"GET /api/v1/admin/users?page=1&limit=10","service":"iap-service","timestamp":"2026-05-06 13:53:46"}
{"level":"debug","message":"GET /api/v1/admin/dashboard/stats/kpi","service":"iap-service","timestamp":"2026-05-06 13:53:46"}
{"level":"debug","message":"GET /api/v1/admin/dashboard/stats/kpi","service":"iap-service","timestamp":"2026-05-06 13:53:47"}
{"level":"debug","message":"GET /api/v1/admin/dashboard/stats/kpi","service":"iap-service","timestamp":"2026-05-06 13:53:48"}
{"level":"debug","message":"GET /api/v1/admin/users?page=1&limit=10","service":"iap-service","timestamp":"2026-05-06 13:53:48"}
{"level":"debug","message":"GET /api/v1/admin/dashboard/stats/kpi","service":"iap-service","timestamp":"2026-05-06 13:55:40"}
{"level":"debug","message":"GET /api/v1/admin/giveaway/campaigns?page=1&limit=10","service":"iap-service","timestamp":"2026-05-06 13:55:44"}
{"level":"debug","message":"GET /api/v1/admin/account","service":"iap-service","timestamp":"2026-05-06 13:55:44"}
{"level":"debug","message":"GET /api/v1/admin/profile-review/reported?limit=1","service":"iap-service","timestamp":"2026-05-06 13:55:44"}
{"level":"debug","message":"GET /api/v1/admin/moderation/pending-verifications?limit=1","service":"iap-service","timestamp":"2026-05-06 13:55:44"}
{"level":"debug","message":"GET /api/v1/contact/alltickets?limit=1","service":"iap-service","timestamp":"2026-05-06 13:55:44"}
{"level":"debug","message":"GET /api/v1/contact/alltickets?limit=1","service":"iap-service","timestamp":"2026-05-06 13:55:44"}
{"level":"debug","message":"GET /api/v1/admin/account","service":"iap-service","timestamp":"2026-05-06 13:55:44"}
{"level":"debug","message":"GET /api/v1/admin/profile-review/reported?limit=1","service":"iap-service","timestamp":"2026-05-06 13:55:44"}
{"level":"debug","message":"GET /api/v1/admin/moderation/pending-verifications?limit=1","service":"iap-service","timestamp":"2026-05-06 13:55:44"}
{"level":"debug","message":"GET /api/v1/admin/giveaway/campaigns?page=1&limit=10","service":"iap-service","timestamp":"2026-05-06 13:55:45"}
{"level":"debug","message":"GET /api/v1/admin/dashboard/stats/kpi","service":"iap-service","timestamp":"2026-05-06 13:55:45"}
{"level":"debug","message":"GET /api/v1/admin/users?page=1&limit=10","service":"iap-service","timestamp":"2026-05-06 13:55:45"}
{"level":"debug","message":"GET /api/v1/admin/dashboard/stats/kpi?preset=today","service":"iap-service","timestamp":"2026-05-06 13:55:45"}
{"level":"debug","message":"GET /api/v1/admin/users?page=1&limit=10","service":"iap-service","timestamp":"2026-05-06 13:55:45"}
{"level":"debug","message":"GET /api/v1/admin/dashboard/stats/kpi?preset=today","service":"iap-service","timestamp":"2026-05-06 13:55:46"}
{"level":"debug","message":"GET /api/v1/admin/dashboard/stats/kpi","service":"iap-service","timestamp":"2026-05-06 13:55:46"}
{"level":"debug","message":"GET /api/v1/admin/users?page=1&limit=10","service":"iap-service","timestamp":"2026-05-06 13:55:46"}
{"level":"debug","message":"GET /api/v1/admin/users?page=1&limit=10","service":"iap-service","timestamp":"2026-05-06 13:55:46"}
{"level":"debug","message":"GET /api/v1/admin/dashboard/stats/kpi","service":"iap-service","timestamp":"2026-05-06 13:55:47"}
{"level":"debug","message":"GET /api/v1/admin/dashboard/stats/kpi","service":"iap-service","timestamp":"2026-05-06 13:55:47"}
{"level":"debug","message":"GET /api/v1/admin/giveaway/campaigns?page=1&limit=10","service":"iap-service","timestamp":"2026-05-06 13:57:49"}
{"level":"debug","message":"GET /api/v1/admin/account","service":"iap-service","timestamp":"2026-05-06 13:57:49"}
{"level":"debug","message":"GET /api/v1/admin/profile-review/reported?limit=1","service":"iap-service","timestamp":"2026-05-06 13:57:49"}
{"level":"debug","message":"GET /api/v1/admin/moderation/pending-verifications?limit=1","service":"iap-service","timestamp":"2026-05-06 13:57:49"}
{"level":"debug","message":"GET /api/v1/contact/alltickets?limit=1","service":"iap-service","timestamp":"2026-05-06 13:57:49"}
{"level":"debug","message":"GET /api/v1/contact/alltickets?limit=1","service":"iap-service","timestamp":"2026-05-06 13:57:49"}
{"level":"debug","message":"GET /api/v1/admin/moderation/pending-verifications?limit=1","service":"iap-service","timestamp":"2026-05-06 13:57:49"}
{"level":"debug","message":"GET /api/v1/admin/profile-review/reported?limit=1","service":"iap-service","timestamp":"2026-05-06 13:57:49"}
{"level":"debug","message":"GET /api/v1/admin/account","service":"iap-service","timestamp":"2026-05-06 13:57:49"}
{"level":"debug","message":"GET /api/v1/admin/giveaway/campaigns?page=1&limit=10","service":"iap-service","timestamp":"2026-05-06 13:57:50"}
{"level":"debug","message":"GET /api/v1/admin/dashboard/stats/kpi","service":"iap-service","timestamp":"2026-05-06 13:57:51"}
{"level":"debug","message":"GET /api/v1/admin/users?page=1&limit=10","service":"iap-service","timestamp":"2026-05-06 13:57:51"}
{"level":"debug","message":"GET /api/v1/admin/dashboard/stats/kpi?preset=today","service":"iap-service","timestamp":"2026-05-06 13:57:51"}
{"level":"debug","message":"GET /api/v1/admin/dashboard/stats/kpi?preset=today","service":"iap-service","timestamp":"2026-05-06 13:57:51"}
{"level":"debug","message":"GET /api/v1/admin/dashboard/stats/kpi","service":"iap-service","timestamp":"2026-05-06 13:57:51"}
{"level":"debug","message":"GET /api/v1/admin/users?page=1&limit=10","service":"iap-service","timestamp":"2026-05-06 13:57:52"}
{"level":"debug","message":"GET /api/v1/admin/users?page=1&limit=10","service":"iap-service","timestamp":"2026-05-06 13:57:52"}
{"level":"debug","message":"GET /api/v1/admin/dashboard/stats/kpi","service":"iap-service","timestamp":"2026-05-06 13:57:52"}
{"level":"debug","message":"GET /api/v1/admin/users?page=1&limit=10","service":"iap-service","timestamp":"2026-05-06 13:57:53"}
{"level":"debug","message":"GET /api/v1/admin/dashboard/stats/kpi","service":"iap-service","timestamp":"2026-05-06 13:57:53"}
{"level":"debug","message":"GET /api/v1/admin/giveaway/campaigns?page=1&limit=10","service":"iap-service","timestamp":"2026-05-06 13:59:44"}
{"level":"debug","message":"GET /api/v1/admin/account","service":"iap-service","timestamp":"2026-05-06 13:59:44"}
{"level":"debug","message":"GET /api/v1/admin/profile-review/reported?limit=1","service":"iap-service","timestamp":"2026-05-06 13:59:44"}
{"level":"debug","message":"GET /api/v1/admin/moderation/pending-verifications?limit=1","service":"iap-service","timestamp":"2026-05-06 13:59:44"}
{"level":"debug","message":"GET /api/v1/contact/alltickets?limit=1","service":"iap-service","timestamp":"2026-05-06 13:59:44"}
{"level":"debug","message":"GET /api/v1/contact/alltickets?limit=1","service":"iap-service","timestamp":"2026-05-06 13:59:45"}
{"level":"debug","message":"GET /api/v1/admin/profile-review/reported?limit=1","service":"iap-service","timestamp":"2026-05-06 13:59:45"}
{"level":"debug","message":"GET /api/v1/admin/account","service":"iap-service","timestamp":"2026-05-06 13:59:45"}
{"level":"debug","message":"GET /api/v1/admin/moderation/pending-verifications?limit=1","service":"iap-service","timestamp":"2026-05-06 13:59:45"}
{"level":"debug","message":"GET /api/v1/admin/dashboard/stats/kpi","service":"iap-service","timestamp":"2026-05-06 13:59:46"}
{"level":"debug","message":"GET /api/v1/admin/users?page=1&limit=10","service":"iap-service","timestamp":"2026-05-06 13:59:46"}
{"level":"debug","message":"GET /api/v1/admin/dashboard/stats/kpi?preset=today","service":"iap-service","timestamp":"2026-05-06 13:59:46"}
{"level":"debug","message":"GET /api/v1/admin/dashboard/stats/kpi?preset=today","service":"iap-service","timestamp":"2026-05-06 13:59:46"}
{"level":"debug","message":"GET /api/v1/admin/users?page=1&limit=10","service":"iap-service","timestamp":"2026-05-06 13:59:46"}
{"level":"debug","message":"GET /api/v1/admin/giveaway/campaigns?page=1&limit=10","service":"iap-service","timestamp":"2026-05-06 13:59:46"}
{"level":"debug","message":"GET /api/v1/admin/dashboard/stats/kpi","service":"iap-service","timestamp":"2026-05-06 13:59:46"}
{"level":"debug","message":"GET /api/v1/admin/users?page=1&limit=10","service":"iap-service","timestamp":"2026-05-06 13:59:46"}
{"level":"debug","message":"GET /api/v1/admin/users?page=1&limit=10","service":"iap-service","timestamp":"2026-05-06 13:59:46"}
{"level":"debug","message":"GET /api/v1/admin/dashboard/stats/kpi","service":"iap-service","timestamp":"2026-05-06 13:59:47"}
{"level":"debug","message":"GET /api/v1/admin/dashboard/stats/kpi","service":"iap-service","timestamp":"2026-05-06 13:59:48"}
{"level":"debug","message":"GET /api/v1/admin/dashboard/stats/kpi","service":"iap-service","timestamp":"2026-05-06 14:00:40"}
{"level":"debug","message":"GET /api/v1/admin/giveaway/campaigns?page=1&limit=10","service":"iap-service","timestamp":"2026-05-06 14:01:44"}
{"level":"debug","message":"GET /api/v1/admin/account","service":"iap-service","timestamp":"2026-05-06 14:01:44"}
{"level":"debug","message":"GET /api/v1/admin/profile-review/reported?limit=1","service":"iap-service","timestamp":"2026-05-06 14:01:44"}
{"level":"debug","message":"GET /api/v1/admin/moderation/pending-verifications?limit=1","service":"iap-service","timestamp":"2026-05-06 14:01:44"}
{"level":"debug","message":"GET /api/v1/contact/alltickets?limit=1","service":"iap-service","timestamp":"2026-05-06 14:01:44"}
{"level":"debug","message":"GET /api/v1/contact/alltickets?limit=1","service":"iap-service","timestamp":"2026-05-06 14:01:44"}
{"level":"debug","message":"GET /api/v1/admin/account","service":"iap-service","timestamp":"2026-05-06 14:01:44"}
{"level":"debug","message":"GET /api/v1/admin/profile-review/reported?limit=1","service":"iap-service","timestamp":"2026-05-06 14:01:44"}
{"level":"debug","message":"GET /api/v1/admin/moderation/pending-verifications?limit=1","service":"iap-service","timestamp":"2026-05-06 14:01:44"}
{"level":"debug","message":"GET /api/v1/admin/giveaway/campaigns?page=1&limit=10","service":"iap-service","timestamp":"2026-05-06 14:01:45"}
{"level":"debug","message":"GET /api/v1/admin/dashboard/stats/kpi","service":"iap-service","timestamp":"2026-05-06 14:01:46"}
{"level":"debug","message":"GET /api/v1/admin/users?page=1&limit=10","service":"iap-service","timestamp":"2026-05-06 14:01:46"}
{"level":"debug","message":"GET /api/v1/admin/dashboard/stats/kpi?preset=today","service":"iap-service","timestamp":"2026-05-06 14:01:46"}
{"level":"debug","message":"GET /api/v1/admin/dashboard/stats/kpi?preset=today","service":"iap-service","timestamp":"2026-05-06 14:01:46"}
{"level":"debug","message":"GET /api/v1/admin/dashboard/stats/kpi","service":"iap-service","timestamp":"2026-05-06 14:01:47"}
{"level":"debug","message":"GET /api/v1/admin/users?page=1&limit=10","service":"iap-service","timestamp":"2026-05-06 14:01:48"}
{"level":"debug","message":"GET /api/v1/admin/dashboard/stats/kpi","service":"iap-service","timestamp":"2026-05-06 14:01:48"}
{"level":"debug","message":"GET /api/v1/admin/dashboard/stats/kpi","service":"iap-service","timestamp":"2026-05-06 14:01:49"}
{"level":"debug","message":"GET /api/v1/admin/users?page=1&limit=10","service":"iap-service","timestamp":"2026-05-06 14:01:49"}
{"level":"debug","message":"GET /api/v1/admin/users?page=1&limit=10","service":"iap-service","timestamp":"2026-05-06 14:01:51"}
{"level":"debug","message":"GET /api/v1/admin/giveaway/campaigns?page=1&limit=10","service":"iap-service","timestamp":"2026-05-06 14:03:44"}
{"level":"debug","message":"GET /api/v1/admin/account","service":"iap-service","timestamp":"2026-05-06 14:03:44"}
{"level":"debug","message":"GET /api/v1/admin/profile-review/reported?limit=1","service":"iap-service","timestamp":"2026-05-06 14:03:44"}
{"level":"debug","message":"GET /api/v1/admin/moderation/pending-verifications?limit=1","service":"iap-service","timestamp":"2026-05-06 14:03:44"}
{"level":"debug","message":"GET /api/v1/contact/alltickets?limit=1","service":"iap-service","timestamp":"2026-05-06 14:03:44"}
{"level":"debug","message":"GET /api/v1/admin/dashboard/stats/kpi","service":"iap-service","timestamp":"2026-05-06 14:03:45"}
{"level":"debug","message":"GET /api/v1/admin/users?page=1&limit=10","service":"iap-service","timestamp":"2026-05-06 14:03:45"}
{"level":"debug","message":"GET /api/v1/admin/dashboard/stats/kpi?preset=today","service":"iap-service","timestamp":"2026-05-06 14:03:45"}
{"level":"debug","message":"GET /api/v1/contact/alltickets?limit=1","service":"iap-service","timestamp":"2026-05-06 14:03:45"}
{"level":"debug","message":"GET /api/v1/admin/dashboard/stats/kpi","service":"iap-service","timestamp":"2026-05-06 14:03:45"}
{"level":"debug","message":"GET /api/v1/admin/account","service":"iap-service","timestamp":"2026-05-06 14:03:46"}
{"level":"debug","message":"GET /api/v1/admin/moderation/pending-verifications?limit=1","service":"iap-service","timestamp":"2026-05-06 14:03:46"}
{"level":"debug","message":"GET /api/v1/admin/profile-review/reported?limit=1","service":"iap-service","timestamp":"2026-05-06 14:03:46"}
{"level":"debug","message":"GET /api/v1/admin/users?page=1&limit=10","service":"iap-service","timestamp":"2026-05-06 14:03:46"}
{"level":"debug","message":"GET /api/v1/admin/dashboard/stats/kpi?preset=today","service":"iap-service","timestamp":"2026-05-06 14:03:46"}
{"level":"debug","message":"GET /api/v1/admin/dashboard/stats/kpi","service":"iap-service","timestamp":"2026-05-06 14:03:46"}
{"level":"debug","message":"GET /api/v1/admin/users?page=1&limit=10","service":"iap-service","timestamp":"2026-05-06 14:03:46"}
{"level":"debug","message":"GET /api/v1/admin/users?page=1&limit=10","service":"iap-service","timestamp":"2026-05-06 14:03:46"}
{"level":"debug","message":"GET /api/v1/admin/giveaway/campaigns?page=1&limit=10","service":"iap-service","timestamp":"2026-05-06 14:03:46"}
{"level":"debug","message":"GET /api/v1/admin/dashboard/stats/kpi","service":"iap-service","timestamp":"2026-05-06 14:03:46"}
{"level":"debug","message":"GET /api/v1/admin/dashboard/stats/kpi","service":"iap-service","timestamp":"2026-05-06 14:05:40"}
{"level":"debug","message":"GET /api/v1/admin/giveaway/campaigns?page=1&limit=10","service":"iap-service","timestamp":"2026-05-06 14:05:44"}
{"level":"debug","message":"GET /api/v1/admin/account","service":"iap-service","timestamp":"2026-05-06 14:05:44"}
{"level":"debug","message":"GET /api/v1/admin/profile-review/reported?limit=1","service":"iap-service","timestamp":"2026-05-06 14:05:44"}
{"level":"debug","message":"GET /api/v1/admin/moderation/pending-verifications?limit=1","service":"iap-service","timestamp":"2026-05-06 14:05:44"}
{"level":"debug","message":"GET /api/v1/contact/alltickets?limit=1","service":"iap-service","timestamp":"2026-05-06 14:05:44"}
{"level":"debug","message":"GET /api/v1/contact/alltickets?limit=1","service":"iap-service","timestamp":"2026-05-06 14:05:45"}
{"level":"debug","message":"GET /api/v1/admin/dashboard/stats/kpi","service":"iap-service","timestamp":"2026-05-06 14:05:45"}
{"level":"debug","message":"GET /api/v1/admin/users?page=1&limit=10","service":"iap-service","timestamp":"2026-05-06 14:05:45"}
{"level":"debug","message":"GET /api/v1/admin/dashboard/stats/kpi?preset=today","service":"iap-service","timestamp":"2026-05-06 14:05:46"}
{"level":"debug","message":"GET /api/v1/admin/profile-review/reported?limit=1","service":"iap-service","timestamp":"2026-05-06 14:05:46"}
{"level":"debug","message":"GET /api/v1/admin/dashboard/stats/kpi","service":"iap-service","timestamp":"2026-05-06 14:05:46"}
{"level":"debug","message":"GET /api/v1/admin/users?page=1&limit=10","service":"iap-service","timestamp":"2026-05-06 14:05:46"}
{"level":"debug","message":"GET /api/v1/admin/moderation/pending-verifications?limit=1","service":"iap-service","timestamp":"2026-05-06 14:05:46"}
{"level":"debug","message":"GET /api/v1/admin/account","service":"iap-service","timestamp":"2026-05-06 14:05:46"}
{"level":"debug","message":"GET /api/v1/admin/dashboard/stats/kpi?preset=today","service":"iap-service","timestamp":"2026-05-06 14:05:46"}
{"level":"debug","message":"GET /api/v1/admin/users?page=1&limit=10","service":"iap-service","timestamp":"2026-05-06 14:05:47"}
{"level":"debug","message":"GET /api/v1/admin/dashboard/stats/kpi","service":"iap-service","timestamp":"2026-05-06 14:05:47"}
{"level":"debug","message":"GET /api/v1/admin/giveaway/campaigns?page=1&limit=10","service":"iap-service","timestamp":"2026-05-06 14:05:48"}
{"level":"debug","message":"GET /api/v1/admin/users?page=1&limit=10","service":"iap-service","timestamp":"2026-05-06 14:05:48"}
{"level":"debug","message":"GET /api/v1/admin/dashboard/stats/kpi","service":"iap-service","timestamp":"2026-05-06 14:05:48"}
{"level":"debug","message":"GET /api/v1/admin/giveaway/campaigns?page=1&limit=10","service":"iap-service","timestamp":"2026-05-06 14:07:44"}
{"level":"debug","message":"GET /api/v1/admin/profile-review/reported?limit=1","service":"iap-service","timestamp":"2026-05-06 14:07:44"}
{"level":"debug","message":"GET /api/v1/admin/account","service":"iap-service","timestamp":"2026-05-06 14:07:44"}
{"level":"debug","message":"GET /api/v1/admin/moderation/pending-verifications?limit=1","service":"iap-service","timestamp":"2026-05-06 14:07:44"}
{"level":"debug","message":"GET /api/v1/contact/alltickets?limit=1","service":"iap-service","timestamp":"2026-05-06 14:07:44"}
{"level":"debug","message":"GET /api/v1/admin/moderation/pending-verifications?limit=1","service":"iap-service","timestamp":"2026-05-06 14:07:44"}
{"level":"debug","message":"GET /api/v1/admin/account","service":"iap-service","timestamp":"2026-05-06 14:07:45"}
{"level":"debug","message":"GET /api/v1/contact/alltickets?limit=1","service":"iap-service","timestamp":"2026-05-06 14:07:45"}
{"level":"debug","message":"GET /api/v1/admin/dashboard/stats/kpi","service":"iap-service","timestamp":"2026-05-06 14:07:45"}
{"level":"debug","message":"GET /api/v1/admin/users?page=1&limit=10","service":"iap-service","timestamp":"2026-05-06 14:07:45"}
{"level":"debug","message":"GET /api/v1/admin/dashboard/stats/kpi?preset=today","service":"iap-service","timestamp":"2026-05-06 14:07:45"}
{"level":"debug","message":"GET /api/v1/admin/users?page=1&limit=10","service":"iap-service","timestamp":"2026-05-06 14:07:45"}
{"level":"debug","message":"GET /api/v1/admin/profile-review/reported?limit=1","service":"iap-service","timestamp":"2026-05-06 14:07:46"}
{"level":"debug","message":"GET /api/v1/admin/dashboard/stats/kpi?preset=today","service":"iap-service","timestamp":"2026-05-06 14:07:46"}
{"level":"debug","message":"GET /api/v1/admin/giveaway/campaigns?page=1&limit=10","service":"iap-service","timestamp":"2026-05-06 14:07:46"}
{"level":"debug","message":"GET /api/v1/admin/users?page=1&limit=10","service":"iap-service","timestamp":"2026-05-06 14:07:46"}
{"level":"debug","message":"GET /api/v1/admin/dashboard/stats/kpi","service":"iap-service","timestamp":"2026-05-06 14:07:46"}
{"level":"debug","message":"GET /api/v1/admin/dashboard/stats/kpi","service":"iap-service","timestamp":"2026-05-06 14:07:46"}
{"level":"debug","message":"GET /api/v1/admin/dashboard/stats/kpi","service":"iap-service","timestamp":"2026-05-06 14:07:47"}
{"level":"debug","message":"GET /api/v1/admin/users?page=1&limit=10","service":"iap-service","timestamp":"2026-05-06 14:07:47"}
{"level":"debug","message":"GET /api/v1/admin/giveaway/campaigns?page=1&limit=10","service":"iap-service","timestamp":"2026-05-06 14:09:44"}
{"level":"debug","message":"GET /api/v1/admin/account","service":"iap-service","timestamp":"2026-05-06 14:09:44"}
{"level":"debug","message":"GET /api/v1/admin/profile-review/reported?limit=1","service":"iap-service","timestamp":"2026-05-06 14:09:44"}
{"level":"debug","message":"GET /api/v1/admin/moderation/pending-verifications?limit=1","service":"iap-service","timestamp":"2026-05-06 14:09:44"}
{"level":"debug","message":"GET /api/v1/contact/alltickets?limit=1","service":"iap-service","timestamp":"2026-05-06 14:09:44"}
{"level":"debug","message":"GET /api/v1/contact/alltickets?limit=1","service":"iap-service","timestamp":"2026-05-06 14:09:44"}
{"level":"debug","message":"GET /api/v1/admin/moderation/pending-verifications?limit=1","service":"iap-service","timestamp":"2026-05-06 14:09:45"}
{"level":"debug","message":"GET /api/v1/admin/dashboard/stats/kpi","service":"iap-service","timestamp":"2026-05-06 14:09:45"}
{"level":"debug","message":"GET /api/v1/admin/users?page=1&limit=10","service":"iap-service","timestamp":"2026-05-06 14:09:45"}
{"level":"debug","message":"GET /api/v1/admin/dashboard/stats/kpi?preset=today","service":"iap-service","timestamp":"2026-05-06 14:09:45"}
{"level":"debug","message":"GET /api/v1/admin/giveaway/campaigns?page=1&limit=10","service":"iap-service","timestamp":"2026-05-06 14:09:45"}
{"level":"debug","message":"GET /api/v1/admin/dashboard/stats/kpi","service":"iap-service","timestamp":"2026-05-06 14:09:45"}
{"level":"debug","message":"GET /api/v1/admin/account","service":"iap-service","timestamp":"2026-05-06 14:09:46"}
{"level":"debug","message":"GET /api/v1/admin/dashboard/stats/kpi","service":"iap-service","timestamp":"2026-05-06 14:09:46"}
{"level":"debug","message":"GET /api/v1/admin/dashboard/stats/kpi?preset=today","service":"iap-service","timestamp":"2026-05-06 14:09:46"}
{"level":"debug","message":"GET /api/v1/admin/dashboard/stats/kpi","service":"iap-service","timestamp":"2026-05-06 14:09:46"}
{"level":"debug","message":"GET /api/v1/admin/profile-review/reported?limit=1","service":"iap-service","timestamp":"2026-05-06 14:09:46"}
{"level":"debug","message":"GET /api/v1/admin/users?page=1&limit=10","service":"iap-service","timestamp":"2026-05-06 14:09:47"}
{"level":"debug","message":"GET /api/v1/admin/users?page=1&limit=10","service":"iap-service","timestamp":"2026-05-06 14:09:48"}
{"level":"debug","message":"GET /api/v1/admin/users?page=1&limit=10","service":"iap-service","timestamp":"2026-05-06 14:09:49"}
{"level":"debug","message":"GET /api/v1/admin/dashboard/stats/kpi","service":"iap-service","timestamp":"2026-05-06 14:10:14"}
{"level":"debug","message":"GET /api/v1/admin/profile-review/reported?page=1&limit=10","service":"iap-service","timestamp":"2026-05-06 14:11:06"}
{"level":"debug","message":"GET /api/v1/admin/giveaway/campaigns?page=1&limit=10","service":"iap-service","timestamp":"2026-05-06 14:11:13"}
{"level":"debug","message":"GET /api/v1/admin/account","service":"iap-service","timestamp":"2026-05-06 14:11:13"}
{"level":"debug","message":"GET /api/v1/admin/profile-review/reported?limit=1","service":"iap-service","timestamp":"2026-05-06 14:11:13"}
{"level":"debug","message":"GET /api/v1/admin/moderation/pending-verifications?limit=1","service":"iap-service","timestamp":"2026-05-06 14:11:13"}
{"level":"debug","message":"GET /api/v1/contact/alltickets?limit=1","service":"iap-service","timestamp":"2026-05-06 14:11:13"}
{"level":"debug","message":"GET /api/v1/admin/moderation/pending-verifications?limit=1","service":"iap-service","timestamp":"2026-05-06 14:11:13"}
{"level":"debug","message":"GET /api/v1/contact/alltickets?limit=1","service":"iap-service","timestamp":"2026-05-06 14:11:13"}
{"level":"debug","message":"GET /api/v1/admin/profile-review/reported?page=1&limit=10","service":"iap-service","timestamp":"2026-05-06 14:11:13"}
{"level":"debug","message":"GET /api/v1/admin/giveaway/campaigns?page=1&limit=10","service":"iap-service","timestamp":"2026-05-06 14:11:14"}
{"level":"debug","message":"GET /api/v1/admin/account","service":"iap-service","timestamp":"2026-05-06 14:11:14"}
{"level":"debug","message":"GET /api/v1/admin/profile-review/reported?limit=1","service":"iap-service","timestamp":"2026-05-06 14:11:16"}
{"level":"debug","message":"GET /api/v1/admin/giveaway/campaigns?page=1&limit=10","service":"iap-service","timestamp":"2026-05-06 14:11:20"}
{"level":"debug","message":"GET /api/v1/admin/account","service":"iap-service","timestamp":"2026-05-06 14:11:20"}
{"level":"debug","message":"GET /api/v1/admin/profile-review/reported?limit=1","service":"iap-service","timestamp":"2026-05-06 14:11:20"}
{"level":"debug","message":"GET /api/v1/admin/moderation/pending-verifications?limit=1","service":"iap-service","timestamp":"2026-05-06 14:11:20"}
{"level":"debug","message":"GET /api/v1/contact/alltickets?limit=1","service":"iap-service","timestamp":"2026-05-06 14:11:20"}
{"level":"debug","message":"GET /api/v1/contact/alltickets?limit=1","service":"iap-service","timestamp":"2026-05-06 14:11:21"}
{"level":"debug","message":"GET /api/v1/admin/moderation/pending-verifications?limit=1","service":"iap-service","timestamp":"2026-05-06 14:11:21"}
{"level":"debug","message":"GET /api/v1/admin/profile-review/reported?page=1&limit=10","service":"iap-service","timestamp":"2026-05-06 14:11:21"}
{"level":"debug","message":"GET /api/v1/admin/giveaway/campaigns?page=1&limit=10","service":"iap-service","timestamp":"2026-05-06 14:11:22"}
{"level":"debug","message":"GET /api/v1/admin/account","service":"iap-service","timestamp":"2026-05-06 14:11:22"}
{"level":"debug","message":"GET /api/v1/admin/profile-review/reported?limit=1","service":"iap-service","timestamp":"2026-05-06 14:11:26"}
{"level":"debug","message":"GET /api/v1/admin/profile-review/reported?page=2&limit=10","service":"iap-service","timestamp":"2026-05-06 14:11:31"}
{"level":"debug","message":"GET /api/v1/admin/profile-review/reported?page=1&limit=10","service":"iap-service","timestamp":"2026-05-06 14:11:39"}
{"level":"debug","message":"GET /api/v1/admin/giveaway/campaigns?page=1&limit=10","service":"iap-service","timestamp":"2026-05-06 14:11:42"}
{"level":"debug","message":"GET /api/v1/admin/account","service":"iap-service","timestamp":"2026-05-06 14:11:42"}
{"level":"debug","message":"GET /api/v1/admin/profile-review/reported?limit=1","service":"iap-service","timestamp":"2026-05-06 14:11:42"}
{"level":"debug","message":"GET /api/v1/admin/moderation/pending-verifications?limit=1","service":"iap-service","timestamp":"2026-05-06 14:11:42"}
{"level":"debug","message":"GET /api/v1/contact/alltickets?limit=1","service":"iap-service","timestamp":"2026-05-06 14:11:42"}
{"level":"debug","message":"GET /api/v1/admin/moderation/pending-verifications?limit=1","service":"iap-service","timestamp":"2026-05-06 14:11:42"}
{"level":"debug","message":"GET /api/v1/contact/alltickets?limit=1","service":"iap-service","timestamp":"2026-05-06 14:11:42"}
{"level":"debug","message":"GET /api/v1/admin/dashboard/stats/kpi","service":"iap-service","timestamp":"2026-05-06 14:11:42"}
{"level":"debug","message":"GET /api/v1/admin/users?page=1&limit=10","service":"iap-service","timestamp":"2026-05-06 14:11:42"}
{"level":"debug","message":"GET /api/v1/admin/dashboard/stats/kpi?preset=today","service":"iap-service","timestamp":"2026-05-06 14:11:42"}
{"level":"debug","message":"GET /api/v1/admin/dashboard/stats/kpi","service":"iap-service","timestamp":"2026-05-06 14:11:43"}
{"level":"debug","message":"GET /api/v1/admin/users?page=1&limit=10","service":"iap-service","timestamp":"2026-05-06 14:11:43"}
{"level":"debug","message":"GET /api/v1/admin/dashboard/stats/kpi?preset=today","service":"iap-service","timestamp":"2026-05-06 14:11:43"}
{"level":"debug","message":"GET /api/v1/admin/dashboard/stats/kpi","service":"iap-service","timestamp":"2026-05-06 14:11:43"}
{"level":"debug","message":"GET /api/v1/admin/dashboard/stats/kpi","service":"iap-service","timestamp":"2026-05-06 14:11:43"}
{"level":"debug","message":"GET /api/v1/admin/giveaway/campaigns?page=1&limit=10","service":"iap-service","timestamp":"2026-05-06 14:11:43"}
{"level":"debug","message":"GET /api/v1/admin/account","service":"iap-service","timestamp":"2026-05-06 14:11:43"}
{"level":"debug","message":"GET /api/v1/admin/users?page=1&limit=10","service":"iap-service","timestamp":"2026-05-06 14:11:43"}
{"level":"debug","message":"GET /api/v1/admin/users?page=1&limit=10","service":"iap-service","timestamp":"2026-05-06 14:11:44"}
{"level":"debug","message":"GET /api/v1/admin/profile-review/reported?limit=1","service":"iap-service","timestamp":"2026-05-06 14:11:44"}
{"level":"debug","message":"GET /api/v1/admin/giveaway/campaigns?page=1&limit=10","service":"iap-service","timestamp":"2026-05-06 14:12:00"}
{"level":"debug","message":"GET /api/v1/admin/account","service":"iap-service","timestamp":"2026-05-06 14:12:00"}
{"level":"debug","message":"GET /api/v1/admin/profile-review/reported?limit=1","service":"iap-service","timestamp":"2026-05-06 14:12:00"}
{"level":"debug","message":"GET /api/v1/admin/moderation/pending-verifications?limit=1","service":"iap-service","timestamp":"2026-05-06 14:12:00"}
{"level":"debug","message":"GET /api/v1/contact/alltickets?limit=1","service":"iap-service","timestamp":"2026-05-06 14:12:00"}
{"level":"debug","message":"GET /api/v1/admin/moderation/pending-verifications?limit=1","service":"iap-service","timestamp":"2026-05-06 14:12:00"}
{"level":"debug","message":"GET /api/v1/contact/alltickets?limit=1","service":"iap-service","timestamp":"2026-05-06 14:12:01"}
{"level":"debug","message":"GET /api/v1/admin/account","service":"iap-service","timestamp":"2026-05-06 14:12:01"}
{"level":"debug","message":"GET /api/v1/admin/profile-review/reported?limit=1","service":"iap-service","timestamp":"2026-05-06 14:12:01"}
{"level":"debug","message":"GET /api/v1/admin/giveaway/campaigns?page=1&limit=10","service":"iap-service","timestamp":"2026-05-06 14:12:01"}
{"level":"debug","message":"GET /api/v1/admin/profile-review/reported?page=1&limit=10","service":"iap-service","timestamp":"2026-05-06 14:12:01"}
{"level":"debug","message":"GET /api/v1/admin/giveaway/campaigns?page=1&limit=10","service":"iap-service","timestamp":"2026-05-06 14:12:27"}
{"level":"debug","message":"GET /api/v1/admin/account","service":"iap-service","timestamp":"2026-05-06 14:12:27"}
{"level":"debug","message":"GET /api/v1/admin/profile-review/reported?limit=1","service":"iap-service","timestamp":"2026-05-06 14:12:27"}
{"level":"debug","message":"GET /api/v1/admin/moderation/pending-verifications?limit=1","service":"iap-service","timestamp":"2026-05-06 14:12:27"}
{"level":"debug","message":"GET /api/v1/contact/alltickets?limit=1","service":"iap-service","timestamp":"2026-05-06 14:12:27"}
{"level":"debug","message":"GET /api/v1/contact/alltickets?limit=1","service":"iap-service","timestamp":"2026-05-06 14:12:27"}
{"level":"debug","message":"GET /api/v1/admin/giveaway/campaigns?page=1&limit=10","service":"iap-service","timestamp":"2026-05-06 14:12:28"}
{"level":"debug","message":"GET /api/v1/admin/moderation/pending-verifications?limit=1","service":"iap-service","timestamp":"2026-05-06 14:12:28"}
{"level":"debug","message":"GET /api/v1/admin/profile-review/reported?limit=1","service":"iap-service","timestamp":"2026-05-06 14:12:28"}
{"level":"debug","message":"GET /api/v1/admin/profile-review/reported?page=1&limit=10","service":"iap-service","timestamp":"2026-05-06 14:12:28"}
{"level":"debug","message":"GET /api/v1/admin/account","service":"iap-service","timestamp":"2026-05-06 14:12:29"}
{"level":"debug","message":"GET /api/v1/admin/profile-review/698f20c11ff3e123d1038296","service":"iap-service","timestamp":"2026-05-06 14:13:07"}
{"level":"debug","message":"GET /api/v1/admin/profile-review/698f20c11ff3e123d1038296","service":"iap-service","timestamp":"2026-05-06 14:13:09"}
{"level":"debug","message":"GET /api/v1/admin/profile-review/reported?page=1&limit=10","service":"iap-service","timestamp":"2026-05-06 14:13:14"}
{"level":"debug","message":"GET /api/v1/admin/users?page=1&limit=10&gender=","service":"iap-service","timestamp":"2026-05-06 14:13:18"}
{"level":"debug","message":"GET /api/v1/admin/fake-profiles?page=1&limit=10","service":"iap-service","timestamp":"2026-05-06 14:13:29"}
{"level":"debug","message":"GET /api/v1/admin/giveaway/campaigns?page=1&limit=10","service":"iap-service","timestamp":"2026-05-06 14:13:42"}
{"level":"debug","message":"GET /api/v1/admin/account","service":"iap-service","timestamp":"2026-05-06 14:13:42"}
{"level":"debug","message":"GET /api/v1/admin/profile-review/reported?limit=1","service":"iap-service","timestamp":"2026-05-06 14:13:42"}
{"level":"debug","message":"GET /api/v1/admin/moderation/pending-verifications?limit=1","service":"iap-service","timestamp":"2026-05-06 14:13:42"}
{"level":"debug","message":"GET /api/v1/contact/alltickets?limit=1","service":"iap-service","timestamp":"2026-05-06 14:13:42"}
{"level":"debug","message":"GET /api/v1/admin/moderation/pending-verifications?limit=1","service":"iap-service","timestamp":"2026-05-06 14:13:42"}
{"level":"debug","message":"GET /api/v1/admin/dashboard/stats/kpi","service":"iap-service","timestamp":"2026-05-06 14:13:42"}
{"level":"debug","message":"GET /api/v1/admin/users?page=1&limit=10","service":"iap-service","timestamp":"2026-05-06 14:13:42"}
{"level":"debug","message":"GET /api/v1/admin/dashboard/stats/kpi?preset=today","service":"iap-service","timestamp":"2026-05-06 14:13:42"}
{"level":"debug","message":"GET /api/v1/admin/account","service":"iap-service","timestamp":"2026-05-06 14:13:43"}
{"level":"debug","message":"GET /api/v1/admin/users?page=1&limit=10","service":"iap-service","timestamp":"2026-05-06 14:13:43"}
{"level":"debug","message":"GET /api/v1/contact/alltickets?limit=1","service":"iap-service","timestamp":"2026-05-06 14:13:43"}
{"level":"debug","message":"GET /api/v1/admin/dashboard/stats/kpi?preset=today","service":"iap-service","timestamp":"2026-05-06 14:13:43"}
{"level":"debug","message":"GET /api/v1/admin/dashboard/stats/kpi","service":"iap-service","timestamp":"2026-05-06 14:13:43"}
{"level":"debug","message":"GET /api/v1/admin/profile-review/reported?limit=1","service":"iap-service","timestamp":"2026-05-06 14:13:43"}
{"level":"debug","message":"GET /api/v1/admin/giveaway/campaigns?page=1&limit=10","service":"iap-service","timestamp":"2026-05-06 14:13:43"}
{"level":"debug","message":"GET /api/v1/admin/users?page=1&limit=10","service":"iap-service","timestamp":"2026-05-06 14:13:43"}
{"level":"debug","message":"GET /api/v1/admin/users?page=1&limit=10","service":"iap-service","timestamp":"2026-05-06 14:13:43"}
{"level":"debug","message":"GET /api/v1/admin/dashboard/stats/kpi","service":"iap-service","timestamp":"2026-05-06 14:13:44"}
{"level":"debug","message":"GET /api/v1/admin/dashboard/stats/kpi","service":"iap-service","timestamp":"2026-05-06 14:13:44"}
{"level":"debug","message":"GET /api/v1/admin/dashboard/stats/kpi","service":"iap-service","timestamp":"2026-05-06 15:33:33"}
{"level":"debug","message":"GET /api/v1/admin/giveaway/campaigns?page=1&limit=10","service":"iap-service","timestamp":"2026-05-06 15:33:39"}
{"level":"debug","message":"GET /api/v1/admin/account","service":"iap-service","timestamp":"2026-05-06 15:33:39"}
{"level":"debug","message":"GET /api/v1/admin/profile-review/reported?limit=1","service":"iap-service","timestamp":"2026-05-06 15:33:39"}
{"level":"debug","message":"GET /api/v1/admin/moderation/pending-verifications?limit=1","service":"iap-service","timestamp":"2026-05-06 15:33:39"}
{"level":"debug","message":"GET /api/v1/contact/alltickets?limit=1","service":"iap-service","timestamp":"2026-05-06 15:33:39"}
{"level":"debug","message":"GET /api/v1/admin/dashboard/stats/kpi","service":"iap-service","timestamp":"2026-05-06 15:33:40"}
{"level":"debug","message":"GET /api/v1/admin/users?page=1&limit=10","service":"iap-service","timestamp":"2026-05-06 15:33:41"}
{"level":"debug","message":"GET /api/v1/admin/dashboard/stats/kpi?preset=today","service":"iap-service","timestamp":"2026-05-06 15:33:41"}
{"level":"debug","message":"GET /api/v1/admin/giveaway/campaigns?page=1&limit=10","service":"iap-service","timestamp":"2026-05-06 15:33:41"}
{"level":"debug","message":"GET /api/v1/admin/profile-review/reported?limit=1","service":"iap-service","timestamp":"2026-05-06 15:33:41"}
{"level":"debug","message":"GET /api/v1/admin/account","service":"iap-service","timestamp":"2026-05-06 15:33:41"}
{"level":"debug","message":"GET /api/v1/admin/dashboard/stats/kpi","service":"iap-service","timestamp":"2026-05-06 15:33:41"}
{"level":"debug","message":"GET /api/v1/admin/users?page=1&limit=10","service":"iap-service","timestamp":"2026-05-06 15:33:41"}
{"level":"debug","message":"GET /api/v1/admin/dashboard/stats/kpi?preset=today","service":"iap-service","timestamp":"2026-05-06 15:33:42"}
{"level":"debug","message":"GET /api/v1/contact/alltickets?limit=1","service":"iap-service","timestamp":"2026-05-06 15:33:42"}
{"level":"debug","message":"GET /api/v1/admin/moderation/pending-verifications?limit=1","service":"iap-service","timestamp":"2026-05-06 15:33:42"}
{"level":"debug","message":"GET /api/v1/admin/users?page=1&limit=10","service":"iap-service","timestamp":"2026-05-06 15:33:42"}
{"level":"debug","message":"GET /api/v1/admin/users?page=1&limit=10","service":"iap-service","timestamp":"2026-05-06 15:33:43"}
{"level":"debug","message":"GET /api/v1/admin/dashboard/stats/kpi","service":"iap-service","timestamp":"2026-05-06 15:33:44"}
{"level":"debug","message":"GET /api/v1/admin/dashboard/stats/kpi","service":"iap-service","timestamp":"2026-05-06 15:33:45"}
{"level":"debug","message":"GET /api/v1/admin/giveaway/campaigns?page=1&limit=10","service":"iap-service","timestamp":"2026-05-06 15:33:51"}
{"level":"debug","message":"GET /api/v1/admin/account","service":"iap-service","timestamp":"2026-05-06 15:33:51"}
{"level":"debug","message":"GET /api/v1/admin/profile-review/reported?limit=1","service":"iap-service","timestamp":"2026-05-06 15:33:51"}
{"level":"debug","message":"GET /api/v1/admin/moderation/pending-verifications?limit=1","service":"iap-service","timestamp":"2026-05-06 15:33:51"}
{"level":"debug","message":"GET /api/v1/contact/alltickets?limit=1","service":"iap-service","timestamp":"2026-05-06 15:33:51"}
{"level":"debug","message":"GET /api/v1/contact/alltickets?limit=1","service":"iap-service","timestamp":"2026-05-06 15:33:51"}
{"level":"debug","message":"GET /api/v1/admin/profile-review/reported?limit=1","service":"iap-service","timestamp":"2026-05-06 15:33:51"}
{"level":"debug","message":"GET /api/v1/admin/moderation/pending-verifications?limit=1","service":"iap-service","timestamp":"2026-05-06 15:33:51"}
{"level":"debug","message":"GET /api/v1/admin/account","service":"iap-service","timestamp":"2026-05-06 15:33:51"}
{"level":"debug","message":"GET /api/v1/admin/giveaway/campaigns?page=1&limit=10","service":"iap-service","timestamp":"2026-05-06 15:33:52"}
{"level":"debug","message":"GET /api/v1/admin/fake-profiles?page=1&limit=10","service":"iap-service","timestamp":"2026-05-06 15:33:53"}
{"level":"debug","message":"GET /api/v1/admin/users/69edd6fee8ecb7905befa4f1","service":"iap-service","timestamp":"2026-05-06 15:35:26"}
{"level":"debug","message":"GET /api/v1/admin/users/69edd6fee8ecb7905befa4f1","service":"iap-service","timestamp":"2026-05-06 15:35:28"}
{"level":"debug","message":"GET /api/v1/admin/giveaway/campaigns?page=1&limit=10","service":"iap-service","timestamp":"2026-05-06 15:35:44"}
{"level":"debug","message":"GET /api/v1/admin/account","service":"iap-service","timestamp":"2026-05-06 15:35:44"}
{"level":"debug","message":"GET /api/v1/admin/profile-review/reported?limit=1","service":"iap-service","timestamp":"2026-05-06 15:35:44"}
{"level":"debug","message":"GET /api/v1/admin/moderation/pending-verifications?limit=1","service":"iap-service","timestamp":"2026-05-06 15:35:44"}
{"level":"debug","message":"GET /api/v1/contact/alltickets?limit=1","service":"iap-service","timestamp":"2026-05-06 15:35:44"}
{"level":"debug","message":"GET /api/v1/contact/alltickets?limit=1","service":"iap-service","timestamp":"2026-05-06 15:35:44"}
{"level":"debug","message":"GET /api/v1/admin/moderation/pending-verifications?limit=1","service":"iap-service","timestamp":"2026-05-06 15:35:44"}
{"level":"debug","message":"GET /api/v1/admin/account","service":"iap-service","timestamp":"2026-05-06 15:35:44"}
{"level":"debug","message":"GET /api/v1/admin/profile-review/reported?limit=1","service":"iap-service","timestamp":"2026-05-06 15:35:45"}
{"level":"debug","message":"GET /api/v1/admin/giveaway/campaigns?page=1&limit=10","service":"iap-service","timestamp":"2026-05-06 15:35:45"}
{"level":"debug","message":"GET /api/v1/admin/fake-profiles?page=1&limit=10","service":"iap-service","timestamp":"2026-05-06 15:35:45"}
{"level":"debug","message":"GET /api/v1/admin/dashboard/stats/kpi","service":"iap-service","timestamp":"2026-05-06 15:35:46"}
{"level":"debug","message":"GET /api/v1/admin/users?page=1&limit=10","service":"iap-service","timestamp":"2026-05-06 15:35:46"}
{"level":"debug","message":"GET /api/v1/admin/dashboard/stats/kpi?preset=today","service":"iap-service","timestamp":"2026-05-06 15:35:46"}
{"level":"debug","message":"GET /api/v1/admin/users?page=1&limit=10","service":"iap-service","timestamp":"2026-05-06 15:35:46"}
{"level":"debug","message":"GET /api/v1/admin/dashboard/stats/kpi?preset=today","service":"iap-service","timestamp":"2026-05-06 15:35:46"}
{"level":"debug","message":"GET /api/v1/admin/dashboard/stats/kpi","service":"iap-service","timestamp":"2026-05-06 15:35:46"}
{"level":"debug","message":"GET /api/v1/admin/dashboard/stats/kpi","service":"iap-service","timestamp":"2026-05-06 15:35:47"}
{"level":"debug","message":"GET /api/v1/admin/users?page=1&limit=10","service":"iap-service","timestamp":"2026-05-06 15:35:47"}
{"level":"debug","message":"GET /api/v1/admin/users?page=1&limit=10","service":"iap-service","timestamp":"2026-05-06 15:35:48"}
{"level":"debug","message":"GET /api/v1/admin/dashboard/stats/kpi","service":"iap-service","timestamp":"2026-05-06 15:35:48"}
{"level":"debug","message":"GET /api/v1/admin/giveaway/campaigns?page=1&limit=10","service":"iap-service","timestamp":"2026-05-06 15:36:59"}
{"level":"debug","message":"GET /api/v1/admin/account","service":"iap-service","timestamp":"2026-05-06 15:36:59"}
{"level":"debug","message":"GET /api/v1/admin/profile-review/reported?limit=1","service":"iap-service","timestamp":"2026-05-06 15:36:59"}
{"level":"debug","message":"GET /api/v1/admin/moderation/pending-verifications?limit=1","service":"iap-service","timestamp":"2026-05-06 15:36:59"}
{"level":"debug","message":"GET /api/v1/contact/alltickets?limit=1","service":"iap-service","timestamp":"2026-05-06 15:36:59"}
{"level":"debug","message":"GET /api/v1/admin/profile-review/reported?limit=1","service":"iap-service","timestamp":"2026-05-06 15:36:59"}
{"level":"debug","message":"GET /api/v1/admin/account","service":"iap-service","timestamp":"2026-05-06 15:36:59"}
{"level":"debug","message":"GET /api/v1/contact/alltickets?limit=1","service":"iap-service","timestamp":"2026-05-06 15:36:59"}
{"level":"debug","message":"GET /api/v1/admin/moderation/pending-verifications?limit=1","service":"iap-service","timestamp":"2026-05-06 15:36:59"}
{"level":"debug","message":"GET /api/v1/admin/giveaway/campaigns?page=1&limit=10","service":"iap-service","timestamp":"2026-05-06 15:37:00"}
{"level":"debug","message":"GET /api/v1/admin/users/69f5c1fd3db5a34e8ba7c533","service":"iap-service","timestamp":"2026-05-06 15:37:00"}
{"level":"debug","message":"GET /api/v1/admin/users/69f5c1fd3db5a34e8ba7c533","service":"iap-service","timestamp":"2026-05-06 15:37:00"}
{"level":"debug","message":"GET /api/v1/admin/moderation/pending-verifications?page=1&limit=10","service":"iap-service","timestamp":"2026-05-06 15:37:04"}
{"level":"debug","message":"GET /api/v1/admin/subscription/stats?timeFilter=today","service":"iap-service","timestamp":"2026-05-06 15:37:06"}
{"level":"debug","message":"GET /api/v1/admin/subscription/stats?timeFilter=today","service":"iap-service","timestamp":"2026-05-06 15:37:09"}
{"level":"debug","message":"GET /api/v1/admin/subscription/subscribers?page=1&limit=10","service":"iap-service","timestamp":"2026-05-06 15:37:10"}
{"level":"debug","message":"GET /api/v1/admin/giveaway/campaigns?page=1&limit=10","service":"iap-service","timestamp":"2026-05-06 15:37:45"}
{"level":"debug","message":"GET /api/v1/admin/account","service":"iap-service","timestamp":"2026-05-06 15:37:45"}
{"level":"debug","message":"GET /api/v1/admin/profile-review/reported?limit=1","service":"iap-service","timestamp":"2026-05-06 15:37:45"}
{"level":"debug","message":"GET /api/v1/admin/moderation/pending-verifications?limit=1","service":"iap-service","timestamp":"2026-05-06 15:37:45"}
{"level":"debug","message":"GET /api/v1/contact/alltickets?limit=1","service":"iap-service","timestamp":"2026-05-06 15:37:45"}
{"level":"debug","message":"GET /api/v1/contact/alltickets?limit=1","service":"iap-service","timestamp":"2026-05-06 15:37:45"}
{"level":"debug","message":"GET /api/v1/admin/dashboard/stats/kpi","service":"iap-service","timestamp":"2026-05-06 15:37:46"}
{"level":"debug","message":"GET /api/v1/admin/users?page=1&limit=10","service":"iap-service","timestamp":"2026-05-06 15:37:46"}
{"level":"debug","message":"GET /api/v1/admin/dashboard/stats/kpi?preset=today","service":"iap-service","timestamp":"2026-05-06 15:37:46"}
{"level":"debug","message":"GET /api/v1/admin/moderation/pending-verifications?limit=1","service":"iap-service","timestamp":"2026-05-06 15:37:47"}
{"level":"debug","message":"GET /api/v1/admin/giveaway/campaigns?page=1&limit=10","service":"iap-service","timestamp":"2026-05-06 15:37:47"}
{"level":"debug","message":"GET /api/v1/admin/users?page=1&limit=10","service":"iap-service","timestamp":"2026-05-06 15:37:47"}
{"level":"debug","message":"GET /api/v1/admin/dashboard/stats/kpi","service":"iap-service","timestamp":"2026-05-06 15:37:47"}
{"level":"debug","message":"GET /api/v1/admin/dashboard/stats/kpi?preset=today","service":"iap-service","timestamp":"2026-05-06 15:37:48"}
{"level":"debug","message":"GET /api/v1/admin/profile-review/reported?limit=1","service":"iap-service","timestamp":"2026-05-06 15:37:48"}
{"level":"debug","message":"GET /api/v1/admin/users?page=1&limit=10","service":"iap-service","timestamp":"2026-05-06 15:37:53"}
{"level":"debug","message":"GET /api/v1/admin/account","service":"iap-service","timestamp":"2026-05-06 15:37:54"}
{"level":"debug","message":"GET /api/v1/admin/users?page=1&limit=10","service":"iap-service","timestamp":"2026-05-06 15:37:55"}
{"level":"debug","message":"GET /api/v1/admin/dashboard/stats/kpi","service":"iap-service","timestamp":"2026-05-06 15:37:56"}
{"level":"debug","message":"GET /api/v1/admin/dashboard/stats/kpi","service":"iap-service","timestamp":"2026-05-06 15:38:00"}
{"level":"debug","message":"GET /api/v1/admin/giveaway/campaigns?page=1&limit=10","service":"iap-service","timestamp":"2026-05-06 15:39:44"}
{"level":"debug","message":"GET /api/v1/admin/account","service":"iap-service","timestamp":"2026-05-06 15:39:44"}
{"level":"debug","message":"GET /api/v1/admin/profile-review/reported?limit=1","service":"iap-service","timestamp":"2026-05-06 15:39:44"}
{"level":"debug","message":"GET /api/v1/admin/moderation/pending-verifications?limit=1","service":"iap-service","timestamp":"2026-05-06 15:39:44"}
{"level":"debug","message":"GET /api/v1/contact/alltickets?limit=1","service":"iap-service","timestamp":"2026-05-06 15:39:44"}
{"level":"debug","message":"GET /api/v1/contact/alltickets?limit=1","service":"iap-service","timestamp":"2026-05-06 15:39:44"}
{"level":"debug","message":"GET /api/v1/admin/profile-review/reported?limit=1","service":"iap-service","timestamp":"2026-05-06 15:39:45"}
{"level":"debug","message":"GET /api/v1/admin/giveaway/campaigns?page=1&limit=10","service":"iap-service","timestamp":"2026-05-06 15:39:45"}
{"level":"debug","message":"GET /api/v1/admin/moderation/pending-verifications?limit=1","service":"iap-service","timestamp":"2026-05-06 15:39:45"}
{"level":"debug","message":"GET /api/v1/admin/account","service":"iap-service","timestamp":"2026-05-06 15:39:45"}
{"level":"debug","message":"GET /api/v1/admin/dashboard/stats/kpi","service":"iap-service","timestamp":"2026-05-06 15:39:46"}
{"level":"debug","message":"GET /api/v1/admin/users?page=1&limit=10","service":"iap-service","timestamp":"2026-05-06 15:39:46"}
{"level":"debug","message":"GET /api/v1/admin/dashboard/stats/kpi?preset=today","service":"iap-service","timestamp":"2026-05-06 15:39:46"}
{"level":"debug","message":"GET /api/v1/admin/users?page=1&limit=10","service":"iap-service","timestamp":"2026-05-06 15:39:46"}
{"level":"debug","message":"GET /api/v1/admin/dashboard/stats/kpi?preset=today","service":"iap-service","timestamp":"2026-05-06 15:39:46"}
{"level":"debug","message":"GET /api/v1/admin/users?page=1&limit=10","service":"iap-service","timestamp":"2026-05-06 15:39:47"}
{"level":"debug","message":"GET /api/v1/admin/dashboard/stats/kpi","service":"iap-service","timestamp":"2026-05-06 15:39:47"}
{"level":"debug","message":"GET /api/v1/admin/dashboard/stats/kpi","service":"iap-service","timestamp":"2026-05-06 15:39:47"}
{"level":"debug","message":"GET /api/v1/admin/users?page=1&limit=10","service":"iap-service","timestamp":"2026-05-06 15:39:47"}
{"level":"debug","message":"GET /api/v1/admin/dashboard/stats/kpi","service":"iap-service","timestamp":"2026-05-06 15:39:48"}
{"level":"debug","message":"GET /api/v1/admin/giveaway/campaigns?page=1&limit=10","service":"iap-service","timestamp":"2026-05-06 15:41:44"}
{"level":"debug","message":"GET /api/v1/admin/account","service":"iap-service","timestamp":"2026-05-06 15:41:44"}
{"level":"debug","message":"GET /api/v1/admin/profile-review/reported?limit=1","service":"iap-service","timestamp":"2026-05-06 15:41:44"}
{"level":"debug","message":"GET /api/v1/admin/moderation/pending-verifications?limit=1","service":"iap-service","timestamp":"2026-05-06 15:41:44"}
{"level":"debug","message":"GET /api/v1/contact/alltickets?limit=1","service":"iap-service","timestamp":"2026-05-06 15:41:44"}
{"level":"debug","message":"GET /api/v1/admin/moderation/pending-verifications?limit=1","service":"iap-service","timestamp":"2026-05-06 15:41:45"}
{"level":"debug","message":"GET /api/v1/admin/dashboard/stats/kpi","service":"iap-service","timestamp":"2026-05-06 15:41:45"}
{"level":"debug","message":"GET /api/v1/admin/users?page=1&limit=10","service":"iap-service","timestamp":"2026-05-06 15:41:45"}
{"level":"debug","message":"GET /api/v1/admin/dashboard/stats/kpi?preset=today","service":"iap-service","timestamp":"2026-05-06 15:41:46"}
{"level":"debug","message":"GET /api/v1/contact/alltickets?limit=1","service":"iap-service","timestamp":"2026-05-06 15:41:46"}
{"level":"debug","message":"GET /api/v1/admin/account","service":"iap-service","timestamp":"2026-05-06 15:41:46"}
{"level":"debug","message":"GET /api/v1/admin/dashboard/stats/kpi","service":"iap-service","timestamp":"2026-05-06 15:41:47"}
{"level":"debug","message":"GET /api/v1/admin/profile-review/reported?limit=1","service":"iap-service","timestamp":"2026-05-06 15:41:47"}
{"level":"debug","message":"GET /api/v1/admin/giveaway/campaigns?page=1&limit=10","service":"iap-service","timestamp":"2026-05-06 15:41:47"}
{"level":"debug","message":"GET /api/v1/admin/dashboard/stats/kpi","service":"iap-service","timestamp":"2026-05-06 15:41:48"}
{"level":"debug","message":"GET /api/v1/admin/users?page=1&limit=10","service":"iap-service","timestamp":"2026-05-06 15:41:50"}
{"level":"debug","message":"GET /api/v1/admin/dashboard/stats/kpi","service":"iap-service","timestamp":"2026-05-06 15:41:50"}
{"level":"debug","message":"GET /api/v1/admin/dashboard/stats/kpi?preset=today","service":"iap-service","timestamp":"2026-05-06 15:42:01"}
{"level":"debug","message":"GET /api/v1/admin/users?page=1&limit=10","service":"iap-service","timestamp":"2026-05-06 15:42:01"}
{"level":"debug","message":"GET /api/v1/admin/users?page=1&limit=10","service":"iap-service","timestamp":"2026-05-06 15:42:01"}
{"level":"debug","message":"GET /api/v1/admin/subscription/users/69ae73313541f14bc378d0ff","service":"iap-service","timestamp":"2026-05-06 15:42:48"}
{"level":"debug","message":"GET /api/v1/admin/dashboard/stats/kpi","service":"iap-service","timestamp":"2026-05-06 15:43:02"}
{"level":"debug","message":"GET /api/v1/admin/users?page=1&limit=10","service":"iap-service","timestamp":"2026-05-06 15:43:02"}
{"level":"debug","message":"GET /api/v1/admin/dashboard/stats/kpi?preset=today","service":"iap-service","timestamp":"2026-05-06 15:43:02"}
{"level":"debug","message":"GET /api/v1/admin/dashboard/stats/kpi?preset=today","service":"iap-service","timestamp":"2026-05-06 15:43:02"}
{"level":"debug","message":"GET /api/v1/admin/dashboard/stats/kpi","service":"iap-service","timestamp":"2026-05-06 15:43:03"}
{"level":"debug","message":"GET /api/v1/admin/users?page=1&limit=10","service":"iap-service","timestamp":"2026-05-06 15:43:03"}
{"level":"debug","message":"GET /api/v1/admin/users?page=1&limit=10","service":"iap-service","timestamp":"2026-05-06 15:43:04"}
{"level":"debug","message":"GET /api/v1/admin/dashboard/stats/kpi","service":"iap-service","timestamp":"2026-05-06 15:43:04"}
{"level":"debug","message":"GET /api/v1/admin/dashboard/stats/kpi","service":"iap-service","timestamp":"2026-05-06 15:43:05"}
{"level":"debug","message":"GET /api/v1/admin/users?page=1&limit=10","service":"iap-service","timestamp":"2026-05-06 15:43:05"}
{"level":"debug","message":"GET /api/v1/admin/subscription/subscribers?page=1&limit=10","service":"iap-service","timestamp":"2026-05-06 15:43:06"}
{"level":"debug","message":"GET /api/v1/admin/subscription/users/69ae73313541f14bc378d0ff","service":"iap-service","timestamp":"2026-05-06 15:43:15"}
{"level":"debug","message":"GET /api/v1/admin/subscription/users/69ae73313541f14bc378d0ff","service":"iap-service","timestamp":"2026-05-06 15:43:16"}
{"level":"debug","message":"GET /api/v1/admin/users?page=1&limit=10&gender=","service":"iap-service","timestamp":"2026-05-06 15:43:26"}
{"level":"debug","message":"GET /api/v1/admin/giveaway/campaigns?page=1&limit=10","service":"iap-service","timestamp":"2026-05-06 15:43:44"}
{"level":"debug","message":"GET /api/v1/admin/account","service":"iap-service","timestamp":"2026-05-06 15:43:44"}
{"level":"debug","message":"GET /api/v1/admin/profile-review/reported?limit=1","service":"iap-service","timestamp":"2026-05-06 15:43:44"}
{"level":"debug","message":"GET /api/v1/admin/moderation/pending-verifications?limit=1","service":"iap-service","timestamp":"2026-05-06 15:43:44"}
{"level":"debug","message":"GET /api/v1/contact/alltickets?limit=1","service":"iap-service","timestamp":"2026-05-06 15:43:44"}
{"level":"debug","message":"GET /api/v1/contact/alltickets?limit=1","service":"iap-service","timestamp":"2026-05-06 15:43:44"}
{"level":"debug","message":"GET /api/v1/admin/profile-review/reported?limit=1","service":"iap-service","timestamp":"2026-05-06 15:43:44"}
{"level":"debug","message":"GET /api/v1/admin/account","service":"iap-service","timestamp":"2026-05-06 15:43:45"}
{"level":"debug","message":"GET /api/v1/admin/giveaway/campaigns?page=1&limit=10","service":"iap-service","timestamp":"2026-05-06 15:43:45"}
{"level":"debug","message":"GET /api/v1/admin/dashboard/stats/kpi","service":"iap-service","timestamp":"2026-05-06 15:43:46"}
{"level":"debug","message":"GET /api/v1/admin/users?page=1&limit=10","service":"iap-service","timestamp":"2026-05-06 15:43:46"}
{"level":"debug","message":"GET /api/v1/admin/dashboard/stats/kpi?preset=today","service":"iap-service","timestamp":"2026-05-06 15:43:46"}
{"level":"debug","message":"GET /api/v1/admin/moderation/pending-verifications?limit=1","service":"iap-service","timestamp":"2026-05-06 15:43:46"}
{"level":"debug","message":"GET /api/v1/admin/users?page=1&limit=10","service":"iap-service","timestamp":"2026-05-06 15:43:46"}
{"level":"debug","message":"GET /api/v1/admin/dashboard/stats/kpi?preset=today","service":"iap-service","timestamp":"2026-05-06 15:43:46"}
{"level":"debug","message":"GET /api/v1/admin/dashboard/stats/kpi","service":"iap-service","timestamp":"2026-05-06 15:43:46"}
{"level":"debug","message":"GET /api/v1/admin/dashboard/stats/kpi","service":"iap-service","timestamp":"2026-05-06 15:43:47"}
{"level":"debug","message":"GET /api/v1/admin/users?page=1&limit=10","service":"iap-service","timestamp":"2026-05-06 15:43:47"}
{"level":"debug","message":"GET /api/v1/admin/users?page=1&limit=10","service":"iap-service","timestamp":"2026-05-06 15:43:47"}
{"level":"debug","message":"GET /api/v1/admin/dashboard/stats/kpi","service":"iap-service","timestamp":"2026-05-06 15:43:47"}
{"level":"debug","message":"GET /api/v1/admin/users?page=1&limit=10&search=ami&gender=","service":"iap-service","timestamp":"2026-05-06 15:43:55"}
{"level":"debug","message":"GET /api/v1/admin/users?page=1&limit=10&search=amira&gender=","service":"iap-service","timestamp":"2026-05-06 15:43:57"}
{"level":"debug","message":"GET /api/v1/admin/users?page=1&limit=10&search=ami&gender=","service":"iap-service","timestamp":"2026-05-06 15:44:00"}
{"level":"debug","message":"GET /api/v1/admin/users?page=1&limit=10&search=am&gender=","service":"iap-service","timestamp":"2026-05-06 15:44:04"}
{"level":"debug","message":"GET /api/v1/admin/users?page=1&limit=10&search=amaira&gender=","service":"iap-service","timestamp":"2026-05-06 15:44:14"}
{"level":"debug","message":"GET /api/v1/admin/users/69ae73313541f14bc378d0ff","service":"iap-service","timestamp":"2026-05-06 15:44:18"}
{"level":"debug","message":"GET /api/v1/admin/users/69ae73313541f14bc378d0ff","service":"iap-service","timestamp":"2026-05-06 15:44:18"}
{"level":"debug","message":"GET /api/v1/admin/giveaway/campaigns?page=1&limit=10","service":"iap-service","timestamp":"2026-05-06 15:45:05"}
{"level":"debug","message":"GET /api/v1/admin/account","service":"iap-service","timestamp":"2026-05-06 15:45:05"}
{"level":"debug","message":"GET /api/v1/admin/profile-review/reported?limit=1","service":"iap-service","timestamp":"2026-05-06 15:45:05"}
{"level":"debug","message":"GET /api/v1/admin/moderation/pending-verifications?limit=1","service":"iap-service","timestamp":"2026-05-06 15:45:05"}
{"level":"debug","message":"GET /api/v1/contact/alltickets?limit=1","service":"iap-service","timestamp":"2026-05-06 15:45:05"}
{"level":"debug","message":"GET /api/v1/admin/users/69ae73313541f14bc378d0ff","service":"iap-service","timestamp":"2026-05-06 15:45:05"}
{"level":"debug","message":"GET /api/v1/admin/giveaway/campaigns?page=1&limit=10","service":"iap-service","timestamp":"2026-05-06 15:45:49"}
{"level":"debug","message":"GET /api/v1/admin/account","service":"iap-service","timestamp":"2026-05-06 15:45:49"}
{"level":"debug","message":"GET /api/v1/admin/profile-review/reported?limit=1","service":"iap-service","timestamp":"2026-05-06 15:45:49"}
{"level":"debug","message":"GET /api/v1/admin/moderation/pending-verifications?limit=1","service":"iap-service","timestamp":"2026-05-06 15:45:49"}
{"level":"debug","message":"GET /api/v1/contact/alltickets?limit=1","service":"iap-service","timestamp":"2026-05-06 15:45:49"}
{"level":"debug","message":"GET /api/v1/admin/giveaway/campaigns?page=1&limit=10","service":"iap-service","timestamp":"2026-05-06 15:45:49"}
{"level":"debug","message":"GET /api/v1/contact/alltickets?limit=1","service":"iap-service","timestamp":"2026-05-06 15:45:49"}
{"level":"debug","message":"GET /api/v1/admin/moderation/pending-verifications?limit=1","service":"iap-service","timestamp":"2026-05-06 15:45:49"}
{"level":"debug","message":"GET /api/v1/admin/account","service":"iap-service","timestamp":"2026-05-06 15:45:49"}
{"level":"debug","message":"GET /api/v1/admin/profile-review/reported?limit=1","service":"iap-service","timestamp":"2026-05-06 15:45:50"}
{"level":"debug","message":"GET /api/v1/admin/dashboard/stats/kpi","service":"iap-service","timestamp":"2026-05-06 15:45:51"}
{"level":"debug","message":"GET /api/v1/admin/users?page=1&limit=10","service":"iap-service","timestamp":"2026-05-06 15:45:51"}
{"level":"debug","message":"GET /api/v1/admin/dashboard/stats/kpi?preset=today","service":"iap-service","timestamp":"2026-05-06 15:45:51"}
{"level":"debug","message":"GET /api/v1/admin/dashboard/stats/kpi","service":"iap-service","timestamp":"2026-05-06 15:45:51"}
{"level":"debug","message":"GET /api/v1/admin/users?page=1&limit=10","service":"iap-service","timestamp":"2026-05-06 15:45:51"}
{"level":"debug","message":"GET /api/v1/admin/dashboard/stats/kpi?preset=today","service":"iap-service","timestamp":"2026-05-06 15:45:51"}
{"level":"debug","message":"GET /api/v1/admin/dashboard/stats/kpi","service":"iap-service","timestamp":"2026-05-06 15:45:52"}
{"level":"debug","message":"GET /api/v1/admin/users?page=1&limit=10","service":"iap-service","timestamp":"2026-05-06 15:45:52"}
{"level":"debug","message":"GET /api/v1/admin/dashboard/stats/kpi","service":"iap-service","timestamp":"2026-05-06 15:45:52"}
{"level":"debug","message":"GET /api/v1/admin/users?page=1&limit=10","service":"iap-service","timestamp":"2026-05-06 15:45:52"}
{"level":"debug","message":"GET /api/v1/admin/subscription/subscribers?page=1&limit=10","service":"iap-service","timestamp":"2026-05-06 15:46:28"}
{"level":"debug","message":"GET /api/v1/admin/giveaway/campaigns?page=1&limit=10","service":"iap-service","timestamp":"2026-05-06 15:47:44"}
{"level":"debug","message":"GET /api/v1/admin/account","service":"iap-service","timestamp":"2026-05-06 15:47:44"}
{"level":"debug","message":"GET /api/v1/admin/profile-review/reported?limit=1","service":"iap-service","timestamp":"2026-05-06 15:47:44"}
{"level":"debug","message":"GET /api/v1/admin/moderation/pending-verifications?limit=1","service":"iap-service","timestamp":"2026-05-06 15:47:44"}
{"level":"debug","message":"GET /api/v1/contact/alltickets?limit=1","service":"iap-service","timestamp":"2026-05-06 15:47:44"}
{"level":"debug","message":"GET /api/v1/contact/alltickets?limit=1","service":"iap-service","timestamp":"2026-05-06 15:47:44"}
{"level":"debug","message":"GET /api/v1/admin/giveaway/campaigns?page=1&limit=10","service":"iap-service","timestamp":"2026-05-06 15:47:44"}
{"level":"debug","message":"GET /api/v1/admin/moderation/pending-verifications?limit=1","service":"iap-service","timestamp":"2026-05-06 15:47:44"}
{"level":"debug","message":"GET /api/v1/admin/profile-review/reported?limit=1","service":"iap-service","timestamp":"2026-05-06 15:47:45"}
{"level":"debug","message":"GET /api/v1/admin/account","service":"iap-service","timestamp":"2026-05-06 15:47:45"}
{"level":"debug","message":"GET /api/v1/admin/dashboard/stats/kpi","service":"iap-service","timestamp":"2026-05-06 15:47:45"}
{"level":"debug","message":"GET /api/v1/admin/users?page=1&limit=10","service":"iap-service","timestamp":"2026-05-06 15:47:45"}
{"level":"debug","message":"GET /api/v1/admin/dashboard/stats/kpi?preset=today","service":"iap-service","timestamp":"2026-05-06 15:47:45"}
{"level":"debug","message":"GET /api/v1/admin/users?page=1&limit=10","service":"iap-service","timestamp":"2026-05-06 15:47:46"}
{"level":"debug","message":"GET /api/v1/admin/dashboard/stats/kpi?preset=today","service":"iap-service","timestamp":"2026-05-06 15:47:46"}
{"level":"debug","message":"GET /api/v1/admin/dashboard/stats/kpi","service":"iap-service","timestamp":"2026-05-06 15:47:46"}
{"level":"debug","message":"GET /api/v1/admin/dashboard/stats/kpi","service":"iap-service","timestamp":"2026-05-06 15:47:46"}
{"level":"debug","message":"GET /api/v1/admin/users?page=1&limit=10","service":"iap-service","timestamp":"2026-05-06 15:47:46"}
{"level":"debug","message":"GET /api/v1/admin/dashboard/stats/kpi","service":"iap-service","timestamp":"2026-05-06 15:47:46"}
{"level":"debug","message":"GET /api/v1/admin/users?page=1&limit=10","service":"iap-service","timestamp":"2026-05-06 15:47:47"}
{"level":"debug","message":"GET /api/v1/admin/giveaway/campaigns?page=1&limit=10","service":"iap-service","timestamp":"2026-05-06 15:49:42"}
{"level":"debug","message":"GET /api/v1/admin/account","service":"iap-service","timestamp":"2026-05-06 15:49:42"}
{"level":"debug","message":"GET /api/v1/admin/profile-review/reported?limit=1","service":"iap-service","timestamp":"2026-05-06 15:49:42"}
{"level":"debug","message":"GET /api/v1/admin/moderation/pending-verifications?limit=1","service":"iap-service","timestamp":"2026-05-06 15:49:42"}
{"level":"debug","message":"GET /api/v1/contact/alltickets?limit=1","service":"iap-service","timestamp":"2026-05-06 15:49:42"}
{"level":"debug","message":"GET /api/v1/contact/alltickets?limit=1","service":"iap-service","timestamp":"2026-05-06 15:49:42"}
{"level":"debug","message":"GET /api/v1/admin/giveaway/campaigns?page=1&limit=10","service":"iap-service","timestamp":"2026-05-06 15:49:42"}
{"level":"debug","message":"GET /api/v1/admin/profile-review/reported?limit=1","service":"iap-service","timestamp":"2026-05-06 15:49:42"}
{"level":"debug","message":"GET /api/v1/admin/moderation/pending-verifications?limit=1","service":"iap-service","timestamp":"2026-05-06 15:49:42"}
{"level":"debug","message":"GET /api/v1/admin/account","service":"iap-service","timestamp":"2026-05-06 15:49:42"}
{"level":"debug","message":"GET /api/v1/admin/dashboard/stats/kpi","service":"iap-service","timestamp":"2026-05-06 15:49:43"}
{"level":"debug","message":"GET /api/v1/admin/users?page=1&limit=10","service":"iap-service","timestamp":"2026-05-06 15:49:43"}
{"level":"debug","message":"GET /api/v1/admin/dashboard/stats/kpi?preset=today","service":"iap-service","timestamp":"2026-05-06 15:49:43"}
{"level":"debug","message":"GET /api/v1/admin/users?page=1&limit=10","service":"iap-service","timestamp":"2026-05-06 15:49:43"}
{"level":"debug","message":"GET /api/v1/admin/dashboard/stats/kpi?preset=today","service":"iap-service","timestamp":"2026-05-06 15:49:43"}
{"level":"debug","message":"GET /api/v1/admin/dashboard/stats/kpi","service":"iap-service","timestamp":"2026-05-06 15:49:43"}
{"level":"debug","message":"GET /api/v1/admin/users?page=1&limit=10","service":"iap-service","timestamp":"2026-05-06 15:49:43"}
{"level":"debug","message":"GET /api/v1/admin/users?page=1&limit=10","service":"iap-service","timestamp":"2026-05-06 15:49:43"}
{"level":"debug","message":"GET /api/v1/admin/dashboard/stats/kpi","service":"iap-service","timestamp":"2026-05-06 15:49:43"}
{"level":"debug","message":"GET /api/v1/admin/dashboard/stats/kpi","service":"iap-service","timestamp":"2026-05-06 15:49:44"}
{"level":"debug","message":"GET /api/v1/admin/giveaway/campaigns?page=1&limit=10","service":"iap-service","timestamp":"2026-05-06 15:51:42"}
{"level":"debug","message":"GET /api/v1/admin/account","service":"iap-service","timestamp":"2026-05-06 15:51:42"}
{"level":"debug","message":"GET /api/v1/admin/profile-review/reported?limit=1","service":"iap-service","timestamp":"2026-05-06 15:51:42"}
{"level":"debug","message":"GET /api/v1/admin/moderation/pending-verifications?limit=1","service":"iap-service","timestamp":"2026-05-06 15:51:42"}
{"level":"debug","message":"GET /api/v1/contact/alltickets?limit=1","service":"iap-service","timestamp":"2026-05-06 15:51:42"}
{"level":"debug","message":"GET /api/v1/admin/dashboard/stats/kpi","service":"iap-service","timestamp":"2026-05-06 15:51:42"}
{"level":"debug","message":"GET /api/v1/admin/users?page=1&limit=10","service":"iap-service","timestamp":"2026-05-06 15:51:43"}
{"level":"debug","message":"GET /api/v1/admin/dashboard/stats/kpi?preset=today","service":"iap-service","timestamp":"2026-05-06 15:51:44"}
{"level":"debug","message":"GET /api/v1/admin/dashboard/stats/kpi","service":"iap-service","timestamp":"2026-05-06 15:51:44"}
{"level":"debug","message":"GET /api/v1/admin/moderation/pending-verifications?limit=1","service":"iap-service","timestamp":"2026-05-06 15:51:44"}
{"level":"debug","message":"GET /api/v1/contact/alltickets?limit=1","service":"iap-service","timestamp":"2026-05-06 15:51:44"}
{"level":"debug","message":"GET /api/v1/admin/account","service":"iap-service","timestamp":"2026-05-06 15:51:44"}
{"level":"debug","message":"GET /api/v1/admin/users?page=1&limit=10","service":"iap-service","timestamp":"2026-05-06 15:51:44"}
{"level":"debug","message":"GET /api/v1/admin/profile-review/reported?limit=1","service":"iap-service","timestamp":"2026-05-06 15:51:44"}
{"level":"debug","message":"GET /api/v1/admin/giveaway/campaigns?page=1&limit=10","service":"iap-service","timestamp":"2026-05-06 15:51:44"}
{"level":"debug","message":"GET /api/v1/admin/dashboard/stats/kpi?preset=today","service":"iap-service","timestamp":"2026-05-06 15:51:44"}
{"level":"debug","message":"GET /api/v1/admin/dashboard/stats/kpi","service":"iap-service","timestamp":"2026-05-06 15:51:44"}
{"level":"debug","message":"GET /api/v1/admin/users?page=1&limit=10","service":"iap-service","timestamp":"2026-05-06 15:51:44"}
{"level":"debug","message":"GET /api/v1/admin/dashboard/stats/kpi","service":"iap-service","timestamp":"2026-05-06 15:51:44"}
{"level":"debug","message":"GET /api/v1/admin/users?page=1&limit=10","service":"iap-service","timestamp":"2026-05-06 15:51:45"}
{"level":"debug","message":"GET /api/v1/admin/giveaway/campaigns?page=1&limit=10","service":"iap-service","timestamp":"2026-05-06 15:53:44"}
{"level":"debug","message":"GET /api/v1/admin/account","service":"iap-service","timestamp":"2026-05-06 15:53:44"}
{"level":"debug","message":"GET /api/v1/admin/profile-review/reported?limit=1","service":"iap-service","timestamp":"2026-05-06 15:53:44"}
{"level":"debug","message":"GET /api/v1/admin/moderation/pending-verifications?limit=1","service":"iap-service","timestamp":"2026-05-06 15:53:44"}
{"level":"debug","message":"GET /api/v1/contact/alltickets?limit=1","service":"iap-service","timestamp":"2026-05-06 15:53:44"}
{"level":"debug","message":"GET /api/v1/contact/alltickets?limit=1","service":"iap-service","timestamp":"2026-05-06 15:53:44"}
{"level":"debug","message":"GET /api/v1/admin/giveaway/campaigns?page=1&limit=10","service":"iap-service","timestamp":"2026-05-06 15:53:44"}
{"level":"debug","message":"GET /api/v1/admin/account","service":"iap-service","timestamp":"2026-05-06 15:53:44"}
{"level":"debug","message":"GET /api/v1/admin/moderation/pending-verifications?limit=1","service":"iap-service","timestamp":"2026-05-06 15:53:44"}
{"level":"debug","message":"GET /api/v1/admin/profile-review/reported?limit=1","service":"iap-service","timestamp":"2026-05-06 15:53:44"}
{"level":"debug","message":"GET /api/v1/admin/dashboard/stats/kpi","service":"iap-service","timestamp":"2026-05-06 15:53:45"}
{"level":"debug","message":"GET /api/v1/admin/users?page=1&limit=10","service":"iap-service","timestamp":"2026-05-06 15:53:45"}
{"level":"debug","message":"GET /api/v1/admin/dashboard/stats/kpi?preset=today","service":"iap-service","timestamp":"2026-05-06 15:53:45"}
{"level":"debug","message":"GET /api/v1/admin/dashboard/stats/kpi","service":"iap-service","timestamp":"2026-05-06 15:53:45"}
{"level":"debug","message":"GET /api/v1/admin/dashboard/stats/kpi?preset=today","service":"iap-service","timestamp":"2026-05-06 15:53:45"}
{"level":"debug","message":"GET /api/v1/admin/users?page=1&limit=10","service":"iap-service","timestamp":"2026-05-06 15:53:45"}
{"level":"debug","message":"GET /api/v1/admin/dashboard/stats/kpi","service":"iap-service","timestamp":"2026-05-06 15:53:46"}
{"level":"debug","message":"GET /api/v1/admin/users?page=1&limit=10","service":"iap-service","timestamp":"2026-05-06 15:53:46"}
{"level":"debug","message":"GET /api/v1/admin/dashboard/stats/kpi","service":"iap-service","timestamp":"2026-05-06 15:53:46"}
{"level":"debug","message":"GET /api/v1/admin/users?page=1&limit=10","service":"iap-service","timestamp":"2026-05-06 15:53:46"}
{"level":"debug","message":"GET /api/v1/admin/giveaway/campaigns?page=1&limit=10","service":"iap-service","timestamp":"2026-05-06 15:55:42"}
{"level":"debug","message":"GET /api/v1/admin/account","service":"iap-service","timestamp":"2026-05-06 15:55:42"}
{"level":"debug","message":"GET /api/v1/admin/profile-review/reported?limit=1","service":"iap-service","timestamp":"2026-05-06 15:55:42"}
{"level":"debug","message":"GET /api/v1/admin/moderation/pending-verifications?limit=1","service":"iap-service","timestamp":"2026-05-06 15:55:42"}
{"level":"debug","message":"GET /api/v1/contact/alltickets?limit=1","service":"iap-service","timestamp":"2026-05-06 15:55:42"}
{"level":"debug","message":"GET /api/v1/contact/alltickets?limit=1","service":"iap-service","timestamp":"2026-05-06 15:55:42"}
{"level":"debug","message":"GET /api/v1/admin/giveaway/campaigns?page=1&limit=10","service":"iap-service","timestamp":"2026-05-06 15:55:42"}
{"level":"debug","message":"GET /api/v1/admin/account","service":"iap-service","timestamp":"2026-05-06 15:55:42"}
{"level":"debug","message":"GET /api/v1/admin/profile-review/reported?limit=1","service":"iap-service","timestamp":"2026-05-06 15:55:42"}
{"level":"debug","message":"GET /api/v1/admin/moderation/pending-verifications?limit=1","service":"iap-service","timestamp":"2026-05-06 15:55:42"}
{"level":"debug","message":"GET /api/v1/admin/dashboard/stats/kpi","service":"iap-service","timestamp":"2026-05-06 15:55:43"}
{"level":"debug","message":"GET /api/v1/admin/users?page=1&limit=10","service":"iap-service","timestamp":"2026-05-06 15:55:43"}
{"level":"debug","message":"GET /api/v1/admin/dashboard/stats/kpi?preset=today","service":"iap-service","timestamp":"2026-05-06 15:55:43"}
{"level":"debug","message":"GET /api/v1/admin/dashboard/stats/kpi","service":"iap-service","timestamp":"2026-05-06 15:55:43"}
{"level":"debug","message":"GET /api/v1/admin/users?page=1&limit=10","service":"iap-service","timestamp":"2026-05-06 15:55:43"}
{"level":"debug","message":"GET /api/v1/admin/dashboard/stats/kpi?preset=today","service":"iap-service","timestamp":"2026-05-06 15:55:43"}
{"level":"debug","message":"GET /api/v1/admin/dashboard/stats/kpi","service":"iap-service","timestamp":"2026-05-06 15:55:43"}
{"level":"debug","message":"GET /api/v1/admin/users?page=1&limit=10","service":"iap-service","timestamp":"2026-05-06 15:55:43"}
{"level":"debug","message":"GET /api/v1/admin/dashboard/stats/kpi","service":"iap-service","timestamp":"2026-05-06 15:55:43"}
{"level":"debug","message":"GET /api/v1/admin/users?page=1&limit=10","service":"iap-service","timestamp":"2026-05-06 15:55:43"}
{"level":"debug","message":"GET /api/v1/admin/giveaway/campaigns?page=1&limit=10","service":"iap-service","timestamp":"2026-05-06 15:57:42"}
{"level":"debug","message":"GET /api/v1/admin/account","service":"iap-service","timestamp":"2026-05-06 15:57:42"}
{"level":"debug","message":"GET /api/v1/admin/profile-review/reported?limit=1","service":"iap-service","timestamp":"2026-05-06 15:57:42"}
{"level":"debug","message":"GET /api/v1/admin/moderation/pending-verifications?limit=1","service":"iap-service","timestamp":"2026-05-06 15:57:42"}
{"level":"debug","message":"GET /api/v1/contact/alltickets?limit=1","service":"iap-service","timestamp":"2026-05-06 15:57:42"}
{"level":"debug","message":"GET /api/v1/contact/alltickets?limit=1","service":"iap-service","timestamp":"2026-05-06 15:57:42"}
{"level":"debug","message":"GET /api/v1/admin/moderation/pending-verifications?limit=1","service":"iap-service","timestamp":"2026-05-06 15:57:42"}
{"level":"debug","message":"GET /api/v1/admin/giveaway/campaigns?page=1&limit=10","service":"iap-service","timestamp":"2026-05-06 15:57:42"}
{"level":"debug","message":"GET /api/v1/admin/profile-review/reported?limit=1","service":"iap-service","timestamp":"2026-05-06 15:57:42"}
{"level":"debug","message":"GET /api/v1/admin/account","service":"iap-service","timestamp":"2026-05-06 15:57:42"}
{"level":"debug","message":"GET /api/v1/admin/dashboard/stats/kpi","service":"iap-service","timestamp":"2026-05-06 15:57:42"}
{"level":"debug","message":"GET /api/v1/admin/users?page=1&limit=10","service":"iap-service","timestamp":"2026-05-06 15:57:42"}
{"level":"debug","message":"GET /api/v1/admin/dashboard/stats/kpi?preset=today","service":"iap-service","timestamp":"2026-05-06 15:57:42"}
{"level":"debug","message":"GET /api/v1/admin/dashboard/stats/kpi?preset=today","service":"iap-service","timestamp":"2026-05-06 15:57:43"}
{"level":"debug","message":"GET /api/v1/admin/dashboard/stats/kpi","service":"iap-service","timestamp":"2026-05-06 15:57:43"}
{"level":"debug","message":"GET /api/v1/admin/users?page=1&limit=10","service":"iap-service","timestamp":"2026-05-06 15:57:43"}
{"level":"debug","message":"GET /api/v1/admin/users?page=1&limit=10","service":"iap-service","timestamp":"2026-05-06 15:57:43"}
{"level":"debug","message":"GET /api/v1/admin/dashboard/stats/kpi","service":"iap-service","timestamp":"2026-05-06 15:57:43"}
{"level":"debug","message":"GET /api/v1/admin/users?page=1&limit=10","service":"iap-service","timestamp":"2026-05-06 15:57:43"}
{"level":"debug","message":"GET /api/v1/admin/dashboard/stats/kpi","service":"iap-service","timestamp":"2026-05-06 15:57:43"}
{"level":"debug","message":"GET /api/v1/admin/giveaway/campaigns?page=1&limit=10","service":"iap-service","timestamp":"2026-05-06 15:59:42"}
{"level":"debug","message":"GET /api/v1/admin/profile-review/reported?limit=1","service":"iap-service","timestamp":"2026-05-06 15:59:42"}
{"level":"debug","message":"GET /api/v1/admin/moderation/pending-verifications?limit=1","service":"iap-service","timestamp":"2026-05-06 15:59:42"}
{"level":"debug","message":"GET /api/v1/admin/account","service":"iap-service","timestamp":"2026-05-06 15:59:42"}
{"level":"debug","message":"GET /api/v1/contact/alltickets?limit=1","service":"iap-service","timestamp":"2026-05-06 15:59:42"}
{"level":"debug","message":"GET /api/v1/admin/dashboard/stats/kpi","service":"iap-service","timestamp":"2026-05-06 15:59:42"}
{"level":"debug","message":"GET /api/v1/admin/users?page=1&limit=10","service":"iap-service","timestamp":"2026-05-06 15:59:42"}
{"level":"debug","message":"GET /api/v1/admin/dashboard/stats/kpi?preset=today","service":"iap-service","timestamp":"2026-05-06 15:59:43"}
{"level":"debug","message":"GET /api/v1/admin/moderation/pending-verifications?limit=1","service":"iap-service","timestamp":"2026-05-06 15:59:43"}
{"level":"debug","message":"GET /api/v1/admin/users?page=1&limit=10","service":"iap-service","timestamp":"2026-05-06 15:59:43"}
{"level":"debug","message":"GET /api/v1/contact/alltickets?limit=1","service":"iap-service","timestamp":"2026-05-06 15:59:43"}
{"level":"debug","message":"GET /api/v1/admin/account","service":"iap-service","timestamp":"2026-05-06 15:59:43"}
{"level":"debug","message":"GET /api/v1/admin/users?page=1&limit=10","service":"iap-service","timestamp":"2026-05-06 15:59:43"}
{"level":"debug","message":"GET /api/v1/admin/dashboard/stats/kpi?preset=today","service":"iap-service","timestamp":"2026-05-06 15:59:43"}
{"level":"debug","message":"GET /api/v1/admin/giveaway/campaigns?page=1&limit=10","service":"iap-service","timestamp":"2026-05-06 15:59:43"}
{"level":"debug","message":"GET /api/v1/admin/users?page=1&limit=10","service":"iap-service","timestamp":"2026-05-06 15:59:43"}
{"level":"debug","message":"GET /api/v1/admin/dashboard/stats/kpi","service":"iap-service","timestamp":"2026-05-06 15:59:44"}
{"level":"debug","message":"GET /api/v1/admin/profile-review/reported?limit=1","service":"iap-service","timestamp":"2026-05-06 15:59:44"}
{"level":"debug","message":"GET /api/v1/admin/dashboard/stats/kpi","service":"iap-service","timestamp":"2026-05-06 15:59:47"}
{"level":"debug","message":"GET /api/v1/admin/dashboard/stats/kpi","service":"iap-service","timestamp":"2026-05-06 15:59:48"}
{"level":"debug","message":"GET /api/v1/admin/subscription/config","service":"iap-service","timestamp":"2026-05-06 16:00:25"}
{"level":"debug","message":"GET /api/v1/admin/subscription/config","service":"iap-service","timestamp":"2026-05-06 16:00:26"}
{"level":"debug","message":"PATCH /api/v1/admin/subscription/config","service":"iap-service","timestamp":"2026-05-06 16:00:59"}
{"level":"debug","message":"GET /api/v1/admin/giveaway/campaigns?page=1&limit=10","service":"iap-service","timestamp":"2026-05-06 16:01:03"}
{"level":"debug","message":"GET /api/v1/admin/account","service":"iap-service","timestamp":"2026-05-06 16:01:03"}
{"level":"debug","message":"GET /api/v1/admin/profile-review/reported?limit=1","service":"iap-service","timestamp":"2026-05-06 16:01:03"}
{"level":"debug","message":"GET /api/v1/admin/moderation/pending-verifications?limit=1","service":"iap-service","timestamp":"2026-05-06 16:01:03"}
{"level":"debug","message":"GET /api/v1/contact/alltickets?limit=1","service":"iap-service","timestamp":"2026-05-06 16:01:03"}
{"level":"debug","message":"GET /api/v1/admin/profile-review/reported?limit=1","service":"iap-service","timestamp":"2026-05-06 16:01:04"}
{"level":"debug","message":"GET /api/v1/admin/subscription/config","service":"iap-service","timestamp":"2026-05-06 16:01:04"}
{"level":"debug","message":"GET /api/v1/admin/subscription/config","service":"iap-service","timestamp":"2026-05-06 16:01:04"}
{"level":"debug","message":"GET /api/v1/contact/alltickets?limit=1","service":"iap-service","timestamp":"2026-05-06 16:01:04"}
{"level":"debug","message":"GET /api/v1/admin/account","service":"iap-service","timestamp":"2026-05-06 16:01:04"}
{"level":"debug","message":"GET /api/v1/admin/moderation/pending-verifications?limit=1","service":"iap-service","timestamp":"2026-05-06 16:01:04"}
{"level":"debug","message":"GET /api/v1/admin/giveaway/campaigns?page=1&limit=10","service":"iap-service","timestamp":"2026-05-06 16:01:04"}
{"level":"debug","message":"GET /api/v1/admin/giveaway/campaigns?page=1&limit=10","service":"iap-service","timestamp":"2026-05-06 16:01:42"}
{"level":"debug","message":"GET /api/v1/admin/profile-review/reported?limit=1","service":"iap-service","timestamp":"2026-05-06 16:01:42"}
{"level":"debug","message":"GET /api/v1/admin/account","service":"iap-service","timestamp":"2026-05-06 16:01:42"}
{"level":"debug","message":"GET /api/v1/admin/moderation/pending-verifications?limit=1","service":"iap-service","timestamp":"2026-05-06 16:01:42"}
{"level":"debug","message":"GET /api/v1/contact/alltickets?limit=1","service":"iap-service","timestamp":"2026-05-06 16:01:42"}
{"level":"debug","message":"GET /api/v1/contact/alltickets?limit=1","service":"iap-service","timestamp":"2026-05-06 16:01:42"}
{"level":"debug","message":"GET /api/v1/admin/moderation/pending-verifications?limit=1","service":"iap-service","timestamp":"2026-05-06 16:01:42"}
{"level":"debug","message":"GET /api/v1/admin/account","service":"iap-service","timestamp":"2026-05-06 16:01:42"}
{"level":"debug","message":"GET /api/v1/admin/dashboard/stats/kpi","service":"iap-service","timestamp":"2026-05-06 16:01:42"}
{"level":"debug","message":"GET /api/v1/admin/users?page=1&limit=10","service":"iap-service","timestamp":"2026-05-06 16:01:42"}
{"level":"debug","message":"GET /api/v1/admin/dashboard/stats/kpi?preset=today","service":"iap-service","timestamp":"2026-05-06 16:01:42"}
{"level":"debug","message":"GET /api/v1/admin/profile-review/reported?limit=1","service":"iap-service","timestamp":"2026-05-06 16:01:43"}
{"level":"debug","message":"GET /api/v1/admin/users?page=1&limit=10","service":"iap-service","timestamp":"2026-05-06 16:01:43"}
{"level":"debug","message":"GET /api/v1/admin/users?page=1&limit=10","service":"iap-service","timestamp":"2026-05-06 16:01:43"}
{"level":"debug","message":"GET /api/v1/admin/giveaway/campaigns?page=1&limit=10","service":"iap-service","timestamp":"2026-05-06 16:01:43"}
{"level":"debug","message":"GET /api/v1/admin/dashboard/stats/kpi?preset=today","service":"iap-service","timestamp":"2026-05-06 16:01:43"}
{"level":"debug","message":"GET /api/v1/admin/users?page=1&limit=10","service":"iap-service","timestamp":"2026-05-06 16:01:43"}
{"level":"debug","message":"GET /api/v1/admin/dashboard/stats/kpi","service":"iap-service","timestamp":"2026-05-06 16:01:43"}
{"level":"debug","message":"GET /api/v1/admin/dashboard/stats/kpi","service":"iap-service","timestamp":"2026-05-06 16:01:44"}
{"level":"debug","message":"GET /api/v1/admin/dashboard/stats/kpi","service":"iap-service","timestamp":"2026-05-06 16:01:45"}
{"level":"debug","message":"GET /api/v1/admin/subscription/subscribers?page=1&limit=10","service":"iap-service","timestamp":"2026-05-06 16:02:02"}
{"level":"debug","message":"GET /api/v1/admin/subscription/users/69ae73313541f14bc378d0ff","service":"iap-service","timestamp":"2026-05-06 16:02:07"}
{"level":"debug","message":"GET /api/v1/admin/subscription/users/69ae73313541f14bc378d0ff","service":"iap-service","timestamp":"2026-05-06 16:02:08"}
{"level":"debug","message":"GET /api/v1/admin/giveaway/campaigns?page=1&limit=10","service":"iap-service","timestamp":"2026-05-06 16:03:42"}
{"level":"debug","message":"GET /api/v1/admin/account","service":"iap-service","timestamp":"2026-05-06 16:03:42"}
{"level":"debug","message":"GET /api/v1/admin/profile-review/reported?limit=1","service":"iap-service","timestamp":"2026-05-06 16:03:42"}
{"level":"debug","message":"GET /api/v1/admin/moderation/pending-verifications?limit=1","service":"iap-service","timestamp":"2026-05-06 16:03:42"}
{"level":"debug","message":"GET /api/v1/contact/alltickets?limit=1","service":"iap-service","timestamp":"2026-05-06 16:03:42"}
{"level":"debug","message":"GET /api/v1/contact/alltickets?limit=1","service":"iap-service","timestamp":"2026-05-06 16:03:42"}
{"level":"debug","message":"GET /api/v1/admin/moderation/pending-verifications?limit=1","service":"iap-service","timestamp":"2026-05-06 16:03:42"}
{"level":"debug","message":"GET /api/v1/admin/dashboard/stats/kpi","service":"iap-service","timestamp":"2026-05-06 16:03:42"}
{"level":"debug","message":"GET /api/v1/admin/users?page=1&limit=10","service":"iap-service","timestamp":"2026-05-06 16:03:42"}
{"level":"debug","message":"GET /api/v1/admin/dashboard/stats/kpi?preset=today","service":"iap-service","timestamp":"2026-05-06 16:03:43"}
{"level":"debug","message":"GET /api/v1/admin/dashboard/stats/kpi","service":"iap-service","timestamp":"2026-05-06 16:03:43"}
{"level":"debug","message":"GET /api/v1/admin/users?page=1&limit=10","service":"iap-service","timestamp":"2026-05-06 16:03:43"}
{"level":"debug","message":"GET /api/v1/admin/dashboard/stats/kpi?preset=today","service":"iap-service","timestamp":"2026-05-06 16:03:43"}
{"level":"debug","message":"GET /api/v1/admin/account","service":"iap-service","timestamp":"2026-05-06 16:03:43"}
{"level":"debug","message":"GET /api/v1/admin/giveaway/campaigns?page=1&limit=10","service":"iap-service","timestamp":"2026-05-06 16:03:43"}
{"level":"debug","message":"GET /api/v1/admin/profile-review/reported?limit=1","service":"iap-service","timestamp":"2026-05-06 16:03:43"}
{"level":"debug","message":"GET /api/v1/admin/dashboard/stats/kpi","service":"iap-service","timestamp":"2026-05-06 16:03:43"}
{"level":"debug","message":"GET /api/v1/admin/users?page=1&limit=10","service":"iap-service","timestamp":"2026-05-06 16:03:43"}
{"level":"debug","message":"GET /api/v1/admin/users?page=1&limit=10","service":"iap-service","timestamp":"2026-05-06 16:03:44"}
{"level":"debug","message":"GET /api/v1/admin/dashboard/stats/kpi","service":"iap-service","timestamp":"2026-05-06 16:03:44"}
{"level":"debug","message":"GET /api/v1/admin/giveaway/campaigns?page=1&limit=10","service":"iap-service","timestamp":"2026-05-06 16:05:42"}
{"level":"debug","message":"GET /api/v1/admin/account","service":"iap-service","timestamp":"2026-05-06 16:05:42"}
{"level":"debug","message":"GET /api/v1/admin/profile-review/reported?limit=1","service":"iap-service","timestamp":"2026-05-06 16:05:42"}
{"level":"debug","message":"GET /api/v1/admin/moderation/pending-verifications?limit=1","service":"iap-service","timestamp":"2026-05-06 16:05:42"}
{"level":"debug","message":"GET /api/v1/contact/alltickets?limit=1","service":"iap-service","timestamp":"2026-05-06 16:05:42"}
{"level":"debug","message":"GET /api/v1/admin/account","service":"iap-service","timestamp":"2026-05-06 16:05:42"}
{"level":"debug","message":"GET /api/v1/admin/moderation/pending-verifications?limit=1","service":"iap-service","timestamp":"2026-05-06 16:05:42"}
{"level":"debug","message":"GET /api/v1/contact/alltickets?limit=1","service":"iap-service","timestamp":"2026-05-06 16:05:42"}
{"level":"debug","message":"GET /api/v1/admin/dashboard/stats/kpi","service":"iap-service","timestamp":"2026-05-06 16:05:43"}
{"level":"debug","message":"GET /api/v1/admin/users?page=1&limit=10","service":"iap-service","timestamp":"2026-05-06 16:05:43"}
{"level":"debug","message":"GET /api/v1/admin/dashboard/stats/kpi?preset=today","service":"iap-service","timestamp":"2026-05-06 16:05:43"}
{"level":"debug","message":"GET /api/v1/admin/profile-review/reported?limit=1","service":"iap-service","timestamp":"2026-05-06 16:05:43"}
{"level":"debug","message":"GET /api/v1/admin/giveaway/campaigns?page=1&limit=10","service":"iap-service","timestamp":"2026-05-06 16:05:43"}
{"level":"debug","message":"GET /api/v1/admin/users?page=1&limit=10","service":"iap-service","timestamp":"2026-05-06 16:05:43"}
{"level":"debug","message":"GET /api/v1/admin/dashboard/stats/kpi?preset=today","service":"iap-service","timestamp":"2026-05-06 16:05:43"}
{"level":"debug","message":"GET /api/v1/admin/dashboard/stats/kpi","service":"iap-service","timestamp":"2026-05-06 16:05:44"}
{"level":"debug","message":"GET /api/v1/admin/users?page=1&limit=10","service":"iap-service","timestamp":"2026-05-06 16:05:44"}
{"level":"debug","message":"GET /api/v1/admin/users?page=1&limit=10","service":"iap-service","timestamp":"2026-05-06 16:05:44"}
{"level":"debug","message":"GET /api/v1/admin/dashboard/stats/kpi","service":"iap-service","timestamp":"2026-05-06 16:05:44"}
{"level":"debug","message":"GET /api/v1/admin/dashboard/stats/kpi","service":"iap-service","timestamp":"2026-05-06 16:05:45"}
{"level":"debug","message":"GET /api/v1/admin/giveaway/campaigns?page=1&limit=10","service":"iap-service","timestamp":"2026-05-06 16:07:42"}
{"level":"debug","message":"GET /api/v1/admin/account","service":"iap-service","timestamp":"2026-05-06 16:07:42"}
{"level":"debug","message":"GET /api/v1/admin/profile-review/reported?limit=1","service":"iap-service","timestamp":"2026-05-06 16:07:42"}
{"level":"debug","message":"GET /api/v1/admin/moderation/pending-verifications?limit=1","service":"iap-service","timestamp":"2026-05-06 16:07:42"}
{"level":"debug","message":"GET /api/v1/contact/alltickets?limit=1","service":"iap-service","timestamp":"2026-05-06 16:07:42"}
{"level":"debug","message":"GET /api/v1/admin/giveaway/campaigns?page=1&limit=10","service":"iap-service","timestamp":"2026-05-06 16:07:42"}
{"level":"debug","message":"GET /api/v1/contact/alltickets?limit=1","service":"iap-service","timestamp":"2026-05-06 16:07:42"}
{"level":"debug","message":"GET /api/v1/admin/account","service":"iap-service","timestamp":"2026-05-06 16:07:42"}
{"level":"debug","message":"GET /api/v1/admin/profile-review/reported?limit=1","service":"iap-service","timestamp":"2026-05-06 16:07:42"}
{"level":"debug","message":"GET /api/v1/admin/moderation/pending-verifications?limit=1","service":"iap-service","timestamp":"2026-05-06 16:07:42"}
{"level":"debug","message":"GET /api/v1/admin/dashboard/stats/kpi","service":"iap-service","timestamp":"2026-05-06 16:07:42"}
{"level":"debug","message":"GET /api/v1/admin/users?page=1&limit=10","service":"iap-service","timestamp":"2026-05-06 16:07:42"}
{"level":"debug","message":"GET /api/v1/admin/dashboard/stats/kpi?preset=today","service":"iap-service","timestamp":"2026-05-06 16:07:42"}
{"level":"debug","message":"GET /api/v1/admin/dashboard/stats/kpi","service":"iap-service","timestamp":"2026-05-06 16:07:43"}
{"level":"debug","message":"GET /api/v1/admin/users?page=1&limit=10","service":"iap-service","timestamp":"2026-05-06 16:07:43"}
{"level":"debug","message":"GET /api/v1/admin/dashboard/stats/kpi?preset=today","service":"iap-service","timestamp":"2026-05-06 16:07:43"}
{"level":"debug","message":"GET /api/v1/admin/dashboard/stats/kpi","service":"iap-service","timestamp":"2026-05-06 16:07:43"}
{"level":"debug","message":"GET /api/v1/admin/dashboard/stats/kpi","service":"iap-service","timestamp":"2026-05-06 16:07:43"}
{"level":"debug","message":"GET /api/v1/admin/users?page=1&limit=10","service":"iap-service","timestamp":"2026-05-06 16:07:43"}
{"level":"debug","message":"GET /api/v1/admin/users?page=1&limit=10","service":"iap-service","timestamp":"2026-05-06 16:07:43"}
{"level":"debug","message":"GET /api/v1/admin/giveaway/campaigns?page=1&limit=10","service":"iap-service","timestamp":"2026-05-06 16:09:42"}
{"level":"debug","message":"GET /api/v1/admin/account","service":"iap-service","timestamp":"2026-05-06 16:09:42"}
{"level":"debug","message":"GET /api/v1/admin/profile-review/reported?limit=1","service":"iap-service","timestamp":"2026-05-06 16:09:42"}
{"level":"debug","message":"GET /api/v1/admin/moderation/pending-verifications?limit=1","service":"iap-service","timestamp":"2026-05-06 16:09:42"}
{"level":"debug","message":"GET /api/v1/contact/alltickets?limit=1","service":"iap-service","timestamp":"2026-05-06 16:09:42"}
{"level":"debug","message":"GET /api/v1/contact/alltickets?limit=1","service":"iap-service","timestamp":"2026-05-06 16:09:42"}
{"level":"debug","message":"GET /api/v1/admin/dashboard/stats/kpi","service":"iap-service","timestamp":"2026-05-06 16:09:42"}
{"level":"debug","message":"GET /api/v1/admin/users?page=1&limit=10","service":"iap-service","timestamp":"2026-05-06 16:09:42"}
{"level":"debug","message":"GET /api/v1/admin/dashboard/stats/kpi?preset=today","service":"iap-service","timestamp":"2026-05-06 16:09:42"}
{"level":"debug","message":"GET /api/v1/admin/moderation/pending-verifications?limit=1","service":"iap-service","timestamp":"2026-05-06 16:09:42"}
{"level":"debug","message":"GET /api/v1/admin/account","service":"iap-service","timestamp":"2026-05-06 16:09:42"}
{"level":"debug","message":"GET /api/v1/admin/dashboard/stats/kpi","service":"iap-service","timestamp":"2026-05-06 16:09:43"}
{"level":"debug","message":"GET /api/v1/admin/dashboard/stats/kpi?preset=today","service":"iap-service","timestamp":"2026-05-06 16:09:43"}
{"level":"debug","message":"GET /api/v1/admin/profile-review/reported?limit=1","service":"iap-service","timestamp":"2026-05-06 16:09:43"}
{"level":"debug","message":"GET /api/v1/admin/users?page=1&limit=10","service":"iap-service","timestamp":"2026-05-06 16:09:43"}
{"level":"debug","message":"GET /api/v1/admin/giveaway/campaigns?page=1&limit=10","service":"iap-service","timestamp":"2026-05-06 16:09:43"}
{"level":"debug","message":"GET /api/v1/admin/users?page=1&limit=10","service":"iap-service","timestamp":"2026-05-06 16:09:43"}
{"level":"debug","message":"GET /api/v1/admin/dashboard/stats/kpi","service":"iap-service","timestamp":"2026-05-06 16:09:43"}
{"level":"debug","message":"GET /api/v1/admin/users?page=1&limit=10","service":"iap-service","timestamp":"2026-05-06 16:09:43"}
{"level":"debug","message":"GET /api/v1/admin/dashboard/stats/kpi","service":"iap-service","timestamp":"2026-05-06 16:09:44"}
{"level":"debug","message":"GET /api/v1/admin/giveaway/campaigns?page=1&limit=10","service":"iap-service","timestamp":"2026-05-06 16:11:42"}
{"level":"debug","message":"GET /api/v1/admin/account","service":"iap-service","timestamp":"2026-05-06 16:11:42"}
{"level":"debug","message":"GET /api/v1/admin/profile-review/reported?limit=1","service":"iap-service","timestamp":"2026-05-06 16:11:42"}
{"level":"debug","message":"GET /api/v1/admin/moderation/pending-verifications?limit=1","service":"iap-service","timestamp":"2026-05-06 16:11:42"}
{"level":"debug","message":"GET /api/v1/contact/alltickets?limit=1","service":"iap-service","timestamp":"2026-05-06 16:11:42"}
{"level":"debug","message":"GET /api/v1/admin/profile-review/reported?limit=1","service":"iap-service","timestamp":"2026-05-06 16:11:42"}
{"level":"debug","message":"GET /api/v1/admin/dashboard/stats/kpi","service":"iap-service","timestamp":"2026-05-06 16:11:42"}
{"level":"debug","message":"GET /api/v1/admin/users?page=1&limit=10","service":"iap-service","timestamp":"2026-05-06 16:11:42"}
{"level":"debug","message":"GET /api/v1/admin/dashboard/stats/kpi?preset=today","service":"iap-service","timestamp":"2026-05-06 16:11:42"}
{"level":"debug","message":"GET /api/v1/admin/moderation/pending-verifications?limit=1","service":"iap-service","timestamp":"2026-05-06 16:11:42"}
{"level":"debug","message":"GET /api/v1/contact/alltickets?limit=1","service":"iap-service","timestamp":"2026-05-06 16:11:42"}
{"level":"debug","message":"GET /api/v1/admin/giveaway/campaigns?page=1&limit=10","service":"iap-service","timestamp":"2026-05-06 16:11:43"}
{"level":"debug","message":"GET /api/v1/admin/dashboard/stats/kpi","service":"iap-service","timestamp":"2026-05-06 16:11:43"}
{"level":"debug","message":"GET /api/v1/admin/dashboard/stats/kpi","service":"iap-service","timestamp":"2026-05-06 16:11:43"}
{"level":"debug","message":"GET /api/v1/admin/dashboard/stats/kpi?preset=today","service":"iap-service","timestamp":"2026-05-06 16:11:43"}
{"level":"debug","message":"GET /api/v1/admin/account","service":"iap-service","timestamp":"2026-05-06 16:11:43"}
{"level":"debug","message":"GET /api/v1/admin/users?page=1&limit=10","service":"iap-service","timestamp":"2026-05-06 16:11:43"}
{"level":"debug","message":"GET /api/v1/admin/dashboard/stats/kpi","service":"iap-service","timestamp":"2026-05-06 16:11:44"}
{"level":"debug","message":"GET /api/v1/admin/users?page=1&limit=10","service":"iap-service","timestamp":"2026-05-06 16:11:44"}
{"level":"debug","message":"GET /api/v1/admin/users?page=1&limit=10","service":"iap-service","timestamp":"2026-05-06 16:11:45"}
{"level":"debug","message":"GET /api/v1/admin/subscription/subscribers?page=1&limit=10","service":"iap-service","timestamp":"2026-05-06 16:12:36"}
{"level":"debug","message":"GET /api/v1/admin/subscription/stats?timeFilter=today","service":"iap-service","timestamp":"2026-05-06 16:12:39"}
{"level":"debug","message":"GET /api/v1/admin/subscription/stats?timeFilter=today","service":"iap-service","timestamp":"2026-05-06 16:12:40"}
{"level":"debug","message":"GET /api/v1/admin/giveaway/campaigns?page=1&limit=10","service":"iap-service","timestamp":"2026-05-06 16:13:42"}
{"level":"debug","message":"GET /api/v1/admin/account","service":"iap-service","timestamp":"2026-05-06 16:13:42"}
{"level":"debug","message":"GET /api/v1/admin/profile-review/reported?limit=1","service":"iap-service","timestamp":"2026-05-06 16:13:42"}
{"level":"debug","message":"GET /api/v1/admin/moderation/pending-verifications?limit=1","service":"iap-service","timestamp":"2026-05-06 16:13:42"}
{"level":"debug","message":"GET /api/v1/contact/alltickets?limit=1","service":"iap-service","timestamp":"2026-05-06 16:13:42"}
{"level":"debug","message":"GET /api/v1/admin/dashboard/stats/kpi","service":"iap-service","timestamp":"2026-05-06 16:13:42"}
{"level":"debug","message":"GET /api/v1/admin/users?page=1&limit=10","service":"iap-service","timestamp":"2026-05-06 16:13:44"}
{"level":"debug","message":"GET /api/v1/admin/dashboard/stats/kpi?preset=today","service":"iap-service","timestamp":"2026-05-06 16:13:44"}
{"level":"debug","message":"GET /api/v1/admin/giveaway/campaigns?page=1&limit=10","service":"iap-service","timestamp":"2026-05-06 16:13:45"}
{"level":"debug","message":"GET /api/v1/admin/moderation/pending-verifications?limit=1","service":"iap-service","timestamp":"2026-05-06 16:13:46"}
{"level":"debug","message":"GET /api/v1/contact/alltickets?limit=1","service":"iap-service","timestamp":"2026-05-06 16:13:47"}
{"level":"debug","message":"GET /api/v1/admin/dashboard/stats/kpi?preset=today","service":"iap-service","timestamp":"2026-05-06 16:13:51"}
{"level":"debug","message":"GET /api/v1/admin/profile-review/reported?limit=1","service":"iap-service","timestamp":"2026-05-06 16:13:54"}
{"level":"debug","message":"GET /api/v1/admin/dashboard/stats/kpi","service":"iap-service","timestamp":"2026-05-06 16:13:55"}
{"level":"debug","message":"GET /api/v1/admin/account","service":"iap-service","timestamp":"2026-05-06 16:13:57"}
{"level":"debug","message":"GET /api/v1/admin/dashboard/stats/kpi","service":"iap-service","timestamp":"2026-05-06 16:13:57"}
{"level":"debug","message":"GET /api/v1/admin/users?page=1&limit=10","service":"iap-service","timestamp":"2026-05-06 16:13:57"}
{"level":"debug","message":"GET /api/v1/admin/users?page=1&limit=10","service":"iap-service","timestamp":"2026-05-06 16:13:57"}
{"level":"debug","message":"GET /api/v1/admin/dashboard/stats/kpi","service":"iap-service","timestamp":"2026-05-06 16:13:58"}
{"level":"debug","message":"GET /api/v1/admin/account","service":"iap-service","timestamp":"2026-05-06 16:15:42"}
{"level":"debug","message":"GET /api/v1/admin/giveaway/campaigns?page=1&limit=10","service":"iap-service","timestamp":"2026-05-06 16:15:42"}
{"level":"debug","message":"GET /api/v1/admin/profile-review/reported?limit=1","service":"iap-service","timestamp":"2026-05-06 16:15:42"}
{"level":"debug","message":"GET /api/v1/admin/moderation/pending-verifications?limit=1","service":"iap-service","timestamp":"2026-05-06 16:15:42"}
{"level":"debug","message":"GET /api/v1/contact/alltickets?limit=1","service":"iap-service","timestamp":"2026-05-06 16:15:42"}
{"level":"debug","message":"GET /api/v1/admin/dashboard/stats/kpi","service":"iap-service","timestamp":"2026-05-06 16:15:42"}
{"level":"debug","message":"GET /api/v1/admin/users?page=1&limit=10","service":"iap-service","timestamp":"2026-05-06 16:15:42"}
{"level":"debug","message":"GET /api/v1/admin/dashboard/stats/kpi?preset=today","service":"iap-service","timestamp":"2026-05-06 16:15:43"}
{"level":"debug","message":"GET /api/v1/admin/moderation/pending-verifications?limit=1","service":"iap-service","timestamp":"2026-05-06 16:15:43"}
{"level":"debug","message":"GET /api/v1/admin/giveaway/campaigns?page=1&limit=10","service":"iap-service","timestamp":"2026-05-06 16:15:43"}
{"level":"debug","message":"GET /api/v1/admin/profile-review/reported?limit=1","service":"iap-service","timestamp":"2026-05-06 16:15:43"}
{"level":"debug","message":"GET /api/v1/admin/account","service":"iap-service","timestamp":"2026-05-06 16:15:43"}
{"level":"debug","message":"GET /api/v1/admin/dashboard/stats/kpi?preset=today","service":"iap-service","timestamp":"2026-05-06 16:15:43"}
{"level":"debug","message":"GET /api/v1/admin/users?page=1&limit=10","service":"iap-service","timestamp":"2026-05-06 16:15:44"}
{"level":"debug","message":"GET /api/v1/contact/alltickets?limit=1","service":"iap-service","timestamp":"2026-05-06 16:15:44"}
{"level":"debug","message":"GET /api/v1/admin/users?page=1&limit=10","service":"iap-service","timestamp":"2026-05-06 16:15:45"}
{"level":"debug","message":"GET /api/v1/admin/users?page=1&limit=10","service":"iap-service","timestamp":"2026-05-06 16:15:45"}
{"level":"debug","message":"GET /api/v1/admin/dashboard/stats/kpi","service":"iap-service","timestamp":"2026-05-06 16:15:47"}
{"level":"debug","message":"GET /api/v1/admin/dashboard/stats/kpi","service":"iap-service","timestamp":"2026-05-06 16:15:48"}
{"level":"debug","message":"GET /api/v1/admin/dashboard/stats/kpi","service":"iap-service","timestamp":"2026-05-06 16:15:50"}
{"level":"debug","message":"GET /api/v1/admin/giveaway/campaigns?page=1&limit=10","service":"iap-service","timestamp":"2026-05-06 16:17:42"}
{"level":"debug","message":"GET /api/v1/admin/account","service":"iap-service","timestamp":"2026-05-06 16:17:42"}
{"level":"debug","message":"GET /api/v1/admin/profile-review/reported?limit=1","service":"iap-service","timestamp":"2026-05-06 16:17:42"}
{"level":"debug","message":"GET /api/v1/admin/moderation/pending-verifications?limit=1","service":"iap-service","timestamp":"2026-05-06 16:17:42"}
{"level":"debug","message":"GET /api/v1/contact/alltickets?limit=1","service":"iap-service","timestamp":"2026-05-06 16:17:42"}
{"level":"debug","message":"GET /api/v1/contact/alltickets?limit=1","service":"iap-service","timestamp":"2026-05-06 16:17:42"}
{"level":"debug","message":"GET /api/v1/admin/giveaway/campaigns?page=1&limit=10","service":"iap-service","timestamp":"2026-05-06 16:17:42"}
{"level":"debug","message":"GET /api/v1/admin/dashboard/stats/kpi","service":"iap-service","timestamp":"2026-05-06 16:17:42"}
{"level":"debug","message":"GET /api/v1/admin/users?page=1&limit=10","service":"iap-service","timestamp":"2026-05-06 16:17:42"}
{"level":"debug","message":"GET /api/v1/admin/dashboard/stats/kpi?preset=today","service":"iap-service","timestamp":"2026-05-06 16:17:42"}
{"level":"debug","message":"GET /api/v1/admin/moderation/pending-verifications?limit=1","service":"iap-service","timestamp":"2026-05-06 16:17:42"}
{"level":"debug","message":"GET /api/v1/admin/profile-review/reported?limit=1","service":"iap-service","timestamp":"2026-05-06 16:17:42"}
{"level":"debug","message":"GET /api/v1/admin/dashboard/stats/kpi","service":"iap-service","timestamp":"2026-05-06 16:17:43"}
{"level":"debug","message":"GET /api/v1/admin/account","service":"iap-service","timestamp":"2026-05-06 16:17:43"}
{"level":"debug","message":"GET /api/v1/admin/dashboard/stats/kpi?preset=today","service":"iap-service","timestamp":"2026-05-06 16:17:43"}
{"level":"debug","message":"GET /api/v1/admin/users?page=1&limit=10","service":"iap-service","timestamp":"2026-05-06 16:17:43"}
{"level":"debug","message":"GET /api/v1/admin/dashboard/stats/kpi","service":"iap-service","timestamp":"2026-05-06 16:17:43"}
{"level":"debug","message":"GET /api/v1/admin/users?page=1&limit=10","service":"iap-service","timestamp":"2026-05-06 16:17:43"}
{"level":"debug","message":"GET /api/v1/admin/users?page=1&limit=10","service":"iap-service","timestamp":"2026-05-06 16:17:43"}
{"level":"debug","message":"GET /api/v1/admin/dashboard/stats/kpi","service":"iap-service","timestamp":"2026-05-06 16:17:43"}
{"level":"debug","message":"GET /api/v1/admin/users?page=1&limit=10&gender=","service":"iap-service","timestamp":"2026-05-06 16:19:20"}
{"level":"debug","message":"GET /api/v1/admin/users?page=1&limit=10&search=sumit&gender=","service":"iap-service","timestamp":"2026-05-06 16:19:24"}
{"level":"debug","message":"GET /api/v1/admin/users/698f20c11ff3e123d1038296","service":"iap-service","timestamp":"2026-05-06 16:19:26"}
{"level":"debug","message":"GET /api/v1/admin/users/698f20c11ff3e123d1038296","service":"iap-service","timestamp":"2026-05-06 16:19:29"}
{"level":"debug","message":"GET /api/v1/admin/giveaway/campaigns?page=1&limit=10","service":"iap-service","timestamp":"2026-05-06 16:19:42"}
{"level":"debug","message":"GET /api/v1/admin/account","service":"iap-service","timestamp":"2026-05-06 16:19:42"}
{"level":"debug","message":"GET /api/v1/admin/profile-review/reported?limit=1","service":"iap-service","timestamp":"2026-05-06 16:19:42"}
{"level":"debug","message":"GET /api/v1/contact/alltickets?limit=1","service":"iap-service","timestamp":"2026-05-06 16:19:42"}
{"level":"debug","message":"GET /api/v1/admin/moderation/pending-verifications?limit=1","service":"iap-service","timestamp":"2026-05-06 16:19:42"}
{"level":"debug","message":"GET /api/v1/admin/dashboard/stats/kpi","service":"iap-service","timestamp":"2026-05-06 16:19:42"}
{"level":"debug","message":"GET /api/v1/admin/users?page=1&limit=10","service":"iap-service","timestamp":"2026-05-06 16:19:42"}
{"level":"debug","message":"GET /api/v1/admin/dashboard/stats/kpi?preset=today","service":"iap-service","timestamp":"2026-05-06 16:19:42"}
{"level":"debug","message":"GET /api/v1/admin/moderation/pending-verifications?limit=1","service":"iap-service","timestamp":"2026-05-06 16:19:42"}
{"level":"debug","message":"GET /api/v1/admin/giveaway/campaigns?page=1&limit=10","service":"iap-service","timestamp":"2026-05-06 16:19:43"}
{"level":"debug","message":"GET /api/v1/admin/account","service":"iap-service","timestamp":"2026-05-06 16:19:43"}
{"level":"debug","message":"GET /api/v1/admin/dashboard/stats/kpi","service":"iap-service","timestamp":"2026-05-06 16:19:43"}
{"level":"debug","message":"GET /api/v1/contact/alltickets?limit=1","service":"iap-service","timestamp":"2026-05-06 16:19:43"}
{"level":"debug","message":"GET /api/v1/admin/profile-review/reported?limit=1","service":"iap-service","timestamp":"2026-05-06 16:19:43"}
{"level":"debug","message":"GET /api/v1/admin/users?page=1&limit=10","service":"iap-service","timestamp":"2026-05-06 16:19:43"}
{"level":"debug","message":"GET /api/v1/admin/dashboard/stats/kpi","service":"iap-service","timestamp":"2026-05-06 16:19:43"}
{"level":"debug","message":"GET /api/v1/admin/users?page=1&limit=10","service":"iap-service","timestamp":"2026-05-06 16:19:43"}
{"level":"debug","message":"GET /api/v1/admin/users?page=1&limit=10","service":"iap-service","timestamp":"2026-05-06 16:19:43"}
{"level":"debug","message":"GET /api/v1/admin/dashboard/stats/kpi?preset=today","service":"iap-service","timestamp":"2026-05-06 16:19:43"}
{"level":"debug","message":"GET /api/v1/admin/dashboard/stats/kpi","service":"iap-service","timestamp":"2026-05-06 16:19:43"}
{"level":"debug","message":"GET /api/v1/admin/giveaway/campaigns?page=1&limit=10","service":"iap-service","timestamp":"2026-05-06 16:20:42"}
{"level":"debug","message":"GET /api/v1/admin/account","service":"iap-service","timestamp":"2026-05-06 16:20:42"}
{"level":"debug","message":"GET /api/v1/admin/profile-review/reported?limit=1","service":"iap-service","timestamp":"2026-05-06 16:20:42"}
{"level":"debug","message":"GET /api/v1/admin/moderation/pending-verifications?limit=1","service":"iap-service","timestamp":"2026-05-06 16:20:42"}
{"level":"debug","message":"GET /api/v1/contact/alltickets?limit=1","service":"iap-service","timestamp":"2026-05-06 16:20:42"}
{"level":"debug","message":"GET /api/v1/admin/profile-review/reported?limit=1","service":"iap-service","timestamp":"2026-05-06 16:20:42"}
{"level":"debug","message":"GET /api/v1/contact/alltickets?limit=1","service":"iap-service","timestamp":"2026-05-06 16:20:42"}
{"level":"debug","message":"GET /api/v1/admin/moderation/pending-verifications?limit=1","service":"iap-service","timestamp":"2026-05-06 16:20:42"}
{"level":"debug","message":"GET /api/v1/admin/giveaway/campaigns?page=1&limit=10","service":"iap-service","timestamp":"2026-05-06 16:20:42"}
{"level":"debug","message":"GET /api/v1/admin/account","service":"iap-service","timestamp":"2026-05-06 16:20:43"}
{"level":"debug","message":"GET /api/v1/admin/users/698f20c11ff3e123d1038296","service":"iap-service","timestamp":"2026-05-06 16:20:43"}
{"level":"debug","message":"GET /api/v1/admin/users/698f20c11ff3e123d1038296","service":"iap-service","timestamp":"2026-05-06 16:20:44"}
{"level":"debug","message":"GET /api/v1/admin/giveaway/campaigns?page=1&limit=10","service":"iap-service","timestamp":"2026-05-06 16:21:42"}
{"level":"debug","message":"GET /api/v1/admin/account","service":"iap-service","timestamp":"2026-05-06 16:21:42"}
{"level":"debug","message":"GET /api/v1/admin/profile-review/reported?limit=1","service":"iap-service","timestamp":"2026-05-06 16:21:42"}
{"level":"debug","message":"GET /api/v1/admin/moderation/pending-verifications?limit=1","service":"iap-service","timestamp":"2026-05-06 16:21:42"}
{"level":"debug","message":"GET /api/v1/contact/alltickets?limit=1","service":"iap-service","timestamp":"2026-05-06 16:21:42"}
{"level":"debug","message":"GET /api/v1/contact/alltickets?limit=1","service":"iap-service","timestamp":"2026-05-06 16:21:42"}
{"level":"debug","message":"GET /api/v1/admin/dashboard/stats/kpi","service":"iap-service","timestamp":"2026-05-06 16:21:42"}
{"level":"debug","message":"GET /api/v1/admin/users?page=1&limit=10","service":"iap-service","timestamp":"2026-05-06 16:21:42"}
{"level":"debug","message":"GET /api/v1/admin/dashboard/stats/kpi?preset=today","service":"iap-service","timestamp":"2026-05-06 16:21:42"}
{"level":"debug","message":"GET /api/v1/admin/giveaway/campaigns?page=1&limit=10","service":"iap-service","timestamp":"2026-05-06 16:21:42"}
{"level":"debug","message":"GET /api/v1/admin/moderation/pending-verifications?limit=1","service":"iap-service","timestamp":"2026-05-06 16:21:42"}
{"level":"debug","message":"GET /api/v1/admin/profile-review/reported?limit=1","service":"iap-service","timestamp":"2026-05-06 16:21:43"}
{"level":"debug","message":"GET /api/v1/admin/account","service":"iap-service","timestamp":"2026-05-06 16:21:43"}
{"level":"debug","message":"GET /api/v1/admin/dashboard/stats/kpi","service":"iap-service","timestamp":"2026-05-06 16:21:43"}
{"level":"debug","message":"GET /api/v1/admin/dashboard/stats/kpi?preset=today","service":"iap-service","timestamp":"2026-05-06 16:21:43"}
{"level":"debug","message":"GET /api/v1/admin/users?page=1&limit=10","service":"iap-service","timestamp":"2026-05-06 16:21:43"}
{"level":"debug","message":"GET /api/v1/admin/users?page=1&limit=10","service":"iap-service","timestamp":"2026-05-06 16:21:44"}
{"level":"debug","message":"GET /api/v1/admin/dashboard/stats/kpi","service":"iap-service","timestamp":"2026-05-06 16:21:44"}
{"level":"debug","message":"GET /api/v1/admin/users?page=1&limit=10","service":"iap-service","timestamp":"2026-05-06 16:21:44"}
{"level":"debug","message":"GET /api/v1/admin/dashboard/stats/kpi","service":"iap-service","timestamp":"2026-05-06 16:21:44"}
{"level":"debug","message":"GET /api/v1/admin/giveaway/campaigns?page=1&limit=10","service":"iap-service","timestamp":"2026-05-06 16:23:42"}
{"level":"debug","message":"GET /api/v1/admin/account","service":"iap-service","timestamp":"2026-05-06 16:23:42"}
{"level":"debug","message":"GET /api/v1/admin/profile-review/reported?limit=1","service":"iap-service","timestamp":"2026-05-06 16:23:42"}
{"level":"debug","message":"GET /api/v1/admin/moderation/pending-verifications?limit=1","service":"iap-service","timestamp":"2026-05-06 16:23:42"}
{"level":"debug","message":"GET /api/v1/contact/alltickets?limit=1","service":"iap-service","timestamp":"2026-05-06 16:23:42"}
{"level":"debug","message":"GET /api/v1/admin/dashboard/stats/kpi","service":"iap-service","timestamp":"2026-05-06 16:23:42"}
{"level":"debug","message":"GET /api/v1/admin/users?page=1&limit=10","service":"iap-service","timestamp":"2026-05-06 16:23:43"}
{"level":"debug","message":"GET /api/v1/admin/dashboard/stats/kpi?preset=today","service":"iap-service","timestamp":"2026-05-06 16:23:43"}
{"level":"debug","message":"GET /api/v1/contact/alltickets?limit=1","service":"iap-service","timestamp":"2026-05-06 16:23:43"}
{"level":"debug","message":"GET /api/v1/admin/moderation/pending-verifications?limit=1","service":"iap-service","timestamp":"2026-05-06 16:23:45"}
{"level":"debug","message":"GET /api/v1/admin/dashboard/stats/kpi","service":"iap-service","timestamp":"2026-05-06 16:23:47"}
{"level":"debug","message":"GET /api/v1/admin/dashboard/stats/kpi?preset=today","service":"iap-service","timestamp":"2026-05-06 16:23:48"}
{"level":"debug","message":"GET /api/v1/admin/dashboard/stats/kpi","service":"iap-service","timestamp":"2026-05-06 16:23:50"}
{"level":"debug","message":"GET /api/v1/admin/giveaway/campaigns?page=1&limit=10","service":"iap-service","timestamp":"2026-05-06 16:23:50"}
{"level":"debug","message":"GET /api/v1/admin/profile-review/reported?limit=1","service":"iap-service","timestamp":"2026-05-06 16:23:50"}
{"level":"debug","message":"GET /api/v1/admin/account","service":"iap-service","timestamp":"2026-05-06 16:23:50"}
{"level":"debug","message":"GET /api/v1/admin/dashboard/stats/kpi","service":"iap-service","timestamp":"2026-05-06 16:23:51"}
{"level":"debug","message":"GET /api/v1/admin/users?page=1&limit=10","service":"iap-service","timestamp":"2026-05-06 16:23:57"}
{"level":"debug","message":"GET /api/v1/admin/users?page=1&limit=10","service":"iap-service","timestamp":"2026-05-06 16:23:57"}
{"level":"debug","message":"GET /api/v1/admin/users?page=1&limit=10","service":"iap-service","timestamp":"2026-05-06 16:23:58"}
{"level":"debug","message":"GET /api/v1/admin/users?page=1&limit=10&gender=","service":"iap-service","timestamp":"2026-05-06 16:25:12"}
{"level":"debug","message":"GET /api/v1/admin/users?page=1&limit=10&search=raj&gender=","service":"iap-service","timestamp":"2026-05-06 16:25:15"}
{"level":"debug","message":"GET /api/v1/admin/users/69be85dc6c136e3dc10e8d10","service":"iap-service","timestamp":"2026-05-06 16:25:18"}
{"level":"debug","message":"GET /api/v1/admin/users/69be85dc6c136e3dc10e8d10","service":"iap-service","timestamp":"2026-05-06 16:25:19"}
{"level":"debug","message":"GET /api/v1/admin/giveaway/campaigns?page=1&limit=10","service":"iap-service","timestamp":"2026-05-06 16:25:43"}
{"level":"debug","message":"GET /api/v1/admin/account","service":"iap-service","timestamp":"2026-05-06 16:25:43"}
{"level":"debug","message":"GET /api/v1/admin/profile-review/reported?limit=1","service":"iap-service","timestamp":"2026-05-06 16:25:43"}
{"level":"debug","message":"GET /api/v1/admin/moderation/pending-verifications?limit=1","service":"iap-service","timestamp":"2026-05-06 16:25:43"}
{"level":"debug","message":"GET /api/v1/contact/alltickets?limit=1","service":"iap-service","timestamp":"2026-05-06 16:25:43"}
{"level":"debug","message":"GET /api/v1/contact/alltickets?limit=1","service":"iap-service","timestamp":"2026-05-06 16:25:43"}
{"level":"debug","message":"GET /api/v1/admin/giveaway/campaigns?page=1&limit=10","service":"iap-service","timestamp":"2026-05-06 16:25:43"}
{"level":"debug","message":"GET /api/v1/admin/account","service":"iap-service","timestamp":"2026-05-06 16:25:43"}
{"level":"debug","message":"GET /api/v1/admin/profile-review/reported?limit=1","service":"iap-service","timestamp":"2026-05-06 16:25:43"}
{"level":"debug","message":"GET /api/v1/admin/moderation/pending-verifications?limit=1","service":"iap-service","timestamp":"2026-05-06 16:25:43"}
{"level":"debug","message":"GET /api/v1/admin/dashboard/stats/kpi","service":"iap-service","timestamp":"2026-05-06 16:25:44"}
{"level":"debug","message":"GET /api/v1/admin/users?page=1&limit=10","service":"iap-service","timestamp":"2026-05-06 16:25:44"}
{"level":"debug","message":"GET /api/v1/admin/dashboard/stats/kpi?preset=today","service":"iap-service","timestamp":"2026-05-06 16:25:44"}
{"level":"debug","message":"GET /api/v1/admin/users?page=1&limit=10","service":"iap-service","timestamp":"2026-05-06 16:25:44"}
{"level":"debug","message":"GET /api/v1/admin/dashboard/stats/kpi","service":"iap-service","timestamp":"2026-05-06 16:25:44"}
{"level":"debug","message":"GET /api/v1/admin/dashboard/stats/kpi?preset=today","service":"iap-service","timestamp":"2026-05-06 16:25:44"}
{"level":"debug","message":"GET /api/v1/admin/dashboard/stats/kpi","service":"iap-service","timestamp":"2026-05-06 16:25:44"}
{"level":"debug","message":"GET /api/v1/admin/users?page=1&limit=10","service":"iap-service","timestamp":"2026-05-06 16:25:44"}
{"level":"debug","message":"GET /api/v1/admin/dashboard/stats/kpi","service":"iap-service","timestamp":"2026-05-06 16:25:44"}
{"level":"debug","message":"GET /api/v1/admin/users?page=1&limit=10","service":"iap-service","timestamp":"2026-05-06 16:25:44"}
{"level":"debug","message":"POST /api/v1/auth/phonetest","service":"iap-service","timestamp":"2026-05-06 16:26:33"}
{"level":"debug","message":"POST /api/v1/auth/verifytestotp","service":"iap-service","timestamp":"2026-05-06 16:27:07"}
{"level":"debug","message":"GET /api/v1/admin/giveaway/campaigns?page=1&limit=10","service":"iap-service","timestamp":"2026-05-06 16:27:14"}
{"level":"debug","message":"GET /api/v1/admin/account","service":"iap-service","timestamp":"2026-05-06 16:27:14"}
{"level":"debug","message":"GET /api/v1/admin/profile-review/reported?limit=1","service":"iap-service","timestamp":"2026-05-06 16:27:14"}
{"level":"debug","message":"GET /api/v1/admin/moderation/pending-verifications?limit=1","service":"iap-service","timestamp":"2026-05-06 16:27:14"}
{"level":"debug","message":"GET /api/v1/contact/alltickets?limit=1","service":"iap-service","timestamp":"2026-05-06 16:27:14"}
{"level":"debug","message":"GET /api/v1/admin/giveaway/campaigns?page=1&limit=10","service":"iap-service","timestamp":"2026-05-06 16:27:15"}
{"level":"debug","message":"GET /api/v1/admin/moderation/pending-verifications?limit=1","service":"iap-service","timestamp":"2026-05-06 16:27:15"}
{"level":"debug","message":"GET /api/v1/contact/alltickets?limit=1","service":"iap-service","timestamp":"2026-05-06 16:27:15"}
{"level":"debug","message":"GET /api/v1/admin/users/69be85dc6c136e3dc10e8d10","service":"iap-service","timestamp":"2026-05-06 16:27:15"}
{"level":"debug","message":"GET /api/v1/admin/account","service":"iap-service","timestamp":"2026-05-06 16:27:15"}
{"level":"debug","message":"GET /api/v1/admin/users/69be85dc6c136e3dc10e8d10","service":"iap-service","timestamp":"2026-05-06 16:27:16"}
{"level":"debug","message":"GET /api/v1/admin/profile-review/reported?limit=1","service":"iap-service","timestamp":"2026-05-06 16:27:16"}
{"level":"debug","message":"GET /api/v1/admin/giveaway/campaigns?page=1&limit=10","service":"iap-service","timestamp":"2026-05-06 16:27:42"}
{"level":"debug","message":"GET /api/v1/admin/account","service":"iap-service","timestamp":"2026-05-06 16:27:42"}
{"level":"debug","message":"GET /api/v1/admin/profile-review/reported?limit=1","service":"iap-service","timestamp":"2026-05-06 16:27:42"}
{"level":"debug","message":"GET /api/v1/admin/moderation/pending-verifications?limit=1","service":"iap-service","timestamp":"2026-05-06 16:27:42"}
{"level":"debug","message":"GET /api/v1/contact/alltickets?limit=1","service":"iap-service","timestamp":"2026-05-06 16:27:42"}
{"level":"debug","message":"GET /api/v1/admin/dashboard/stats/kpi","service":"iap-service","timestamp":"2026-05-06 16:27:42"}
{"level":"debug","message":"GET /api/v1/admin/users?page=1&limit=10","service":"iap-service","timestamp":"2026-05-06 16:27:42"}
{"level":"debug","message":"GET /api/v1/admin/dashboard/stats/kpi?preset=today","service":"iap-service","timestamp":"2026-05-06 16:27:42"}
{"level":"debug","message":"GET /api/v1/contact/alltickets?limit=1","service":"iap-service","timestamp":"2026-05-06 16:27:42"}
{"level":"debug","message":"GET /api/v1/admin/account","service":"iap-service","timestamp":"2026-05-06 16:27:43"}
{"level":"debug","message":"GET /api/v1/admin/giveaway/campaigns?page=1&limit=10","service":"iap-service","timestamp":"2026-05-06 16:27:43"}
{"level":"debug","message":"GET /api/v1/admin/dashboard/stats/kpi","service":"iap-service","timestamp":"2026-05-06 16:27:43"}
{"level":"debug","message":"GET /api/v1/admin/profile-review/reported?limit=1","service":"iap-service","timestamp":"2026-05-06 16:27:43"}
{"level":"debug","message":"GET /api/v1/admin/moderation/pending-verifications?limit=1","service":"iap-service","timestamp":"2026-05-06 16:27:43"}
{"level":"debug","message":"GET /api/v1/admin/dashboard/stats/kpi","service":"iap-service","timestamp":"2026-05-06 16:27:43"}
{"level":"debug","message":"GET /api/v1/admin/dashboard/stats/kpi?preset=today","service":"iap-service","timestamp":"2026-05-06 16:27:43"}
{"level":"debug","message":"GET /api/v1/admin/dashboard/stats/kpi","service":"iap-service","timestamp":"2026-05-06 16:27:43"}
{"level":"debug","message":"GET /api/v1/admin/users?page=1&limit=10","service":"iap-service","timestamp":"2026-05-06 16:27:44"}
{"level":"debug","message":"GET /api/v1/admin/users?page=1&limit=10","service":"iap-service","timestamp":"2026-05-06 16:27:45"}
{"level":"debug","message":"GET /api/v1/admin/users?page=1&limit=10","service":"iap-service","timestamp":"2026-05-06 16:27:46"}
{"level":"debug","message":"GET /api/v1/admin/giveaway/campaigns?page=1&limit=10","service":"iap-service","timestamp":"2026-05-06 16:29:42"}
{"level":"debug","message":"GET /api/v1/admin/account","service":"iap-service","timestamp":"2026-05-06 16:29:42"}
{"level":"debug","message":"GET /api/v1/admin/profile-review/reported?limit=1","service":"iap-service","timestamp":"2026-05-06 16:29:42"}
{"level":"debug","message":"GET /api/v1/admin/moderation/pending-verifications?limit=1","service":"iap-service","timestamp":"2026-05-06 16:29:42"}
{"level":"debug","message":"GET /api/v1/contact/alltickets?limit=1","service":"iap-service","timestamp":"2026-05-06 16:29:42"}
{"level":"debug","message":"GET /api/v1/contact/alltickets?limit=1","service":"iap-service","timestamp":"2026-05-06 16:29:42"}
{"level":"debug","message":"GET /api/v1/admin/giveaway/campaigns?page=1&limit=10","service":"iap-service","timestamp":"2026-05-06 16:29:42"}
{"level":"debug","message":"GET /api/v1/admin/account","service":"iap-service","timestamp":"2026-05-06 16:29:42"}
{"level":"debug","message":"GET /api/v1/admin/moderation/pending-verifications?limit=1","service":"iap-service","timestamp":"2026-05-06 16:29:42"}
{"level":"debug","message":"GET /api/v1/admin/profile-review/reported?limit=1","service":"iap-service","timestamp":"2026-05-06 16:29:42"}
{"level":"debug","message":"GET /api/v1/admin/dashboard/stats/kpi","service":"iap-service","timestamp":"2026-05-06 16:29:43"}
{"level":"debug","message":"GET /api/v1/admin/users?page=1&limit=10","service":"iap-service","timestamp":"2026-05-06 16:29:43"}
{"level":"debug","message":"GET /api/v1/admin/dashboard/stats/kpi?preset=today","service":"iap-service","timestamp":"2026-05-06 16:29:43"}
{"level":"debug","message":"GET /api/v1/admin/dashboard/stats/kpi","service":"iap-service","timestamp":"2026-05-06 16:29:43"}
{"level":"debug","message":"GET /api/v1/admin/dashboard/stats/kpi?preset=today","service":"iap-service","timestamp":"2026-05-06 16:29:43"}
{"level":"debug","message":"GET /api/v1/admin/users?page=1&limit=10","service":"iap-service","timestamp":"2026-05-06 16:29:43"}
{"level":"debug","message":"GET /api/v1/admin/dashboard/stats/kpi","service":"iap-service","timestamp":"2026-05-06 16:29:43"}
{"level":"debug","message":"GET /api/v1/admin/users?page=1&limit=10","service":"iap-service","timestamp":"2026-05-06 16:29:43"}
{"level":"debug","message":"GET /api/v1/admin/dashboard/stats/kpi","service":"iap-service","timestamp":"2026-05-06 16:29:43"}
{"level":"debug","message":"GET /api/v1/admin/users?page=1&limit=10","service":"iap-service","timestamp":"2026-05-06 16:29:43"}
{"level":"debug","message":"GET /api/v1/admin/giveaway/campaigns?page=1&limit=10","service":"iap-service","timestamp":"2026-05-06 16:31:42"}
{"level":"debug","message":"GET /api/v1/admin/account","service":"iap-service","timestamp":"2026-05-06 16:31:42"}
{"level":"debug","message":"GET /api/v1/admin/profile-review/reported?limit=1","service":"iap-service","timestamp":"2026-05-06 16:31:42"}
{"level":"debug","message":"GET /api/v1/admin/moderation/pending-verifications?limit=1","service":"iap-service","timestamp":"2026-05-06 16:31:42"}
{"level":"debug","message":"GET /api/v1/contact/alltickets?limit=1","service":"iap-service","timestamp":"2026-05-06 16:31:42"}
{"level":"debug","message":"GET /api/v1/admin/giveaway/campaigns?page=1&limit=10","service":"iap-service","timestamp":"2026-05-06 16:31:42"}
{"level":"debug","message":"GET /api/v1/contact/alltickets?limit=1","service":"iap-service","timestamp":"2026-05-06 16:31:42"}
{"level":"debug","message":"GET /api/v1/admin/account","service":"iap-service","timestamp":"2026-05-06 16:31:42"}
{"level":"debug","message":"GET /api/v1/admin/moderation/pending-verifications?limit=1","service":"iap-service","timestamp":"2026-05-06 16:31:42"}
{"level":"debug","message":"GET /api/v1/admin/profile-review/reported?limit=1","service":"iap-service","timestamp":"2026-05-06 16:31:42"}
{"level":"debug","message":"GET /api/v1/admin/dashboard/stats/kpi","service":"iap-service","timestamp":"2026-05-06 16:31:42"}
{"level":"debug","message":"GET /api/v1/admin/users?page=1&limit=10","service":"iap-service","timestamp":"2026-05-06 16:31:42"}
{"level":"debug","message":"GET /api/v1/admin/dashboard/stats/kpi?preset=today","service":"iap-service","timestamp":"2026-05-06 16:31:42"}
{"level":"debug","message":"GET /api/v1/admin/dashboard/stats/kpi","service":"iap-service","timestamp":"2026-05-06 16:31:43"}
{"level":"debug","message":"GET /api/v1/admin/users?page=1&limit=10","service":"iap-service","timestamp":"2026-05-06 16:31:43"}
{"level":"debug","message":"GET /api/v1/admin/dashboard/stats/kpi?preset=today","service":"iap-service","timestamp":"2026-05-06 16:31:43"}
{"level":"debug","message":"GET /api/v1/admin/dashboard/stats/kpi","service":"iap-service","timestamp":"2026-05-06 16:31:43"}
{"level":"debug","message":"GET /api/v1/admin/users?page=1&limit=10","service":"iap-service","timestamp":"2026-05-06 16:31:43"}
{"level":"debug","message":"GET /api/v1/admin/dashboard/stats/kpi","service":"iap-service","timestamp":"2026-05-06 16:31:43"}
{"level":"debug","message":"GET /api/v1/admin/users?page=1&limit=10","service":"iap-service","timestamp":"2026-05-06 16:31:43"}
{"level":"debug","message":"POST /api/v1/auth/phonetest","service":"iap-service","timestamp":"2026-05-06 16:31:55"}
{"level":"debug","message":"POST /api/v1/auth/verifytestotp","service":"iap-service","timestamp":"2026-05-06 16:32:04"}
{"level":"debug","message":"GET /api/v1/admin/giveaway/campaigns?page=1&limit=10","service":"iap-service","timestamp":"2026-05-06 16:32:07"}
{"level":"debug","message":"GET /api/v1/admin/account","service":"iap-service","timestamp":"2026-05-06 16:32:07"}
{"level":"debug","message":"GET /api/v1/admin/profile-review/reported?limit=1","service":"iap-service","timestamp":"2026-05-06 16:32:07"}
{"level":"debug","message":"GET /api/v1/admin/moderation/pending-verifications?limit=1","service":"iap-service","timestamp":"2026-05-06 16:32:07"}
{"level":"debug","message":"GET /api/v1/contact/alltickets?limit=1","service":"iap-service","timestamp":"2026-05-06 16:32:07"}
{"level":"debug","message":"GET /api/v1/admin/giveaway/campaigns?page=1&limit=10","service":"iap-service","timestamp":"2026-05-06 16:32:07"}
{"level":"debug","message":"GET /api/v1/contact/alltickets?limit=1","service":"iap-service","timestamp":"2026-05-06 16:32:07"}
{"level":"debug","message":"GET /api/v1/admin/account","service":"iap-service","timestamp":"2026-05-06 16:32:07"}
{"level":"debug","message":"GET /api/v1/admin/profile-review/reported?limit=1","service":"iap-service","timestamp":"2026-05-06 16:32:07"}
{"level":"debug","message":"GET /api/v1/admin/moderation/pending-verifications?limit=1","service":"iap-service","timestamp":"2026-05-06 16:32:07"}
{"level":"debug","message":"GET /api/v1/admin/users/69be85dc6c136e3dc10e8d10","service":"iap-service","timestamp":"2026-05-06 16:32:08"}
{"level":"debug","message":"GET /api/v1/admin/users/69be85dc6c136e3dc10e8d10","service":"iap-service","timestamp":"2026-05-06 16:32:08"}
{"level":"debug","message":"GET /api/v1/admin/giveaway/campaigns?page=1&limit=10","service":"iap-service","timestamp":"2026-05-06 16:32:47"}
{"level":"debug","message":"GET /api/v1/admin/account","service":"iap-service","timestamp":"2026-05-06 16:32:47"}
{"level":"debug","message":"GET /api/v1/admin/profile-review/reported?limit=1","service":"iap-service","timestamp":"2026-05-06 16:32:47"}
{"level":"debug","message":"GET /api/v1/admin/moderation/pending-verifications?limit=1","service":"iap-service","timestamp":"2026-05-06 16:32:47"}
{"level":"debug","message":"GET /api/v1/contact/alltickets?limit=1","service":"iap-service","timestamp":"2026-05-06 16:32:47"}
{"level":"debug","message":"GET /api/v1/admin/giveaway/campaigns?page=1&limit=10","service":"iap-service","timestamp":"2026-05-06 16:32:47"}
{"level":"debug","message":"GET /api/v1/contact/alltickets?limit=1","service":"iap-service","timestamp":"2026-05-06 16:32:47"}
{"level":"debug","message":"GET /api/v1/admin/account","service":"iap-service","timestamp":"2026-05-06 16:32:48"}
{"level":"debug","message":"GET /api/v1/admin/profile-review/reported?limit=1","service":"iap-service","timestamp":"2026-05-06 16:32:48"}
{"level":"debug","message":"GET /api/v1/admin/moderation/pending-verifications?limit=1","service":"iap-service","timestamp":"2026-05-06 16:32:48"}
{"level":"debug","message":"GET /api/v1/admin/users/69be85dc6c136e3dc10e8d10","service":"iap-service","timestamp":"2026-05-06 16:32:48"}
{"level":"debug","message":"GET /api/v1/admin/users/69be85dc6c136e3dc10e8d10","service":"iap-service","timestamp":"2026-05-06 16:32:49"}
{"level":"debug","message":"GET /api/v1/admin/giveaway/campaigns?page=1&limit=10","service":"iap-service","timestamp":"2026-05-06 16:33:42"}
{"level":"debug","message":"GET /api/v1/admin/account","service":"iap-service","timestamp":"2026-05-06 16:33:42"}
{"level":"debug","message":"GET /api/v1/admin/profile-review/reported?limit=1","service":"iap-service","timestamp":"2026-05-06 16:33:42"}
{"level":"debug","message":"GET /api/v1/admin/moderation/pending-verifications?limit=1","service":"iap-service","timestamp":"2026-05-06 16:33:42"}
{"level":"debug","message":"GET /api/v1/contact/alltickets?limit=1","service":"iap-service","timestamp":"2026-05-06 16:33:42"}
{"level":"debug","message":"GET /api/v1/admin/giveaway/campaigns?page=1&limit=10","service":"iap-service","timestamp":"2026-05-06 16:33:42"}
{"level":"debug","message":"GET /api/v1/contact/alltickets?limit=1","service":"iap-service","timestamp":"2026-05-06 16:33:42"}
{"level":"debug","message":"GET /api/v1/admin/profile-review/reported?limit=1","service":"iap-service","timestamp":"2026-05-06 16:33:42"}
{"level":"debug","message":"GET /api/v1/admin/account","service":"iap-service","timestamp":"2026-05-06 16:33:42"}
{"level":"debug","message":"GET /api/v1/admin/moderation/pending-verifications?limit=1","service":"iap-service","timestamp":"2026-05-06 16:33:42"}
{"level":"debug","message":"GET /api/v1/admin/dashboard/stats/kpi","service":"iap-service","timestamp":"2026-05-06 16:33:42"}
{"level":"debug","message":"GET /api/v1/admin/users?page=1&limit=10","service":"iap-service","timestamp":"2026-05-06 16:33:42"}
{"level":"debug","message":"GET /api/v1/admin/dashboard/stats/kpi?preset=today","service":"iap-service","timestamp":"2026-05-06 16:33:42"}
{"level":"debug","message":"GET /api/v1/admin/dashboard/stats/kpi","service":"iap-service","timestamp":"2026-05-06 16:33:43"}
{"level":"debug","message":"GET /api/v1/admin/users?page=1&limit=10","service":"iap-service","timestamp":"2026-05-06 16:33:43"}
{"level":"debug","message":"GET /api/v1/admin/dashboard/stats/kpi?preset=today","service":"iap-service","timestamp":"2026-05-06 16:33:43"}
{"level":"debug","message":"GET /api/v1/admin/dashboard/stats/kpi","service":"iap-service","timestamp":"2026-05-06 16:33:43"}
{"level":"debug","message":"GET /api/v1/admin/users?page=1&limit=10","service":"iap-service","timestamp":"2026-05-06 16:33:43"}
{"level":"debug","message":"GET /api/v1/admin/dashboard/stats/kpi","service":"iap-service","timestamp":"2026-05-06 16:33:43"}
{"level":"debug","message":"GET /api/v1/admin/users?page=1&limit=10","service":"iap-service","timestamp":"2026-05-06 16:33:43"}
{"level":"debug","message":"POST /api/v1/auth/phonetest","service":"iap-service","timestamp":"2026-05-06 16:34:43"}
{"level":"debug","message":"POST /api/v1/auth/verifytestotp","service":"iap-service","timestamp":"2026-05-06 16:34:55"}
{"level":"debug","message":"GET /api/v1/admin/giveaway/campaigns?page=1&limit=10","service":"iap-service","timestamp":"2026-05-06 16:35:00"}
{"level":"debug","message":"GET /api/v1/admin/account","service":"iap-service","timestamp":"2026-05-06 16:35:00"}
{"level":"debug","message":"GET /api/v1/admin/profile-review/reported?limit=1","service":"iap-service","timestamp":"2026-05-06 16:35:00"}
{"level":"debug","message":"GET /api/v1/admin/moderation/pending-verifications?limit=1","service":"iap-service","timestamp":"2026-05-06 16:35:00"}
{"level":"debug","message":"GET /api/v1/contact/alltickets?limit=1","service":"iap-service","timestamp":"2026-05-06 16:35:00"}
{"level":"debug","message":"GET /api/v1/admin/giveaway/campaigns?page=1&limit=10","service":"iap-service","timestamp":"2026-05-06 16:35:00"}
{"level":"debug","message":"GET /api/v1/contact/alltickets?limit=1","service":"iap-service","timestamp":"2026-05-06 16:35:00"}
{"level":"debug","message":"GET /api/v1/admin/account","service":"iap-service","timestamp":"2026-05-06 16:35:00"}
{"level":"debug","message":"GET /api/v1/admin/profile-review/reported?limit=1","service":"iap-service","timestamp":"2026-05-06 16:35:00"}
{"level":"debug","message":"GET /api/v1/admin/moderation/pending-verifications?limit=1","service":"iap-service","timestamp":"2026-05-06 16:35:00"}
{"level":"debug","message":"GET /api/v1/admin/users/69be85dc6c136e3dc10e8d10","service":"iap-service","timestamp":"2026-05-06 16:35:01"}
{"level":"debug","message":"GET /api/v1/admin/users/69be85dc6c136e3dc10e8d10","service":"iap-service","timestamp":"2026-05-06 16:35:01"}
{"level":"debug","message":"GET /api/v1/admin/giveaway/campaigns?page=1&limit=10","service":"iap-service","timestamp":"2026-05-06 16:35:42"}
{"level":"debug","message":"GET /api/v1/admin/account","service":"iap-service","timestamp":"2026-05-06 16:35:42"}
{"level":"debug","message":"GET /api/v1/admin/profile-review/reported?limit=1","service":"iap-service","timestamp":"2026-05-06 16:35:42"}
{"level":"debug","message":"GET /api/v1/admin/moderation/pending-verifications?limit=1","service":"iap-service","timestamp":"2026-05-06 16:35:42"}
{"level":"debug","message":"GET /api/v1/contact/alltickets?limit=1","service":"iap-service","timestamp":"2026-05-06 16:35:42"}
{"level":"debug","message":"GET /api/v1/admin/giveaway/campaigns?page=1&limit=10","service":"iap-service","timestamp":"2026-05-06 16:35:42"}
{"level":"debug","message":"GET /api/v1/contact/alltickets?limit=1","service":"iap-service","timestamp":"2026-05-06 16:35:42"}
{"level":"debug","message":"GET /api/v1/admin/profile-review/reported?limit=1","service":"iap-service","timestamp":"2026-05-06 16:35:42"}
{"level":"debug","message":"GET /api/v1/admin/account","service":"iap-service","timestamp":"2026-05-06 16:35:42"}
{"level":"debug","message":"GET /api/v1/admin/moderation/pending-verifications?limit=1","service":"iap-service","timestamp":"2026-05-06 16:35:42"}
{"level":"debug","message":"GET /api/v1/admin/dashboard/stats/kpi","service":"iap-service","timestamp":"2026-05-06 16:35:43"}
{"level":"debug","message":"GET /api/v1/admin/users?page=1&limit=10","service":"iap-service","timestamp":"2026-05-06 16:35:43"}
{"level":"debug","message":"GET /api/v1/admin/dashboard/stats/kpi?preset=today","service":"iap-service","timestamp":"2026-05-06 16:35:43"}
{"level":"debug","message":"GET /api/v1/admin/dashboard/stats/kpi","service":"iap-service","timestamp":"2026-05-06 16:35:43"}
{"level":"debug","message":"GET /api/v1/admin/dashboard/stats/kpi?preset=today","service":"iap-service","timestamp":"2026-05-06 16:35:43"}
{"level":"debug","message":"GET /api/v1/admin/users?page=1&limit=10","service":"iap-service","timestamp":"2026-05-06 16:35:43"}
{"level":"debug","message":"GET /api/v1/admin/dashboard/stats/kpi","service":"iap-service","timestamp":"2026-05-06 16:35:43"}
{"level":"debug","message":"GET /api/v1/admin/users?page=1&limit=10","service":"iap-service","timestamp":"2026-05-06 16:35:43"}
{"level":"debug","message":"GET /api/v1/admin/dashboard/stats/kpi","service":"iap-service","timestamp":"2026-05-06 16:35:43"}
{"level":"debug","message":"GET /api/v1/admin/users?page=1&limit=10","service":"iap-service","timestamp":"2026-05-06 16:35:43"}
{"level":"debug","message":"GET /api/v1/admin/giveaway/campaigns?page=1&limit=10","service":"iap-service","timestamp":"2026-05-06 16:37:43"}
{"level":"debug","message":"GET /api/v1/admin/account","service":"iap-service","timestamp":"2026-05-06 16:37:43"}
{"level":"debug","message":"GET /api/v1/admin/profile-review/reported?limit=1","service":"iap-service","timestamp":"2026-05-06 16:37:43"}
{"level":"debug","message":"GET /api/v1/admin/moderation/pending-verifications?limit=1","service":"iap-service","timestamp":"2026-05-06 16:37:43"}
{"level":"debug","message":"GET /api/v1/contact/alltickets?limit=1","service":"iap-service","timestamp":"2026-05-06 16:37:43"}
{"level":"debug","message":"GET /api/v1/admin/giveaway/campaigns?page=1&limit=10","service":"iap-service","timestamp":"2026-05-06 16:37:43"}
{"level":"debug","message":"GET /api/v1/contact/alltickets?limit=1","service":"iap-service","timestamp":"2026-05-06 16:37:43"}
{"level":"debug","message":"GET /api/v1/admin/profile-review/reported?limit=1","service":"iap-service","timestamp":"2026-05-06 16:37:43"}
{"level":"debug","message":"GET /api/v1/admin/account","service":"iap-service","timestamp":"2026-05-06 16:37:43"}
{"level":"debug","message":"GET /api/v1/admin/moderation/pending-verifications?limit=1","service":"iap-service","timestamp":"2026-05-06 16:37:43"}
{"level":"debug","message":"GET /api/v1/admin/dashboard/stats/kpi","service":"iap-service","timestamp":"2026-05-06 16:37:44"}
{"level":"debug","message":"GET /api/v1/admin/users?page=1&limit=10","service":"iap-service","timestamp":"2026-05-06 16:37:44"}
{"level":"debug","message":"GET /api/v1/admin/dashboard/stats/kpi?preset=today","service":"iap-service","timestamp":"2026-05-06 16:37:44"}
{"level":"debug","message":"GET /api/v1/admin/dashboard/stats/kpi","service":"iap-service","timestamp":"2026-05-06 16:37:44"}
{"level":"debug","message":"GET /api/v1/admin/users?page=1&limit=10","service":"iap-service","timestamp":"2026-05-06 16:37:44"}
{"level":"debug","message":"GET /api/v1/admin/dashboard/stats/kpi?preset=today","service":"iap-service","timestamp":"2026-05-06 16:37:44"}
{"level":"debug","message":"GET /api/v1/admin/dashboard/stats/kpi","service":"iap-service","timestamp":"2026-05-06 16:37:44"}
{"level":"debug","message":"GET /api/v1/admin/users?page=1&limit=10","service":"iap-service","timestamp":"2026-05-06 16:37:44"}
{"level":"debug","message":"GET /api/v1/admin/dashboard/stats/kpi","service":"iap-service","timestamp":"2026-05-06 16:37:44"}
{"level":"debug","message":"GET /api/v1/admin/users?page=1&limit=10","service":"iap-service","timestamp":"2026-05-06 16:37:44"}
{"level":"debug","message":"GET /api/v1/admin/users?page=1&limit=10&gender=","service":"iap-service","timestamp":"2026-05-06 16:38:30"}
{"level":"debug","message":"GET /api/v1/admin/users/69f8cf42e4e47ecce9a1a066","service":"iap-service","timestamp":"2026-05-06 16:38:33"}
{"level":"debug","message":"GET /api/v1/admin/users/69f8cf42e4e47ecce9a1a066","service":"iap-service","timestamp":"2026-05-06 16:38:33"}
{"level":"debug","message":"GET /api/v1/admin/users?page=1&limit=10&gender=","service":"iap-service","timestamp":"2026-05-06 16:38:39"}
{"level":"debug","message":"GET /api/v1/admin/users?page=1&limit=10&search=sumit&gender=","service":"iap-service","timestamp":"2026-05-06 16:38:41"}
{"level":"debug","message":"GET /api/v1/admin/users/698f20c11ff3e123d1038296","service":"iap-service","timestamp":"2026-05-06 16:38:43"}
{"level":"debug","message":"GET /api/v1/admin/users/698f20c11ff3e123d1038296","service":"iap-service","timestamp":"2026-05-06 16:38:43"}
{"level":"debug","message":"GET /api/v1/admin/giveaway/campaigns?page=1&limit=10","service":"iap-service","timestamp":"2026-05-06 16:39:42"}
{"level":"debug","message":"GET /api/v1/admin/account","service":"iap-service","timestamp":"2026-05-06 16:39:42"}
{"level":"debug","message":"GET /api/v1/admin/profile-review/reported?limit=1","service":"iap-service","timestamp":"2026-05-06 16:39:42"}
{"level":"debug","message":"GET /api/v1/admin/moderation/pending-verifications?limit=1","service":"iap-service","timestamp":"2026-05-06 16:39:42"}
{"level":"debug","message":"GET /api/v1/contact/alltickets?limit=1","service":"iap-service","timestamp":"2026-05-06 16:39:42"}
{"level":"debug","message":"GET /api/v1/admin/giveaway/campaigns?page=1&limit=10","service":"iap-service","timestamp":"2026-05-06 16:39:42"}
{"level":"debug","message":"GET /api/v1/contact/alltickets?limit=1","service":"iap-service","timestamp":"2026-05-06 16:39:42"}
{"level":"debug","message":"GET /api/v1/admin/profile-review/reported?limit=1","service":"iap-service","timestamp":"2026-05-06 16:39:42"}
{"level":"debug","message":"GET /api/v1/admin/account","service":"iap-service","timestamp":"2026-05-06 16:39:42"}
{"level":"debug","message":"GET /api/v1/admin/moderation/pending-verifications?limit=1","service":"iap-service","timestamp":"2026-05-06 16:39:42"}
{"level":"debug","message":"GET /api/v1/admin/dashboard/stats/kpi","service":"iap-service","timestamp":"2026-05-06 16:39:43"}
{"level":"debug","message":"GET /api/v1/admin/users?page=1&limit=10","service":"iap-service","timestamp":"2026-05-06 16:39:43"}
{"level":"debug","message":"GET /api/v1/admin/dashboard/stats/kpi?preset=today","service":"iap-service","timestamp":"2026-05-06 16:39:43"}
{"level":"debug","message":"GET /api/v1/admin/dashboard/stats/kpi","service":"iap-service","timestamp":"2026-05-06 16:39:43"}
{"level":"debug","message":"GET /api/v1/admin/dashboard/stats/kpi?preset=today","service":"iap-service","timestamp":"2026-05-06 16:39:43"}
{"level":"debug","message":"GET /api/v1/admin/users?page=1&limit=10","service":"iap-service","timestamp":"2026-05-06 16:39:43"}
{"level":"debug","message":"GET /api/v1/admin/dashboard/stats/kpi","service":"iap-service","timestamp":"2026-05-06 16:39:43"}
{"level":"debug","message":"GET /api/v1/admin/users?page=1&limit=10","service":"iap-service","timestamp":"2026-05-06 16:39:43"}
{"level":"debug","message":"GET /api/v1/admin/dashboard/stats/kpi","service":"iap-service","timestamp":"2026-05-06 16:39:43"}
{"level":"debug","message":"GET /api/v1/admin/users?page=1&limit=10","service":"iap-service","timestamp":"2026-05-06 16:39:43"}
{"level":"debug","message":"GET /api/v1/admin/giveaway/campaigns?page=1&limit=10","service":"iap-service","timestamp":"2026-05-06 16:41:42"}
{"level":"debug","message":"GET /api/v1/admin/account","service":"iap-service","timestamp":"2026-05-06 16:41:42"}
{"level":"debug","message":"GET /api/v1/admin/profile-review/reported?limit=1","service":"iap-service","timestamp":"2026-05-06 16:41:42"}
{"level":"debug","message":"GET /api/v1/admin/moderation/pending-verifications?limit=1","service":"iap-service","timestamp":"2026-05-06 16:41:42"}
{"level":"debug","message":"GET /api/v1/contact/alltickets?limit=1","service":"iap-service","timestamp":"2026-05-06 16:41:42"}
{"level":"debug","message":"GET /api/v1/contact/alltickets?limit=1","service":"iap-service","timestamp":"2026-05-06 16:41:42"}
{"level":"debug","message":"GET /api/v1/admin/giveaway/campaigns?page=1&limit=10","service":"iap-service","timestamp":"2026-05-06 16:41:42"}
{"level":"debug","message":"GET /api/v1/admin/profile-review/reported?limit=1","service":"iap-service","timestamp":"2026-05-06 16:41:42"}
{"level":"debug","message":"GET /api/v1/admin/account","service":"iap-service","timestamp":"2026-05-06 16:41:42"}
{"level":"debug","message":"GET /api/v1/admin/moderation/pending-verifications?limit=1","service":"iap-service","timestamp":"2026-05-06 16:41:42"}
{"level":"debug","message":"GET /api/v1/admin/dashboard/stats/kpi","service":"iap-service","timestamp":"2026-05-06 16:41:43"}
{"level":"debug","message":"GET /api/v1/admin/users?page=1&limit=10","service":"iap-service","timestamp":"2026-05-06 16:41:43"}
{"level":"debug","message":"GET /api/v1/admin/dashboard/stats/kpi?preset=today","service":"iap-service","timestamp":"2026-05-06 16:41:43"}
{"level":"debug","message":"GET /api/v1/admin/dashboard/stats/kpi","service":"iap-service","timestamp":"2026-05-06 16:41:43"}
{"level":"debug","message":"GET /api/v1/admin/users?page=1&limit=10","service":"iap-service","timestamp":"2026-05-06 16:41:43"}
{"level":"debug","message":"GET /api/v1/admin/dashboard/stats/kpi?preset=today","service":"iap-service","timestamp":"2026-05-06 16:41:43"}
{"level":"debug","message":"GET /api/v1/admin/dashboard/stats/kpi","service":"iap-service","timestamp":"2026-05-06 16:41:43"}
{"level":"debug","message":"GET /api/v1/admin/users?page=1&limit=10","service":"iap-service","timestamp":"2026-05-06 16:41:43"}
{"level":"debug","message":"GET /api/v1/admin/users?page=1&limit=10","service":"iap-service","timestamp":"2026-05-06 16:41:43"}
{"level":"debug","message":"GET /api/v1/admin/dashboard/stats/kpi","service":"iap-service","timestamp":"2026-05-06 16:41:43"}
{"level":"debug","message":"GET /api/v1/admin/giveaway/campaigns?page=1&limit=10","service":"iap-service","timestamp":"2026-05-06 16:43:42"}
{"level":"debug","message":"GET /api/v1/admin/account","service":"iap-service","timestamp":"2026-05-06 16:43:42"}
{"level":"debug","message":"GET /api/v1/admin/profile-review/reported?limit=1","service":"iap-service","timestamp":"2026-05-06 16:43:42"}
{"level":"debug","message":"GET /api/v1/admin/moderation/pending-verifications?limit=1","service":"iap-service","timestamp":"2026-05-06 16:43:42"}
{"level":"debug","message":"GET /api/v1/contact/alltickets?limit=1","service":"iap-service","timestamp":"2026-05-06 16:43:42"}
{"level":"debug","message":"GET /api/v1/admin/giveaway/campaigns?page=1&limit=10","service":"iap-service","timestamp":"2026-05-06 16:43:42"}
{"level":"debug","message":"GET /api/v1/contact/alltickets?limit=1","service":"iap-service","timestamp":"2026-05-06 16:43:42"}
{"level":"debug","message":"GET /api/v1/admin/profile-review/reported?limit=1","service":"iap-service","timestamp":"2026-05-06 16:43:42"}
{"level":"debug","message":"GET /api/v1/admin/account","service":"iap-service","timestamp":"2026-05-06 16:43:42"}
{"level":"debug","message":"GET /api/v1/admin/moderation/pending-verifications?limit=1","service":"iap-service","timestamp":"2026-05-06 16:43:42"}
{"level":"debug","message":"GET /api/v1/admin/dashboard/stats/kpi","service":"iap-service","timestamp":"2026-05-06 16:43:43"}
{"level":"debug","message":"GET /api/v1/admin/users?page=1&limit=10","service":"iap-service","timestamp":"2026-05-06 16:43:43"}
{"level":"debug","message":"GET /api/v1/admin/dashboard/stats/kpi?preset=today","service":"iap-service","timestamp":"2026-05-06 16:43:43"}
{"level":"debug","message":"GET /api/v1/admin/dashboard/stats/kpi?preset=today","service":"iap-service","timestamp":"2026-05-06 16:43:43"}
{"level":"debug","message":"GET /api/v1/admin/dashboard/stats/kpi","service":"iap-service","timestamp":"2026-05-06 16:43:43"}
{"level":"debug","message":"GET /api/v1/admin/users?page=1&limit=10","service":"iap-service","timestamp":"2026-05-06 16:43:43"}
{"level":"debug","message":"GET /api/v1/admin/dashboard/stats/kpi","service":"iap-service","timestamp":"2026-05-06 16:43:43"}
{"level":"debug","message":"GET /api/v1/admin/users?page=1&limit=10","service":"iap-service","timestamp":"2026-05-06 16:43:43"}
{"level":"debug","message":"GET /api/v1/admin/dashboard/stats/kpi","service":"iap-service","timestamp":"2026-05-06 16:43:43"}
{"level":"debug","message":"GET /api/v1/admin/users?page=1&limit=10","service":"iap-service","timestamp":"2026-05-06 16:43:43"}
{"level":"debug","message":"GET /api/v1/admin/giveaway/campaigns?page=1&limit=10","service":"iap-service","timestamp":"2026-05-06 16:45:42"}
{"level":"debug","message":"GET /api/v1/admin/account","service":"iap-service","timestamp":"2026-05-06 16:45:42"}
{"level":"debug","message":"GET /api/v1/admin/profile-review/reported?limit=1","service":"iap-service","timestamp":"2026-05-06 16:45:42"}
{"level":"debug","message":"GET /api/v1/admin/moderation/pending-verifications?limit=1","service":"iap-service","timestamp":"2026-05-06 16:45:42"}
{"level":"debug","message":"GET /api/v1/contact/alltickets?limit=1","service":"iap-service","timestamp":"2026-05-06 16:45:42"}
{"level":"debug","message":"GET /api/v1/admin/giveaway/campaigns?page=1&limit=10","service":"iap-service","timestamp":"2026-05-06 16:45:42"}
{"level":"debug","message":"GET /api/v1/contact/alltickets?limit=1","service":"iap-service","timestamp":"2026-05-06 16:45:42"}
{"level":"debug","message":"GET /api/v1/admin/profile-review/reported?limit=1","service":"iap-service","timestamp":"2026-05-06 16:45:42"}
{"level":"debug","message":"GET /api/v1/admin/account","service":"iap-service","timestamp":"2026-05-06 16:45:42"}
{"level":"debug","message":"GET /api/v1/admin/moderation/pending-verifications?limit=1","service":"iap-service","timestamp":"2026-05-06 16:45:42"}
{"level":"debug","message":"GET /api/v1/admin/dashboard/stats/kpi","service":"iap-service","timestamp":"2026-05-06 16:45:43"}
{"level":"debug","message":"GET /api/v1/admin/users?page=1&limit=10","service":"iap-service","timestamp":"2026-05-06 16:45:43"}
{"level":"debug","message":"GET /api/v1/admin/dashboard/stats/kpi?preset=today","service":"iap-service","timestamp":"2026-05-06 16:45:43"}
{"level":"debug","message":"GET /api/v1/admin/dashboard/stats/kpi","service":"iap-service","timestamp":"2026-05-06 16:45:43"}
{"level":"debug","message":"GET /api/v1/admin/users?page=1&limit=10","service":"iap-service","timestamp":"2026-05-06 16:45:43"}
{"level":"debug","message":"GET /api/v1/admin/dashboard/stats/kpi?preset=today","service":"iap-service","timestamp":"2026-05-06 16:45:43"}
{"level":"debug","message":"GET /api/v1/admin/dashboard/stats/kpi","service":"iap-service","timestamp":"2026-05-06 16:45:43"}
{"level":"debug","message":"GET /api/v1/admin/users?page=1&limit=10","service":"iap-service","timestamp":"2026-05-06 16:45:43"}
{"level":"debug","message":"GET /api/v1/admin/dashboard/stats/kpi","service":"iap-service","timestamp":"2026-05-06 16:45:44"}
{"level":"debug","message":"GET /api/v1/admin/users?page=1&limit=10","service":"iap-service","timestamp":"2026-05-06 16:45:44"}
{"level":"debug","message":"GET /api/v1/admin/users?page=1&limit=10&gender=","service":"iap-service","timestamp":"2026-05-06 16:46:27"}
{"level":"debug","message":"GET /api/v1/admin/users?page=1&limit=10&search=raj&gender=","service":"iap-service","timestamp":"2026-05-06 16:46:36"}
{"level":"debug","message":"GET /api/v1/admin/users/69be85dc6c136e3dc10e8d10","service":"iap-service","timestamp":"2026-05-06 16:46:38"}
{"level":"debug","message":"GET /api/v1/admin/users/69be85dc6c136e3dc10e8d10","service":"iap-service","timestamp":"2026-05-06 16:46:39"}
{"level":"debug","message":"DELETE /api/v1/admin/users/69be85dc6c136e3dc10e8d10/photos/delete","service":"iap-service","timestamp":"2026-05-06 16:46:49"}
{"level":"debug","message":"GET /api/v1/admin/users/69be85dc6c136e3dc10e8d10","service":"iap-service","timestamp":"2026-05-06 16:46:52"}
{"level":"debug","message":"GET /api/v1/admin/giveaway/campaigns?page=1&limit=10","service":"iap-service","timestamp":"2026-05-06 16:47:42"}
{"level":"debug","message":"GET /api/v1/admin/account","service":"iap-service","timestamp":"2026-05-06 16:47:42"}
{"level":"debug","message":"GET /api/v1/admin/profile-review/reported?limit=1","service":"iap-service","timestamp":"2026-05-06 16:47:42"}
{"level":"debug","message":"GET /api/v1/admin/moderation/pending-verifications?limit=1","service":"iap-service","timestamp":"2026-05-06 16:47:42"}
{"level":"debug","message":"GET /api/v1/contact/alltickets?limit=1","service":"iap-service","timestamp":"2026-05-06 16:47:42"}
{"level":"debug","message":"GET /api/v1/admin/profile-review/reported?limit=1","service":"iap-service","timestamp":"2026-05-06 16:47:42"}
{"level":"debug","message":"GET /api/v1/admin/dashboard/stats/kpi","service":"iap-service","timestamp":"2026-05-06 16:47:42"}
{"level":"debug","message":"GET /api/v1/admin/users?page=1&limit=10","service":"iap-service","timestamp":"2026-05-06 16:47:42"}
{"level":"debug","message":"GET /api/v1/admin/dashboard/stats/kpi?preset=today","service":"iap-service","timestamp":"2026-05-06 16:47:42"}
{"level":"debug","message":"GET /api/v1/admin/moderation/pending-verifications?limit=1","service":"iap-service","timestamp":"2026-05-06 16:47:42"}
{"level":"debug","message":"GET /api/v1/admin/account","service":"iap-service","timestamp":"2026-05-06 16:47:43"}
{"level":"debug","message":"GET /api/v1/contact/alltickets?limit=1","service":"iap-service","timestamp":"2026-05-06 16:47:43"}
{"level":"debug","message":"GET /api/v1/admin/dashboard/stats/kpi","service":"iap-service","timestamp":"2026-05-06 16:47:43"}
{"level":"debug","message":"GET /api/v1/admin/dashboard/stats/kpi?preset=today","service":"iap-service","timestamp":"2026-05-06 16:47:43"}
{"level":"debug","message":"GET /api/v1/admin/users?page=1&limit=10","service":"iap-service","timestamp":"2026-05-06 16:47:43"}
{"level":"debug","message":"GET /api/v1/admin/users?page=1&limit=10","service":"iap-service","timestamp":"2026-05-06 16:47:43"}
{"level":"debug","message":"GET /api/v1/admin/dashboard/stats/kpi","service":"iap-service","timestamp":"2026-05-06 16:47:43"}
{"level":"debug","message":"GET /api/v1/admin/users?page=1&limit=10","service":"iap-service","timestamp":"2026-05-06 16:47:44"}
{"level":"debug","message":"GET /api/v1/admin/dashboard/stats/kpi","service":"iap-service","timestamp":"2026-05-06 16:47:44"}
{"level":"debug","message":"GET /api/v1/admin/giveaway/campaigns?page=1&limit=10","service":"iap-service","timestamp":"2026-05-06 16:47:44"}
{"level":"debug","message":"GET /api/v1/admin/account","service":"iap-service","timestamp":"2026-05-06 16:49:42"}
{"level":"debug","message":"GET /api/v1/admin/giveaway/campaigns?page=1&limit=10","service":"iap-service","timestamp":"2026-05-06 16:49:42"}
{"level":"debug","message":"GET /api/v1/admin/profile-review/reported?limit=1","service":"iap-service","timestamp":"2026-05-06 16:49:42"}
{"level":"debug","message":"GET /api/v1/admin/moderation/pending-verifications?limit=1","service":"iap-service","timestamp":"2026-05-06 16:49:42"}
{"level":"debug","message":"GET /api/v1/contact/alltickets?limit=1","service":"iap-service","timestamp":"2026-05-06 16:49:42"}
{"level":"debug","message":"GET /api/v1/admin/dashboard/stats/kpi","service":"iap-service","timestamp":"2026-05-06 16:49:42"}
{"level":"debug","message":"GET /api/v1/admin/users?page=1&limit=10","service":"iap-service","timestamp":"2026-05-06 16:49:44"}
{"level":"debug","message":"GET /api/v1/admin/dashboard/stats/kpi?preset=today","service":"iap-service","timestamp":"2026-05-06 16:49:44"}
{"level":"debug","message":"GET /api/v1/admin/account","service":"iap-service","timestamp":"2026-05-06 16:49:44"}
{"level":"debug","message":"GET /api/v1/admin/users?page=1&limit=10","service":"iap-service","timestamp":"2026-05-06 16:49:44"}
{"level":"debug","message":"GET /api/v1/admin/giveaway/campaigns?page=1&limit=10","service":"iap-service","timestamp":"2026-05-06 16:49:44"}
{"level":"debug","message":"GET /api/v1/contact/alltickets?limit=1","service":"iap-service","timestamp":"2026-05-06 16:49:44"}
{"level":"debug","message":"GET /api/v1/admin/dashboard/stats/kpi?preset=today","service":"iap-service","timestamp":"2026-05-06 16:49:45"}
{"level":"debug","message":"GET /api/v1/admin/moderation/pending-verifications?limit=1","service":"iap-service","timestamp":"2026-05-06 16:49:45"}
{"level":"debug","message":"GET /api/v1/admin/users?page=1&limit=10","service":"iap-service","timestamp":"2026-05-06 16:49:45"}
{"level":"debug","message":"GET /api/v1/admin/users?page=1&limit=10","service":"iap-service","timestamp":"2026-05-06 16:49:45"}
{"level":"debug","message":"GET /api/v1/admin/profile-review/reported?limit=1","service":"iap-service","timestamp":"2026-05-06 16:49:46"}
{"level":"debug","message":"GET /api/v1/admin/dashboard/stats/kpi","service":"iap-service","timestamp":"2026-05-06 16:49:48"}
{"level":"debug","message":"GET /api/v1/admin/dashboard/stats/kpi","service":"iap-service","timestamp":"2026-05-06 16:49:49"}
{"level":"debug","message":"GET /api/v1/admin/dashboard/stats/kpi","service":"iap-service","timestamp":"2026-05-06 16:49:50"}
{"level":"debug","message":"GET /api/v1/admin/giveaway/campaigns?page=1&limit=10","service":"iap-service","timestamp":"2026-05-06 16:51:42"}
{"level":"debug","message":"GET /api/v1/admin/account","service":"iap-service","timestamp":"2026-05-06 16:51:42"}
{"level":"debug","message":"GET /api/v1/admin/profile-review/reported?limit=1","service":"iap-service","timestamp":"2026-05-06 16:51:42"}
{"level":"debug","message":"GET /api/v1/admin/moderation/pending-verifications?limit=1","service":"iap-service","timestamp":"2026-05-06 16:51:42"}
{"level":"debug","message":"GET /api/v1/contact/alltickets?limit=1","service":"iap-service","timestamp":"2026-05-06 16:51:42"}
{"level":"debug","message":"GET /api/v1/contact/alltickets?limit=1","service":"iap-service","timestamp":"2026-05-06 16:51:42"}
{"level":"debug","message":"GET /api/v1/admin/moderation/pending-verifications?limit=1","service":"iap-service","timestamp":"2026-05-06 16:51:42"}
{"level":"debug","message":"GET /api/v1/admin/dashboard/stats/kpi","service":"iap-service","timestamp":"2026-05-06 16:51:42"}
{"level":"debug","message":"GET /api/v1/admin/users?page=1&limit=10","service":"iap-service","timestamp":"2026-05-06 16:51:42"}
{"level":"debug","message":"GET /api/v1/admin/dashboard/stats/kpi?preset=today","service":"iap-service","timestamp":"2026-05-06 16:51:42"}
{"level":"debug","message":"GET /api/v1/admin/account","service":"iap-service","timestamp":"2026-05-06 16:51:43"}
{"level":"debug","message":"GET /api/v1/admin/users?page=1&limit=10","service":"iap-service","timestamp":"2026-05-06 16:51:43"}
{"level":"debug","message":"GET /api/v1/admin/dashboard/stats/kpi?preset=today","service":"iap-service","timestamp":"2026-05-06 16:51:43"}
{"level":"debug","message":"GET /api/v1/admin/dashboard/stats/kpi","service":"iap-service","timestamp":"2026-05-06 16:51:43"}
{"level":"debug","message":"GET /api/v1/admin/users?page=1&limit=10","service":"iap-service","timestamp":"2026-05-06 16:51:43"}
{"level":"debug","message":"GET /api/v1/admin/dashboard/stats/kpi","service":"iap-service","timestamp":"2026-05-06 16:51:43"}
{"level":"debug","message":"GET /api/v1/admin/giveaway/campaigns?page=1&limit=10","service":"iap-service","timestamp":"2026-05-06 16:51:43"}
{"level":"debug","message":"GET /api/v1/admin/dashboard/stats/kpi","service":"iap-service","timestamp":"2026-05-06 16:51:43"}
{"level":"debug","message":"GET /api/v1/admin/users?page=1&limit=10","service":"iap-service","timestamp":"2026-05-06 16:51:44"}
{"level":"debug","message":"GET /api/v1/admin/profile-review/reported?limit=1","service":"iap-service","timestamp":"2026-05-06 16:51:44"}
{"level":"debug","message":"GET /api/v1/admin/profile-review/reported?page=1&limit=10","service":"iap-service","timestamp":"2026-05-06 16:53:20"}
{"level":"debug","message":"GET /api/v1/admin/profile-review/698f20c11ff3e123d1038296","service":"iap-service","timestamp":"2026-05-06 16:53:28"}
{"level":"debug","message":"GET /api/v1/admin/profile-review/698f20c11ff3e123d1038296","service":"iap-service","timestamp":"2026-05-06 16:53:28"}
{"level":"debug","message":"GET /api/v1/admin/profile-review/reported?page=1&limit=10","service":"iap-service","timestamp":"2026-05-06 16:53:40"}
{"level":"debug","message":"GET /api/v1/admin/giveaway/campaigns?page=1&limit=10","service":"iap-service","timestamp":"2026-05-06 16:53:42"}
{"level":"debug","message":"GET /api/v1/admin/account","service":"iap-service","timestamp":"2026-05-06 16:53:42"}
{"level":"debug","message":"GET /api/v1/admin/profile-review/reported?limit=1","service":"iap-service","timestamp":"2026-05-06 16:53:42"}
{"level":"debug","message":"GET /api/v1/admin/moderation/pending-verifications?limit=1","service":"iap-service","timestamp":"2026-05-06 16:53:42"}
{"level":"debug","message":"GET /api/v1/contact/alltickets?limit=1","service":"iap-service","timestamp":"2026-05-06 16:53:42"}
{"level":"debug","message":"GET /api/v1/admin/subscription/stats?timeFilter=today","service":"iap-service","timestamp":"2026-05-06 16:53:42"}
{"level":"debug","message":"GET /api/v1/admin/account","service":"iap-service","timestamp":"2026-05-06 16:53:42"}
{"level":"debug","message":"GET /api/v1/admin/giveaway/campaigns?page=1&limit=10","service":"iap-service","timestamp":"2026-05-06 16:53:42"}
{"level":"debug","message":"GET /api/v1/admin/dashboard/stats/kpi","service":"iap-service","timestamp":"2026-05-06 16:53:42"}
{"level":"debug","message":"GET /api/v1/admin/users?page=1&limit=10","service":"iap-service","timestamp":"2026-05-06 16:53:42"}
{"level":"debug","message":"GET /api/v1/admin/dashboard/stats/kpi?preset=today","service":"iap-service","timestamp":"2026-05-06 16:53:42"}
{"level":"debug","message":"GET /api/v1/contact/alltickets?limit=1","service":"iap-service","timestamp":"2026-05-06 16:53:42"}
{"level":"debug","message":"GET /api/v1/admin/moderation/pending-verifications?limit=1","service":"iap-service","timestamp":"2026-05-06 16:53:42"}
{"level":"debug","message":"GET /api/v1/admin/profile-review/reported?limit=1","service":"iap-service","timestamp":"2026-05-06 16:53:42"}
{"level":"debug","message":"GET /api/v1/admin/users?page=1&limit=10","service":"iap-service","timestamp":"2026-05-06 16:53:43"}
{"level":"debug","message":"GET /api/v1/admin/subscription/stats?timeFilter=today","service":"iap-service","timestamp":"2026-05-06 16:53:43"}
{"level":"debug","message":"GET /api/v1/admin/dashboard/stats/kpi","service":"iap-service","timestamp":"2026-05-06 16:53:43"}
{"level":"debug","message":"GET /api/v1/admin/dashboard/stats/kpi?preset=today","service":"iap-service","timestamp":"2026-05-06 16:53:43"}
{"level":"debug","message":"GET /api/v1/admin/users?page=1&limit=10","service":"iap-service","timestamp":"2026-05-06 16:53:43"}
{"level":"debug","message":"GET /api/v1/admin/dashboard/stats/kpi","service":"iap-service","timestamp":"2026-05-06 16:53:43"}
{"level":"debug","message":"GET /api/v1/admin/users?page=1&limit=10","service":"iap-service","timestamp":"2026-05-06 16:53:43"}
{"level":"debug","message":"GET /api/v1/admin/dashboard/stats/kpi","service":"iap-service","timestamp":"2026-05-06 16:53:43"}
{"level":"debug","message":"GET /api/v1/admin/giveaway/campaigns?page=1&limit=10","service":"iap-service","timestamp":"2026-05-06 16:55:17"}
{"level":"debug","message":"GET /api/v1/admin/account","service":"iap-service","timestamp":"2026-05-06 16:55:17"}
{"level":"debug","message":"GET /api/v1/admin/profile-review/reported?limit=1","service":"iap-service","timestamp":"2026-05-06 16:55:17"}
{"level":"debug","message":"GET /api/v1/admin/moderation/pending-verifications?limit=1","service":"iap-service","timestamp":"2026-05-06 16:55:17"}
{"level":"debug","message":"GET /api/v1/contact/alltickets?limit=1","service":"iap-service","timestamp":"2026-05-06 16:55:17"}
{"level":"debug","message":"GET /api/v1/admin/profile-review/reported?limit=1","service":"iap-service","timestamp":"2026-05-06 16:55:17"}
{"level":"debug","message":"GET /api/v1/contact/alltickets?limit=1","service":"iap-service","timestamp":"2026-05-06 16:55:17"}
{"level":"debug","message":"GET /api/v1/admin/account","service":"iap-service","timestamp":"2026-05-06 16:55:17"}
{"level":"debug","message":"GET /api/v1/admin/moderation/pending-verifications?limit=1","service":"iap-service","timestamp":"2026-05-06 16:55:17"}
{"level":"debug","message":"GET /api/v1/admin/giveaway/campaigns?page=1&limit=10","service":"iap-service","timestamp":"2026-05-06 16:55:17"}
{"level":"debug","message":"GET /api/v1/admin/subscription/stats?timeFilter=today","service":"iap-service","timestamp":"2026-05-06 16:55:18"}
{"level":"debug","message":"GET /api/v1/admin/subscription/stats?timeFilter=today","service":"iap-service","timestamp":"2026-05-06 16:55:19"}
{"level":"debug","message":"GET /api/v1/admin/giveaway/campaigns?page=1&limit=10","service":"iap-service","timestamp":"2026-05-06 16:55:42"}
{"level":"debug","message":"GET /api/v1/admin/account","service":"iap-service","timestamp":"2026-05-06 16:55:42"}
{"level":"debug","message":"GET /api/v1/admin/profile-review/reported?limit=1","service":"iap-service","timestamp":"2026-05-06 16:55:42"}
{"level":"debug","message":"GET /api/v1/admin/moderation/pending-verifications?limit=1","service":"iap-service","timestamp":"2026-05-06 16:55:42"}
{"level":"debug","message":"GET /api/v1/contact/alltickets?limit=1","service":"iap-service","timestamp":"2026-05-06 16:55:42"}
{"level":"debug","message":"GET /api/v1/contact/alltickets?limit=1","service":"iap-service","timestamp":"2026-05-06 16:55:42"}
{"level":"debug","message":"GET /api/v1/admin/moderation/pending-verifications?limit=1","service":"iap-service","timestamp":"2026-05-06 16:55:43"}
{"level":"debug","message":"GET /api/v1/admin/profile-review/reported?limit=1","service":"iap-service","timestamp":"2026-05-06 16:55:43"}
{"level":"debug","message":"GET /api/v1/admin/giveaway/campaigns?page=1&limit=10","service":"iap-service","timestamp":"2026-05-06 16:55:43"}
{"level":"debug","message":"GET /api/v1/admin/account","service":"iap-service","timestamp":"2026-05-06 16:55:43"}
{"level":"debug","message":"GET /api/v1/admin/dashboard/stats/kpi","service":"iap-service","timestamp":"2026-05-06 16:55:43"}
{"level":"debug","message":"GET /api/v1/admin/users?page=1&limit=10","service":"iap-service","timestamp":"2026-05-06 16:55:43"}
{"level":"debug","message":"GET /api/v1/admin/dashboard/stats/kpi?preset=today","service":"iap-service","timestamp":"2026-05-06 16:55:43"}
{"level":"debug","message":"GET /api/v1/admin/dashboard/stats/kpi","service":"iap-service","timestamp":"2026-05-06 16:55:44"}
{"level":"debug","message":"GET /api/v1/admin/dashboard/stats/kpi","service":"iap-service","timestamp":"2026-05-06 16:55:44"}
{"level":"debug","message":"GET /api/v1/admin/users?page=1&limit=10","service":"iap-service","timestamp":"2026-05-06 16:55:44"}
{"level":"debug","message":"GET /api/v1/admin/dashboard/stats/kpi","service":"iap-service","timestamp":"2026-05-06 16:55:44"}
{"level":"debug","message":"GET /api/v1/admin/users?page=1&limit=10","service":"iap-service","timestamp":"2026-05-06 16:55:44"}
{"level":"debug","message":"GET /api/v1/admin/dashboard/stats/kpi?preset=today","service":"iap-service","timestamp":"2026-05-06 16:55:44"}
{"level":"debug","message":"GET /api/v1/admin/users?page=1&limit=10","service":"iap-service","timestamp":"2026-05-06 16:55:44"}
{"level":"debug","message":"GET /api/v1/admin/giveaway/campaigns?page=1&limit=10","service":"iap-service","timestamp":"2026-05-06 16:56:40"}
{"level":"debug","message":"GET /api/v1/admin/account","service":"iap-service","timestamp":"2026-05-06 16:56:40"}
{"level":"debug","message":"GET /api/v1/admin/profile-review/reported?limit=1","service":"iap-service","timestamp":"2026-05-06 16:56:40"}
{"level":"debug","message":"GET /api/v1/admin/moderation/pending-verifications?limit=1","service":"iap-service","timestamp":"2026-05-06 16:56:40"}
{"level":"debug","message":"GET /api/v1/contact/alltickets?limit=1","service":"iap-service","timestamp":"2026-05-06 16:56:40"}
{"level":"debug","message":"GET /api/v1/contact/alltickets?limit=1","service":"iap-service","timestamp":"2026-05-06 16:56:40"}
{"level":"debug","message":"GET /api/v1/admin/moderation/pending-verifications?limit=1","service":"iap-service","timestamp":"2026-05-06 16:56:40"}
{"level":"debug","message":"GET /api/v1/admin/profile-review/reported?limit=1","service":"iap-service","timestamp":"2026-05-06 16:56:40"}
{"level":"debug","message":"GET /api/v1/admin/subscription/stats?timeFilter=today","service":"iap-service","timestamp":"2026-05-06 16:56:40"}
{"level":"debug","message":"GET /api/v1/admin/giveaway/campaigns?page=1&limit=10","service":"iap-service","timestamp":"2026-05-06 16:56:40"}
{"level":"debug","message":"GET /api/v1/admin/account","service":"iap-service","timestamp":"2026-05-06 16:56:40"}
{"level":"debug","message":"GET /api/v1/admin/subscription/stats?timeFilter=today","service":"iap-service","timestamp":"2026-05-06 16:56:41"}
{"level":"debug","message":"GET /api/v1/admin/giveaway/campaigns?page=1&limit=10","service":"iap-service","timestamp":"2026-05-06 16:57:42"}
{"level":"debug","message":"GET /api/v1/admin/account","service":"iap-service","timestamp":"2026-05-06 16:57:42"}
{"level":"debug","message":"GET /api/v1/admin/profile-review/reported?limit=1","service":"iap-service","timestamp":"2026-05-06 16:57:42"}
{"level":"debug","message":"GET /api/v1/admin/moderation/pending-verifications?limit=1","service":"iap-service","timestamp":"2026-05-06 16:57:42"}
{"level":"debug","message":"GET /api/v1/contact/alltickets?limit=1","service":"iap-service","timestamp":"2026-05-06 16:57:42"}
{"level":"debug","message":"GET /api/v1/admin/moderation/pending-verifications?limit=1","service":"iap-service","timestamp":"2026-05-06 16:57:42"}
{"level":"debug","message":"GET /api/v1/contact/alltickets?limit=1","service":"iap-service","timestamp":"2026-05-06 16:57:42"}
{"level":"debug","message":"GET /api/v1/admin/profile-review/reported?limit=1","service":"iap-service","timestamp":"2026-05-06 16:57:42"}
{"level":"debug","message":"GET /api/v1/admin/account","service":"iap-service","timestamp":"2026-05-06 16:57:42"}
{"level":"debug","message":"GET /api/v1/admin/giveaway/campaigns?page=1&limit=10","service":"iap-service","timestamp":"2026-05-06 16:57:42"}
{"level":"debug","message":"GET /api/v1/admin/dashboard/stats/kpi","service":"iap-service","timestamp":"2026-05-06 16:57:42"}
{"level":"debug","message":"GET /api/v1/admin/users?page=1&limit=10","service":"iap-service","timestamp":"2026-05-06 16:57:42"}
{"level":"debug","message":"GET /api/v1/admin/dashboard/stats/kpi?preset=today","service":"iap-service","timestamp":"2026-05-06 16:57:43"}
{"level":"debug","message":"GET /api/v1/admin/dashboard/stats/kpi?preset=today","service":"iap-service","timestamp":"2026-05-06 16:57:43"}
{"level":"debug","message":"GET /api/v1/admin/dashboard/stats/kpi","service":"iap-service","timestamp":"2026-05-06 16:57:43"}
{"level":"debug","message":"GET /api/v1/admin/users?page=1&limit=10","service":"iap-service","timestamp":"2026-05-06 16:57:43"}
{"level":"debug","message":"GET /api/v1/admin/dashboard/stats/kpi","service":"iap-service","timestamp":"2026-05-06 16:57:43"}
{"level":"debug","message":"GET /api/v1/admin/users?page=1&limit=10","service":"iap-service","timestamp":"2026-05-06 16:57:43"}
{"level":"debug","message":"GET /api/v1/admin/users?page=1&limit=10","service":"iap-service","timestamp":"2026-05-06 16:57:43"}
{"level":"debug","message":"GET /api/v1/admin/dashboard/stats/kpi","service":"iap-service","timestamp":"2026-05-06 16:57:43"}
{"level":"debug","message":"GET /api/v1/admin/giveaway/campaigns?page=1&limit=10","service":"iap-service","timestamp":"2026-05-06 16:59:43"}
{"level":"debug","message":"GET /api/v1/admin/account","service":"iap-service","timestamp":"2026-05-06 16:59:43"}
{"level":"debug","message":"GET /api/v1/admin/profile-review/reported?limit=1","service":"iap-service","timestamp":"2026-05-06 16:59:43"}
{"level":"debug","message":"GET /api/v1/admin/moderation/pending-verifications?limit=1","service":"iap-service","timestamp":"2026-05-06 16:59:43"}
{"level":"debug","message":"GET /api/v1/contact/alltickets?limit=1","service":"iap-service","timestamp":"2026-05-06 16:59:43"}
{"level":"debug","message":"GET /api/v1/contact/alltickets?limit=1","service":"iap-service","timestamp":"2026-05-06 16:59:43"}
{"level":"debug","message":"GET /api/v1/admin/profile-review/reported?limit=1","service":"iap-service","timestamp":"2026-05-06 16:59:43"}
{"level":"debug","message":"GET /api/v1/admin/moderation/pending-verifications?limit=1","service":"iap-service","timestamp":"2026-05-06 16:59:43"}
{"level":"debug","message":"GET /api/v1/admin/account","service":"iap-service","timestamp":"2026-05-06 16:59:43"}
{"level":"debug","message":"GET /api/v1/admin/dashboard/stats/kpi","service":"iap-service","timestamp":"2026-05-06 16:59:43"}
{"level":"debug","message":"GET /api/v1/admin/users?page=1&limit=10","service":"iap-service","timestamp":"2026-05-06 16:59:43"}
{"level":"debug","message":"GET /api/v1/admin/dashboard/stats/kpi?preset=today","service":"iap-service","timestamp":"2026-05-06 16:59:43"}
{"level":"debug","message":"GET /api/v1/admin/users?page=1&limit=10","service":"iap-service","timestamp":"2026-05-06 16:59:43"}
{"level":"debug","message":"GET /api/v1/admin/dashboard/stats/kpi","service":"iap-service","timestamp":"2026-05-06 16:59:44"}
{"level":"debug","message":"GET /api/v1/admin/dashboard/stats/kpi?preset=today","service":"iap-service","timestamp":"2026-05-06 16:59:44"}
{"level":"debug","message":"GET /api/v1/admin/dashboard/stats/kpi","service":"iap-service","timestamp":"2026-05-06 16:59:44"}
{"level":"debug","message":"GET /api/v1/admin/dashboard/stats/kpi","service":"iap-service","timestamp":"2026-05-06 16:59:44"}
{"level":"debug","message":"GET /api/v1/admin/giveaway/campaigns?page=1&limit=10","service":"iap-service","timestamp":"2026-05-06 16:59:44"}
{"level":"debug","message":"GET /api/v1/admin/users?page=1&limit=10","service":"iap-service","timestamp":"2026-05-06 16:59:44"}
{"level":"debug","message":"GET /api/v1/admin/users?page=1&limit=10","service":"iap-service","timestamp":"2026-05-06 16:59:44"}
